arch,archx,pnr,percent_error,archx_norm,syn_norm
8x3,0.04606464510000001,0.081481923,-43.46642371216495,0.5653357628783504,1.0
16x4,0.12283905360000003,0.22044296955,-44.2762661695418,1.507562034342268,2.7054217847804107
32x5,0.307097634,0.557256724075,-44.89117479744069,3.768905085855669,6.839022737288614
64x6,0.7370343216000002,1.3577406170000001,-45.71611746958587,9.045372206053607,16.663090008320008
