arch,archx
4x4,0.00064
8x8,0.00128
16x16,0.00256
32x32,0.00512
