arch,throughput 409599.99999999994,baseline_throughput 409,throughput_percent_dif
64x64x32,409599.99999999994,409,100046.69926650365
