arch,bitwidth,area jj,baseline area jj,area_percent_dif
256,4,105028.0,138052.0,-23.921420913858547
256,6,110532.0,138052.0,-19.934517428215457
256,8,116036.0,138052.0,-15.947613942572364
256,10,121540.0,138052.0,-11.960710456929274
256,12,127044.0,138052.0,-7.973806971286182
256,14,132548.0,138052.0,-3.986903485643091
256,16,138052.0,138052.0,0.0
