arch,bitwidth,throughput GOPs,baseline_throughput GOPs,throughput_percent_dif
256,4,199.99999999999997,14.0,1328.5714285714282
256,6,33.33333333333333,4.3,675.1937984496122
256,8,6.249999999999999,0.85,635.2941176470588
256,10,1.25,0.18,594.4444444444445
256,12,0.26041666666666663,0.04,551.0416666666665
256,14,0.055803571428571425,0.008,597.5446428571428
256,16,0.012207031249999998,0.0018,578.1684027777777
