arch,bitwidth,area jj,baseline area jj,area_percent_dif
32,4,13188.0,17316.0,-23.839223839223838
32,6,13876.0,17316.0,-19.866019866019865
32,8,14564.0,17316.0,-15.892815892815893
32,10,15252.0,17316.0,-11.919611919611919
32,12,15940.0,17316.0,-7.9464079464079465
32,14,16628.0,17316.0,-3.9732039732039732
32,16,17316.0,17316.0,0.0
