config_id,arch_config,arch_path,workload_name,work_config,work_path,event_path,metric_path,run_path,checkpoint_path
0,0,/home/gensis2/research/archx/chiplet4ai/llama/description/architecture/config_0.architecture.yaml,llama_3_8b,0,/home/gensis2/research/archx/chiplet4ai/llama/description/workload/llama_3_8b/config_0.workload.yaml,/home/gensis2/research/archx/chiplet4ai/llama/description/event/event.yaml,/home/gensis2/research/archx/chiplet4ai/llama/description/metric/metric.yaml,/home/gensis2/research/archx/chiplet4ai/llama/description/runs/llama_3_8b/arch_0/config_0,/home/gensis2/research/archx/chiplet4ai/llama/description/runs/llama_3_8b/arch_0/config_0/checkpoint.json
1,0,/home/gensis2/research/archx/chiplet4ai/llama/description/architecture/config_0.architecture.yaml,llama_3_70b,1,/home/gensis2/research/archx/chiplet4ai/llama/description/workload/llama_3_70b/config_1.workload.yaml,/home/gensis2/research/archx/chiplet4ai/llama/description/event/event.yaml,/home/gensis2/research/archx/chiplet4ai/llama/description/metric/metric.yaml,/home/gensis2/research/archx/chiplet4ai/llama/description/runs/llama_3_70b/arch_0/config_1,/home/gensis2/research/archx/chiplet4ai/llama/description/runs/llama_3_70b/arch_0/config_1/checkpoint.json
2,1,/home/gensis2/research/archx/chiplet4ai/llama/description/architecture/config_1.architecture.yaml,llama_3_8b,0,/home/gensis2/research/archx/chiplet4ai/llama/description/workload/llama_3_8b/config_0.workload.yaml,/home/gensis2/research/archx/chiplet4ai/llama/description/event/event.yaml,/home/gensis2/research/archx/chiplet4ai/llama/description/metric/metric.yaml,/home/gensis2/research/archx/chiplet4ai/llama/description/runs/llama_3_8b/arch_1/config_0,/home/gensis2/research/archx/chiplet4ai/llama/description/runs/llama_3_8b/arch_1/config_0/checkpoint.json
3,1,/home/gensis2/research/archx/chiplet4ai/llama/description/architecture/config_1.architecture.yaml,llama_3_70b,1,/home/gensis2/research/archx/chiplet4ai/llama/description/workload/llama_3_70b/config_1.workload.yaml,/home/gensis2/research/archx/chiplet4ai/llama/description/event/event.yaml,/home/gensis2/research/archx/chiplet4ai/llama/description/metric/metric.yaml,/home/gensis2/research/archx/chiplet4ai/llama/description/runs/llama_3_70b/arch_1/config_1,/home/gensis2/research/archx/chiplet4ai/llama/description/runs/llama_3_70b/arch_1/config_1/checkpoint.json
4,2,/home/gensis2/research/archx/chiplet4ai/llama/description/architecture/config_2.architecture.yaml,llama_3_8b,0,/home/gensis2/research/archx/chiplet4ai/llama/description/workload/llama_3_8b/config_0.workload.yaml,/home/gensis2/research/archx/chiplet4ai/llama/description/event/event.yaml,/home/gensis2/research/archx/chiplet4ai/llama/description/metric/metric.yaml,/home/gensis2/research/archx/chiplet4ai/llama/description/runs/llama_3_8b/arch_2/config_0,/home/gensis2/research/archx/chiplet4ai/llama/description/runs/llama_3_8b/arch_2/config_0/checkpoint.json
5,2,/home/gensis2/research/archx/chiplet4ai/llama/description/architecture/config_2.architecture.yaml,llama_3_70b,1,/home/gensis2/research/archx/chiplet4ai/llama/description/workload/llama_3_70b/config_1.workload.yaml,/home/gensis2/research/archx/chiplet4ai/llama/description/event/event.yaml,/home/gensis2/research/archx/chiplet4ai/llama/description/metric/metric.yaml,/home/gensis2/research/archx/chiplet4ai/llama/description/runs/llama_3_70b/arch_2/config_1,/home/gensis2/research/archx/chiplet4ai/llama/description/runs/llama_3_70b/arch_2/config_1/checkpoint.json
6,3,/home/gensis2/research/archx/chiplet4ai/llama/description/architecture/config_3.architecture.yaml,llama_3_8b,0,/home/gensis2/research/archx/chiplet4ai/llama/description/workload/llama_3_8b/config_0.workload.yaml,/home/gensis2/research/archx/chiplet4ai/llama/description/event/event.yaml,/home/gensis2/research/archx/chiplet4ai/llama/description/metric/metric.yaml,/home/gensis2/research/archx/chiplet4ai/llama/description/runs/llama_3_8b/arch_3/config_0,/home/gensis2/research/archx/chiplet4ai/llama/description/runs/llama_3_8b/arch_3/config_0/checkpoint.json
7,3,/home/gensis2/research/archx/chiplet4ai/llama/description/architecture/config_3.architecture.yaml,llama_3_70b,1,/home/gensis2/research/archx/chiplet4ai/llama/description/workload/llama_3_70b/config_1.workload.yaml,/home/gensis2/research/archx/chiplet4ai/llama/description/event/event.yaml,/home/gensis2/research/archx/chiplet4ai/llama/description/metric/metric.yaml,/home/gensis2/research/archx/chiplet4ai/llama/description/runs/llama_3_70b/arch_3/config_1,/home/gensis2/research/archx/chiplet4ai/llama/description/runs/llama_3_70b/arch_3/config_1/checkpoint.json
8,4,/home/gensis2/research/archx/chiplet4ai/llama/description/architecture/config_4.architecture.yaml,llama_3_8b,0,/home/gensis2/research/archx/chiplet4ai/llama/description/workload/llama_3_8b/config_0.workload.yaml,/home/gensis2/research/archx/chiplet4ai/llama/description/event/event.yaml,/home/gensis2/research/archx/chiplet4ai/llama/description/metric/metric.yaml,/home/gensis2/research/archx/chiplet4ai/llama/description/runs/llama_3_8b/arch_4/config_0,/home/gensis2/research/archx/chiplet4ai/llama/description/runs/llama_3_8b/arch_4/config_0/checkpoint.json
9,4,/home/gensis2/research/archx/chiplet4ai/llama/description/architecture/config_4.architecture.yaml,llama_3_70b,1,/home/gensis2/research/archx/chiplet4ai/llama/description/workload/llama_3_70b/config_1.workload.yaml,/home/gensis2/research/archx/chiplet4ai/llama/description/event/event.yaml,/home/gensis2/research/archx/chiplet4ai/llama/description/metric/metric.yaml,/home/gensis2/research/archx/chiplet4ai/llama/description/runs/llama_3_70b/arch_4/config_1,/home/gensis2/research/archx/chiplet4ai/llama/description/runs/llama_3_70b/arch_4/config_1/checkpoint.json
10,5,/home/gensis2/research/archx/chiplet4ai/llama/description/architecture/config_5.architecture.yaml,llama_3_8b,0,/home/gensis2/research/archx/chiplet4ai/llama/description/workload/llama_3_8b/config_0.workload.yaml,/home/gensis2/research/archx/chiplet4ai/llama/description/event/event.yaml,/home/gensis2/research/archx/chiplet4ai/llama/description/metric/metric.yaml,/home/gensis2/research/archx/chiplet4ai/llama/description/runs/llama_3_8b/arch_5/config_0,/home/gensis2/research/archx/chiplet4ai/llama/description/runs/llama_3_8b/arch_5/config_0/checkpoint.json
11,5,/home/gensis2/research/archx/chiplet4ai/llama/description/architecture/config_5.architecture.yaml,llama_3_70b,1,/home/gensis2/research/archx/chiplet4ai/llama/description/workload/llama_3_70b/config_1.workload.yaml,/home/gensis2/research/archx/chiplet4ai/llama/description/event/event.yaml,/home/gensis2/research/archx/chiplet4ai/llama/description/metric/metric.yaml,/home/gensis2/research/archx/chiplet4ai/llama/description/runs/llama_3_70b/arch_5/config_1,/home/gensis2/research/archx/chiplet4ai/llama/description/runs/llama_3_70b/arch_5/config_1/checkpoint.json
12,6,/home/gensis2/research/archx/chiplet4ai/llama/description/architecture/config_6.architecture.yaml,llama_3_8b,0,/home/gensis2/research/archx/chiplet4ai/llama/description/workload/llama_3_8b/config_0.workload.yaml,/home/gensis2/research/archx/chiplet4ai/llama/description/event/event.yaml,/home/gensis2/research/archx/chiplet4ai/llama/description/metric/metric.yaml,/home/gensis2/research/archx/chiplet4ai/llama/description/runs/llama_3_8b/arch_6/config_0,/home/gensis2/research/archx/chiplet4ai/llama/description/runs/llama_3_8b/arch_6/config_0/checkpoint.json
13,6,/home/gensis2/research/archx/chiplet4ai/llama/description/architecture/config_6.architecture.yaml,llama_3_70b,1,/home/gensis2/research/archx/chiplet4ai/llama/description/workload/llama_3_70b/config_1.workload.yaml,/home/gensis2/research/archx/chiplet4ai/llama/description/event/event.yaml,/home/gensis2/research/archx/chiplet4ai/llama/description/metric/metric.yaml,/home/gensis2/research/archx/chiplet4ai/llama/description/runs/llama_3_70b/arch_6/config_1,/home/gensis2/research/archx/chiplet4ai/llama/description/runs/llama_3_70b/arch_6/config_1/checkpoint.json
14,7,/home/gensis2/research/archx/chiplet4ai/llama/description/architecture/config_7.architecture.yaml,llama_3_8b,0,/home/gensis2/research/archx/chiplet4ai/llama/description/workload/llama_3_8b/config_0.workload.yaml,/home/gensis2/research/archx/chiplet4ai/llama/description/event/event.yaml,/home/gensis2/research/archx/chiplet4ai/llama/description/metric/metric.yaml,/home/gensis2/research/archx/chiplet4ai/llama/description/runs/llama_3_8b/arch_7/config_0,/home/gensis2/research/archx/chiplet4ai/llama/description/runs/llama_3_8b/arch_7/config_0/checkpoint.json
15,7,/home/gensis2/research/archx/chiplet4ai/llama/description/architecture/config_7.architecture.yaml,llama_3_70b,1,/home/gensis2/research/archx/chiplet4ai/llama/description/workload/llama_3_70b/config_1.workload.yaml,/home/gensis2/research/archx/chiplet4ai/llama/description/event/event.yaml,/home/gensis2/research/archx/chiplet4ai/llama/description/metric/metric.yaml,/home/gensis2/research/archx/chiplet4ai/llama/description/runs/llama_3_70b/arch_7/config_1,/home/gensis2/research/archx/chiplet4ai/llama/description/runs/llama_3_70b/arch_7/config_1/checkpoint.json
16,8,/home/gensis2/research/archx/chiplet4ai/llama/description/architecture/config_8.architecture.yaml,llama_3_8b,0,/home/gensis2/research/archx/chiplet4ai/llama/description/workload/llama_3_8b/config_0.workload.yaml,/home/gensis2/research/archx/chiplet4ai/llama/description/event/event.yaml,/home/gensis2/research/archx/chiplet4ai/llama/description/metric/metric.yaml,/home/gensis2/research/archx/chiplet4ai/llama/description/runs/llama_3_8b/arch_8/config_0,/home/gensis2/research/archx/chiplet4ai/llama/description/runs/llama_3_8b/arch_8/config_0/checkpoint.json
17,8,/home/gensis2/research/archx/chiplet4ai/llama/description/architecture/config_8.architecture.yaml,llama_3_70b,1,/home/gensis2/research/archx/chiplet4ai/llama/description/workload/llama_3_70b/config_1.workload.yaml,/home/gensis2/research/archx/chiplet4ai/llama/description/event/event.yaml,/home/gensis2/research/archx/chiplet4ai/llama/description/metric/metric.yaml,/home/gensis2/research/archx/chiplet4ai/llama/description/runs/llama_3_70b/arch_8/config_1,/home/gensis2/research/archx/chiplet4ai/llama/description/runs/llama_3_70b/arch_8/config_1/checkpoint.json
18,9,/home/gensis2/research/archx/chiplet4ai/llama/description/architecture/config_9.architecture.yaml,llama_3_8b,0,/home/gensis2/research/archx/chiplet4ai/llama/description/workload/llama_3_8b/config_0.workload.yaml,/home/gensis2/research/archx/chiplet4ai/llama/description/event/event.yaml,/home/gensis2/research/archx/chiplet4ai/llama/description/metric/metric.yaml,/home/gensis2/research/archx/chiplet4ai/llama/description/runs/llama_3_8b/arch_9/config_0,/home/gensis2/research/archx/chiplet4ai/llama/description/runs/llama_3_8b/arch_9/config_0/checkpoint.json
19,9,/home/gensis2/research/archx/chiplet4ai/llama/description/architecture/config_9.architecture.yaml,llama_3_70b,1,/home/gensis2/research/archx/chiplet4ai/llama/description/workload/llama_3_70b/config_1.workload.yaml,/home/gensis2/research/archx/chiplet4ai/llama/description/event/event.yaml,/home/gensis2/research/archx/chiplet4ai/llama/description/metric/metric.yaml,/home/gensis2/research/archx/chiplet4ai/llama/description/runs/llama_3_70b/arch_9/config_1,/home/gensis2/research/archx/chiplet4ai/llama/description/runs/llama_3_70b/arch_9/config_1/checkpoint.json
20,10,/home/gensis2/research/archx/chiplet4ai/llama/description/architecture/config_10.architecture.yaml,llama_3_8b,0,/home/gensis2/research/archx/chiplet4ai/llama/description/workload/llama_3_8b/config_0.workload.yaml,/home/gensis2/research/archx/chiplet4ai/llama/description/event/event.yaml,/home/gensis2/research/archx/chiplet4ai/llama/description/metric/metric.yaml,/home/gensis2/research/archx/chiplet4ai/llama/description/runs/llama_3_8b/arch_10/config_0,/home/gensis2/research/archx/chiplet4ai/llama/description/runs/llama_3_8b/arch_10/config_0/checkpoint.json
21,10,/home/gensis2/research/archx/chiplet4ai/llama/description/architecture/config_10.architecture.yaml,llama_3_70b,1,/home/gensis2/research/archx/chiplet4ai/llama/description/workload/llama_3_70b/config_1.workload.yaml,/home/gensis2/research/archx/chiplet4ai/llama/description/event/event.yaml,/home/gensis2/research/archx/chiplet4ai/llama/description/metric/metric.yaml,/home/gensis2/research/archx/chiplet4ai/llama/description/runs/llama_3_70b/arch_10/config_1,/home/gensis2/research/archx/chiplet4ai/llama/description/runs/llama_3_70b/arch_10/config_1/checkpoint.json
22,11,/home/gensis2/research/archx/chiplet4ai/llama/description/architecture/config_11.architecture.yaml,llama_3_8b,0,/home/gensis2/research/archx/chiplet4ai/llama/description/workload/llama_3_8b/config_0.workload.yaml,/home/gensis2/research/archx/chiplet4ai/llama/description/event/event.yaml,/home/gensis2/research/archx/chiplet4ai/llama/description/metric/metric.yaml,/home/gensis2/research/archx/chiplet4ai/llama/description/runs/llama_3_8b/arch_11/config_0,/home/gensis2/research/archx/chiplet4ai/llama/description/runs/llama_3_8b/arch_11/config_0/checkpoint.json
23,11,/home/gensis2/research/archx/chiplet4ai/llama/description/architecture/config_11.architecture.yaml,llama_3_70b,1,/home/gensis2/research/archx/chiplet4ai/llama/description/workload/llama_3_70b/config_1.workload.yaml,/home/gensis2/research/archx/chiplet4ai/llama/description/event/event.yaml,/home/gensis2/research/archx/chiplet4ai/llama/description/metric/metric.yaml,/home/gensis2/research/archx/chiplet4ai/llama/description/runs/llama_3_70b/arch_11/config_1,/home/gensis2/research/archx/chiplet4ai/llama/description/runs/llama_3_70b/arch_11/config_1/checkpoint.json
24,12,/home/gensis2/research/archx/chiplet4ai/llama/description/architecture/config_12.architecture.yaml,llama_3_8b,0,/home/gensis2/research/archx/chiplet4ai/llama/description/workload/llama_3_8b/config_0.workload.yaml,/home/gensis2/research/archx/chiplet4ai/llama/description/event/event.yaml,/home/gensis2/research/archx/chiplet4ai/llama/description/metric/metric.yaml,/home/gensis2/research/archx/chiplet4ai/llama/description/runs/llama_3_8b/arch_12/config_0,/home/gensis2/research/archx/chiplet4ai/llama/description/runs/llama_3_8b/arch_12/config_0/checkpoint.json
25,12,/home/gensis2/research/archx/chiplet4ai/llama/description/architecture/config_12.architecture.yaml,llama_3_70b,1,/home/gensis2/research/archx/chiplet4ai/llama/description/workload/llama_3_70b/config_1.workload.yaml,/home/gensis2/research/archx/chiplet4ai/llama/description/event/event.yaml,/home/gensis2/research/archx/chiplet4ai/llama/description/metric/metric.yaml,/home/gensis2/research/archx/chiplet4ai/llama/description/runs/llama_3_70b/arch_12/config_1,/home/gensis2/research/archx/chiplet4ai/llama/description/runs/llama_3_70b/arch_12/config_1/checkpoint.json
26,13,/home/gensis2/research/archx/chiplet4ai/llama/description/architecture/config_13.architecture.yaml,llama_3_8b,0,/home/gensis2/research/archx/chiplet4ai/llama/description/workload/llama_3_8b/config_0.workload.yaml,/home/gensis2/research/archx/chiplet4ai/llama/description/event/event.yaml,/home/gensis2/research/archx/chiplet4ai/llama/description/metric/metric.yaml,/home/gensis2/research/archx/chiplet4ai/llama/description/runs/llama_3_8b/arch_13/config_0,/home/gensis2/research/archx/chiplet4ai/llama/description/runs/llama_3_8b/arch_13/config_0/checkpoint.json
27,13,/home/gensis2/research/archx/chiplet4ai/llama/description/architecture/config_13.architecture.yaml,llama_3_70b,1,/home/gensis2/research/archx/chiplet4ai/llama/description/workload/llama_3_70b/config_1.workload.yaml,/home/gensis2/research/archx/chiplet4ai/llama/description/event/event.yaml,/home/gensis2/research/archx/chiplet4ai/llama/description/metric/metric.yaml,/home/gensis2/research/archx/chiplet4ai/llama/description/runs/llama_3_70b/arch_13/config_1,/home/gensis2/research/archx/chiplet4ai/llama/description/runs/llama_3_70b/arch_13/config_1/checkpoint.json
28,14,/home/gensis2/research/archx/chiplet4ai/llama/description/architecture/config_14.architecture.yaml,llama_3_8b,0,/home/gensis2/research/archx/chiplet4ai/llama/description/workload/llama_3_8b/config_0.workload.yaml,/home/gensis2/research/archx/chiplet4ai/llama/description/event/event.yaml,/home/gensis2/research/archx/chiplet4ai/llama/description/metric/metric.yaml,/home/gensis2/research/archx/chiplet4ai/llama/description/runs/llama_3_8b/arch_14/config_0,/home/gensis2/research/archx/chiplet4ai/llama/description/runs/llama_3_8b/arch_14/config_0/checkpoint.json
29,14,/home/gensis2/research/archx/chiplet4ai/llama/description/architecture/config_14.architecture.yaml,llama_3_70b,1,/home/gensis2/research/archx/chiplet4ai/llama/description/workload/llama_3_70b/config_1.workload.yaml,/home/gensis2/research/archx/chiplet4ai/llama/description/event/event.yaml,/home/gensis2/research/archx/chiplet4ai/llama/description/metric/metric.yaml,/home/gensis2/research/archx/chiplet4ai/llama/description/runs/llama_3_70b/arch_14/config_1,/home/gensis2/research/archx/chiplet4ai/llama/description/runs/llama_3_70b/arch_14/config_1/checkpoint.json
30,15,/home/gensis2/research/archx/chiplet4ai/llama/description/architecture/config_15.architecture.yaml,llama_3_8b,0,/home/gensis2/research/archx/chiplet4ai/llama/description/workload/llama_3_8b/config_0.workload.yaml,/home/gensis2/research/archx/chiplet4ai/llama/description/event/event.yaml,/home/gensis2/research/archx/chiplet4ai/llama/description/metric/metric.yaml,/home/gensis2/research/archx/chiplet4ai/llama/description/runs/llama_3_8b/arch_15/config_0,/home/gensis2/research/archx/chiplet4ai/llama/description/runs/llama_3_8b/arch_15/config_0/checkpoint.json
31,15,/home/gensis2/research/archx/chiplet4ai/llama/description/architecture/config_15.architecture.yaml,llama_3_70b,1,/home/gensis2/research/archx/chiplet4ai/llama/description/workload/llama_3_70b/config_1.workload.yaml,/home/gensis2/research/archx/chiplet4ai/llama/description/event/event.yaml,/home/gensis2/research/archx/chiplet4ai/llama/description/metric/metric.yaml,/home/gensis2/research/archx/chiplet4ai/llama/description/runs/llama_3_70b/arch_15/config_1,/home/gensis2/research/archx/chiplet4ai/llama/description/runs/llama_3_70b/arch_15/config_1/checkpoint.json
32,16,/home/gensis2/research/archx/chiplet4ai/llama/description/architecture/config_16.architecture.yaml,llama_3_8b,0,/home/gensis2/research/archx/chiplet4ai/llama/description/workload/llama_3_8b/config_0.workload.yaml,/home/gensis2/research/archx/chiplet4ai/llama/description/event/event.yaml,/home/gensis2/research/archx/chiplet4ai/llama/description/metric/metric.yaml,/home/gensis2/research/archx/chiplet4ai/llama/description/runs/llama_3_8b/arch_16/config_0,/home/gensis2/research/archx/chiplet4ai/llama/description/runs/llama_3_8b/arch_16/config_0/checkpoint.json
33,16,/home/gensis2/research/archx/chiplet4ai/llama/description/architecture/config_16.architecture.yaml,llama_3_70b,1,/home/gensis2/research/archx/chiplet4ai/llama/description/workload/llama_3_70b/config_1.workload.yaml,/home/gensis2/research/archx/chiplet4ai/llama/description/event/event.yaml,/home/gensis2/research/archx/chiplet4ai/llama/description/metric/metric.yaml,/home/gensis2/research/archx/chiplet4ai/llama/description/runs/llama_3_70b/arch_16/config_1,/home/gensis2/research/archx/chiplet4ai/llama/description/runs/llama_3_70b/arch_16/config_1/checkpoint.json
34,17,/home/gensis2/research/archx/chiplet4ai/llama/description/architecture/config_17.architecture.yaml,llama_3_8b,0,/home/gensis2/research/archx/chiplet4ai/llama/description/workload/llama_3_8b/config_0.workload.yaml,/home/gensis2/research/archx/chiplet4ai/llama/description/event/event.yaml,/home/gensis2/research/archx/chiplet4ai/llama/description/metric/metric.yaml,/home/gensis2/research/archx/chiplet4ai/llama/description/runs/llama_3_8b/arch_17/config_0,/home/gensis2/research/archx/chiplet4ai/llama/description/runs/llama_3_8b/arch_17/config_0/checkpoint.json
35,17,/home/gensis2/research/archx/chiplet4ai/llama/description/architecture/config_17.architecture.yaml,llama_3_70b,1,/home/gensis2/research/archx/chiplet4ai/llama/description/workload/llama_3_70b/config_1.workload.yaml,/home/gensis2/research/archx/chiplet4ai/llama/description/event/event.yaml,/home/gensis2/research/archx/chiplet4ai/llama/description/metric/metric.yaml,/home/gensis2/research/archx/chiplet4ai/llama/description/runs/llama_3_70b/arch_17/config_1,/home/gensis2/research/archx/chiplet4ai/llama/description/runs/llama_3_70b/arch_17/config_1/checkpoint.json
36,18,/home/gensis2/research/archx/chiplet4ai/llama/description/architecture/config_18.architecture.yaml,llama_3_8b,0,/home/gensis2/research/archx/chiplet4ai/llama/description/workload/llama_3_8b/config_0.workload.yaml,/home/gensis2/research/archx/chiplet4ai/llama/description/event/event.yaml,/home/gensis2/research/archx/chiplet4ai/llama/description/metric/metric.yaml,/home/gensis2/research/archx/chiplet4ai/llama/description/runs/llama_3_8b/arch_18/config_0,/home/gensis2/research/archx/chiplet4ai/llama/description/runs/llama_3_8b/arch_18/config_0/checkpoint.json
37,18,/home/gensis2/research/archx/chiplet4ai/llama/description/architecture/config_18.architecture.yaml,llama_3_70b,1,/home/gensis2/research/archx/chiplet4ai/llama/description/workload/llama_3_70b/config_1.workload.yaml,/home/gensis2/research/archx/chiplet4ai/llama/description/event/event.yaml,/home/gensis2/research/archx/chiplet4ai/llama/description/metric/metric.yaml,/home/gensis2/research/archx/chiplet4ai/llama/description/runs/llama_3_70b/arch_18/config_1,/home/gensis2/research/archx/chiplet4ai/llama/description/runs/llama_3_70b/arch_18/config_1/checkpoint.json
38,19,/home/gensis2/research/archx/chiplet4ai/llama/description/architecture/config_19.architecture.yaml,llama_3_8b,0,/home/gensis2/research/archx/chiplet4ai/llama/description/workload/llama_3_8b/config_0.workload.yaml,/home/gensis2/research/archx/chiplet4ai/llama/description/event/event.yaml,/home/gensis2/research/archx/chiplet4ai/llama/description/metric/metric.yaml,/home/gensis2/research/archx/chiplet4ai/llama/description/runs/llama_3_8b/arch_19/config_0,/home/gensis2/research/archx/chiplet4ai/llama/description/runs/llama_3_8b/arch_19/config_0/checkpoint.json
39,19,/home/gensis2/research/archx/chiplet4ai/llama/description/architecture/config_19.architecture.yaml,llama_3_70b,1,/home/gensis2/research/archx/chiplet4ai/llama/description/workload/llama_3_70b/config_1.workload.yaml,/home/gensis2/research/archx/chiplet4ai/llama/description/event/event.yaml,/home/gensis2/research/archx/chiplet4ai/llama/description/metric/metric.yaml,/home/gensis2/research/archx/chiplet4ai/llama/description/runs/llama_3_70b/arch_19/config_1,/home/gensis2/research/archx/chiplet4ai/llama/description/runs/llama_3_70b/arch_19/config_1/checkpoint.json
40,20,/home/gensis2/research/archx/chiplet4ai/llama/description/architecture/config_20.architecture.yaml,llama_3_8b,0,/home/gensis2/research/archx/chiplet4ai/llama/description/workload/llama_3_8b/config_0.workload.yaml,/home/gensis2/research/archx/chiplet4ai/llama/description/event/event.yaml,/home/gensis2/research/archx/chiplet4ai/llama/description/metric/metric.yaml,/home/gensis2/research/archx/chiplet4ai/llama/description/runs/llama_3_8b/arch_20/config_0,/home/gensis2/research/archx/chiplet4ai/llama/description/runs/llama_3_8b/arch_20/config_0/checkpoint.json
41,20,/home/gensis2/research/archx/chiplet4ai/llama/description/architecture/config_20.architecture.yaml,llama_3_70b,1,/home/gensis2/research/archx/chiplet4ai/llama/description/workload/llama_3_70b/config_1.workload.yaml,/home/gensis2/research/archx/chiplet4ai/llama/description/event/event.yaml,/home/gensis2/research/archx/chiplet4ai/llama/description/metric/metric.yaml,/home/gensis2/research/archx/chiplet4ai/llama/description/runs/llama_3_70b/arch_20/config_1,/home/gensis2/research/archx/chiplet4ai/llama/description/runs/llama_3_70b/arch_20/config_1/checkpoint.json
42,21,/home/gensis2/research/archx/chiplet4ai/llama/description/architecture/config_21.architecture.yaml,llama_3_8b,0,/home/gensis2/research/archx/chiplet4ai/llama/description/workload/llama_3_8b/config_0.workload.yaml,/home/gensis2/research/archx/chiplet4ai/llama/description/event/event.yaml,/home/gensis2/research/archx/chiplet4ai/llama/description/metric/metric.yaml,/home/gensis2/research/archx/chiplet4ai/llama/description/runs/llama_3_8b/arch_21/config_0,/home/gensis2/research/archx/chiplet4ai/llama/description/runs/llama_3_8b/arch_21/config_0/checkpoint.json
43,21,/home/gensis2/research/archx/chiplet4ai/llama/description/architecture/config_21.architecture.yaml,llama_3_70b,1,/home/gensis2/research/archx/chiplet4ai/llama/description/workload/llama_3_70b/config_1.workload.yaml,/home/gensis2/research/archx/chiplet4ai/llama/description/event/event.yaml,/home/gensis2/research/archx/chiplet4ai/llama/description/metric/metric.yaml,/home/gensis2/research/archx/chiplet4ai/llama/description/runs/llama_3_70b/arch_21/config_1,/home/gensis2/research/archx/chiplet4ai/llama/description/runs/llama_3_70b/arch_21/config_1/checkpoint.json
44,22,/home/gensis2/research/archx/chiplet4ai/llama/description/architecture/config_22.architecture.yaml,llama_3_8b,0,/home/gensis2/research/archx/chiplet4ai/llama/description/workload/llama_3_8b/config_0.workload.yaml,/home/gensis2/research/archx/chiplet4ai/llama/description/event/event.yaml,/home/gensis2/research/archx/chiplet4ai/llama/description/metric/metric.yaml,/home/gensis2/research/archx/chiplet4ai/llama/description/runs/llama_3_8b/arch_22/config_0,/home/gensis2/research/archx/chiplet4ai/llama/description/runs/llama_3_8b/arch_22/config_0/checkpoint.json
45,22,/home/gensis2/research/archx/chiplet4ai/llama/description/architecture/config_22.architecture.yaml,llama_3_70b,1,/home/gensis2/research/archx/chiplet4ai/llama/description/workload/llama_3_70b/config_1.workload.yaml,/home/gensis2/research/archx/chiplet4ai/llama/description/event/event.yaml,/home/gensis2/research/archx/chiplet4ai/llama/description/metric/metric.yaml,/home/gensis2/research/archx/chiplet4ai/llama/description/runs/llama_3_70b/arch_22/config_1,/home/gensis2/research/archx/chiplet4ai/llama/description/runs/llama_3_70b/arch_22/config_1/checkpoint.json
46,23,/home/gensis2/research/archx/chiplet4ai/llama/description/architecture/config_23.architecture.yaml,llama_3_8b,0,/home/gensis2/research/archx/chiplet4ai/llama/description/workload/llama_3_8b/config_0.workload.yaml,/home/gensis2/research/archx/chiplet4ai/llama/description/event/event.yaml,/home/gensis2/research/archx/chiplet4ai/llama/description/metric/metric.yaml,/home/gensis2/research/archx/chiplet4ai/llama/description/runs/llama_3_8b/arch_23/config_0,/home/gensis2/research/archx/chiplet4ai/llama/description/runs/llama_3_8b/arch_23/config_0/checkpoint.json
47,23,/home/gensis2/research/archx/chiplet4ai/llama/description/architecture/config_23.architecture.yaml,llama_3_70b,1,/home/gensis2/research/archx/chiplet4ai/llama/description/workload/llama_3_70b/config_1.workload.yaml,/home/gensis2/research/archx/chiplet4ai/llama/description/event/event.yaml,/home/gensis2/research/archx/chiplet4ai/llama/description/metric/metric.yaml,/home/gensis2/research/archx/chiplet4ai/llama/description/runs/llama_3_70b/arch_23/config_1,/home/gensis2/research/archx/chiplet4ai/llama/description/runs/llama_3_70b/arch_23/config_1/checkpoint.json
48,24,/home/gensis2/research/archx/chiplet4ai/llama/description/architecture/config_24.architecture.yaml,llama_3_8b,0,/home/gensis2/research/archx/chiplet4ai/llama/description/workload/llama_3_8b/config_0.workload.yaml,/home/gensis2/research/archx/chiplet4ai/llama/description/event/event.yaml,/home/gensis2/research/archx/chiplet4ai/llama/description/metric/metric.yaml,/home/gensis2/research/archx/chiplet4ai/llama/description/runs/llama_3_8b/arch_24/config_0,/home/gensis2/research/archx/chiplet4ai/llama/description/runs/llama_3_8b/arch_24/config_0/checkpoint.json
49,24,/home/gensis2/research/archx/chiplet4ai/llama/description/architecture/config_24.architecture.yaml,llama_3_70b,1,/home/gensis2/research/archx/chiplet4ai/llama/description/workload/llama_3_70b/config_1.workload.yaml,/home/gensis2/research/archx/chiplet4ai/llama/description/event/event.yaml,/home/gensis2/research/archx/chiplet4ai/llama/description/metric/metric.yaml,/home/gensis2/research/archx/chiplet4ai/llama/description/runs/llama_3_70b/arch_24/config_1,/home/gensis2/research/archx/chiplet4ai/llama/description/runs/llama_3_70b/arch_24/config_1/checkpoint.json
50,25,/home/gensis2/research/archx/chiplet4ai/llama/description/architecture/config_25.architecture.yaml,llama_3_8b,0,/home/gensis2/research/archx/chiplet4ai/llama/description/workload/llama_3_8b/config_0.workload.yaml,/home/gensis2/research/archx/chiplet4ai/llama/description/event/event.yaml,/home/gensis2/research/archx/chiplet4ai/llama/description/metric/metric.yaml,/home/gensis2/research/archx/chiplet4ai/llama/description/runs/llama_3_8b/arch_25/config_0,/home/gensis2/research/archx/chiplet4ai/llama/description/runs/llama_3_8b/arch_25/config_0/checkpoint.json
51,25,/home/gensis2/research/archx/chiplet4ai/llama/description/architecture/config_25.architecture.yaml,llama_3_70b,1,/home/gensis2/research/archx/chiplet4ai/llama/description/workload/llama_3_70b/config_1.workload.yaml,/home/gensis2/research/archx/chiplet4ai/llama/description/event/event.yaml,/home/gensis2/research/archx/chiplet4ai/llama/description/metric/metric.yaml,/home/gensis2/research/archx/chiplet4ai/llama/description/runs/llama_3_70b/arch_25/config_1,/home/gensis2/research/archx/chiplet4ai/llama/description/runs/llama_3_70b/arch_25/config_1/checkpoint.json
52,26,/home/gensis2/research/archx/chiplet4ai/llama/description/architecture/config_26.architecture.yaml,llama_3_8b,0,/home/gensis2/research/archx/chiplet4ai/llama/description/workload/llama_3_8b/config_0.workload.yaml,/home/gensis2/research/archx/chiplet4ai/llama/description/event/event.yaml,/home/gensis2/research/archx/chiplet4ai/llama/description/metric/metric.yaml,/home/gensis2/research/archx/chiplet4ai/llama/description/runs/llama_3_8b/arch_26/config_0,/home/gensis2/research/archx/chiplet4ai/llama/description/runs/llama_3_8b/arch_26/config_0/checkpoint.json
53,26,/home/gensis2/research/archx/chiplet4ai/llama/description/architecture/config_26.architecture.yaml,llama_3_70b,1,/home/gensis2/research/archx/chiplet4ai/llama/description/workload/llama_3_70b/config_1.workload.yaml,/home/gensis2/research/archx/chiplet4ai/llama/description/event/event.yaml,/home/gensis2/research/archx/chiplet4ai/llama/description/metric/metric.yaml,/home/gensis2/research/archx/chiplet4ai/llama/description/runs/llama_3_70b/arch_26/config_1,/home/gensis2/research/archx/chiplet4ai/llama/description/runs/llama_3_70b/arch_26/config_1/checkpoint.json
54,27,/home/gensis2/research/archx/chiplet4ai/llama/description/architecture/config_27.architecture.yaml,llama_3_8b,0,/home/gensis2/research/archx/chiplet4ai/llama/description/workload/llama_3_8b/config_0.workload.yaml,/home/gensis2/research/archx/chiplet4ai/llama/description/event/event.yaml,/home/gensis2/research/archx/chiplet4ai/llama/description/metric/metric.yaml,/home/gensis2/research/archx/chiplet4ai/llama/description/runs/llama_3_8b/arch_27/config_0,/home/gensis2/research/archx/chiplet4ai/llama/description/runs/llama_3_8b/arch_27/config_0/checkpoint.json
55,27,/home/gensis2/research/archx/chiplet4ai/llama/description/architecture/config_27.architecture.yaml,llama_3_70b,1,/home/gensis2/research/archx/chiplet4ai/llama/description/workload/llama_3_70b/config_1.workload.yaml,/home/gensis2/research/archx/chiplet4ai/llama/description/event/event.yaml,/home/gensis2/research/archx/chiplet4ai/llama/description/metric/metric.yaml,/home/gensis2/research/archx/chiplet4ai/llama/description/runs/llama_3_70b/arch_27/config_1,/home/gensis2/research/archx/chiplet4ai/llama/description/runs/llama_3_70b/arch_27/config_1/checkpoint.json
56,28,/home/gensis2/research/archx/chiplet4ai/llama/description/architecture/config_28.architecture.yaml,llama_3_8b,0,/home/gensis2/research/archx/chiplet4ai/llama/description/workload/llama_3_8b/config_0.workload.yaml,/home/gensis2/research/archx/chiplet4ai/llama/description/event/event.yaml,/home/gensis2/research/archx/chiplet4ai/llama/description/metric/metric.yaml,/home/gensis2/research/archx/chiplet4ai/llama/description/runs/llama_3_8b/arch_28/config_0,/home/gensis2/research/archx/chiplet4ai/llama/description/runs/llama_3_8b/arch_28/config_0/checkpoint.json
57,28,/home/gensis2/research/archx/chiplet4ai/llama/description/architecture/config_28.architecture.yaml,llama_3_70b,1,/home/gensis2/research/archx/chiplet4ai/llama/description/workload/llama_3_70b/config_1.workload.yaml,/home/gensis2/research/archx/chiplet4ai/llama/description/event/event.yaml,/home/gensis2/research/archx/chiplet4ai/llama/description/metric/metric.yaml,/home/gensis2/research/archx/chiplet4ai/llama/description/runs/llama_3_70b/arch_28/config_1,/home/gensis2/research/archx/chiplet4ai/llama/description/runs/llama_3_70b/arch_28/config_1/checkpoint.json
58,29,/home/gensis2/research/archx/chiplet4ai/llama/description/architecture/config_29.architecture.yaml,llama_3_8b,0,/home/gensis2/research/archx/chiplet4ai/llama/description/workload/llama_3_8b/config_0.workload.yaml,/home/gensis2/research/archx/chiplet4ai/llama/description/event/event.yaml,/home/gensis2/research/archx/chiplet4ai/llama/description/metric/metric.yaml,/home/gensis2/research/archx/chiplet4ai/llama/description/runs/llama_3_8b/arch_29/config_0,/home/gensis2/research/archx/chiplet4ai/llama/description/runs/llama_3_8b/arch_29/config_0/checkpoint.json
59,29,/home/gensis2/research/archx/chiplet4ai/llama/description/architecture/config_29.architecture.yaml,llama_3_70b,1,/home/gensis2/research/archx/chiplet4ai/llama/description/workload/llama_3_70b/config_1.workload.yaml,/home/gensis2/research/archx/chiplet4ai/llama/description/event/event.yaml,/home/gensis2/research/archx/chiplet4ai/llama/description/metric/metric.yaml,/home/gensis2/research/archx/chiplet4ai/llama/description/runs/llama_3_70b/arch_29/config_1,/home/gensis2/research/archx/chiplet4ai/llama/description/runs/llama_3_70b/arch_29/config_1/checkpoint.json
60,30,/home/gensis2/research/archx/chiplet4ai/llama/description/architecture/config_30.architecture.yaml,llama_3_8b,0,/home/gensis2/research/archx/chiplet4ai/llama/description/workload/llama_3_8b/config_0.workload.yaml,/home/gensis2/research/archx/chiplet4ai/llama/description/event/event.yaml,/home/gensis2/research/archx/chiplet4ai/llama/description/metric/metric.yaml,/home/gensis2/research/archx/chiplet4ai/llama/description/runs/llama_3_8b/arch_30/config_0,/home/gensis2/research/archx/chiplet4ai/llama/description/runs/llama_3_8b/arch_30/config_0/checkpoint.json
61,30,/home/gensis2/research/archx/chiplet4ai/llama/description/architecture/config_30.architecture.yaml,llama_3_70b,1,/home/gensis2/research/archx/chiplet4ai/llama/description/workload/llama_3_70b/config_1.workload.yaml,/home/gensis2/research/archx/chiplet4ai/llama/description/event/event.yaml,/home/gensis2/research/archx/chiplet4ai/llama/description/metric/metric.yaml,/home/gensis2/research/archx/chiplet4ai/llama/description/runs/llama_3_70b/arch_30/config_1,/home/gensis2/research/archx/chiplet4ai/llama/description/runs/llama_3_70b/arch_30/config_1/checkpoint.json
62,31,/home/gensis2/research/archx/chiplet4ai/llama/description/architecture/config_31.architecture.yaml,llama_3_8b,0,/home/gensis2/research/archx/chiplet4ai/llama/description/workload/llama_3_8b/config_0.workload.yaml,/home/gensis2/research/archx/chiplet4ai/llama/description/event/event.yaml,/home/gensis2/research/archx/chiplet4ai/llama/description/metric/metric.yaml,/home/gensis2/research/archx/chiplet4ai/llama/description/runs/llama_3_8b/arch_31/config_0,/home/gensis2/research/archx/chiplet4ai/llama/description/runs/llama_3_8b/arch_31/config_0/checkpoint.json
63,31,/home/gensis2/research/archx/chiplet4ai/llama/description/architecture/config_31.architecture.yaml,llama_3_70b,1,/home/gensis2/research/archx/chiplet4ai/llama/description/workload/llama_3_70b/config_1.workload.yaml,/home/gensis2/research/archx/chiplet4ai/llama/description/event/event.yaml,/home/gensis2/research/archx/chiplet4ai/llama/description/metric/metric.yaml,/home/gensis2/research/archx/chiplet4ai/llama/description/runs/llama_3_70b/arch_31/config_1,/home/gensis2/research/archx/chiplet4ai/llama/description/runs/llama_3_70b/arch_31/config_1/checkpoint.json
64,32,/home/gensis2/research/archx/chiplet4ai/llama/description/architecture/config_32.architecture.yaml,llama_3_8b,0,/home/gensis2/research/archx/chiplet4ai/llama/description/workload/llama_3_8b/config_0.workload.yaml,/home/gensis2/research/archx/chiplet4ai/llama/description/event/event.yaml,/home/gensis2/research/archx/chiplet4ai/llama/description/metric/metric.yaml,/home/gensis2/research/archx/chiplet4ai/llama/description/runs/llama_3_8b/arch_32/config_0,/home/gensis2/research/archx/chiplet4ai/llama/description/runs/llama_3_8b/arch_32/config_0/checkpoint.json
65,32,/home/gensis2/research/archx/chiplet4ai/llama/description/architecture/config_32.architecture.yaml,llama_3_70b,1,/home/gensis2/research/archx/chiplet4ai/llama/description/workload/llama_3_70b/config_1.workload.yaml,/home/gensis2/research/archx/chiplet4ai/llama/description/event/event.yaml,/home/gensis2/research/archx/chiplet4ai/llama/description/metric/metric.yaml,/home/gensis2/research/archx/chiplet4ai/llama/description/runs/llama_3_70b/arch_32/config_1,/home/gensis2/research/archx/chiplet4ai/llama/description/runs/llama_3_70b/arch_32/config_1/checkpoint.json
66,33,/home/gensis2/research/archx/chiplet4ai/llama/description/architecture/config_33.architecture.yaml,llama_3_8b,0,/home/gensis2/research/archx/chiplet4ai/llama/description/workload/llama_3_8b/config_0.workload.yaml,/home/gensis2/research/archx/chiplet4ai/llama/description/event/event.yaml,/home/gensis2/research/archx/chiplet4ai/llama/description/metric/metric.yaml,/home/gensis2/research/archx/chiplet4ai/llama/description/runs/llama_3_8b/arch_33/config_0,/home/gensis2/research/archx/chiplet4ai/llama/description/runs/llama_3_8b/arch_33/config_0/checkpoint.json
67,33,/home/gensis2/research/archx/chiplet4ai/llama/description/architecture/config_33.architecture.yaml,llama_3_70b,1,/home/gensis2/research/archx/chiplet4ai/llama/description/workload/llama_3_70b/config_1.workload.yaml,/home/gensis2/research/archx/chiplet4ai/llama/description/event/event.yaml,/home/gensis2/research/archx/chiplet4ai/llama/description/metric/metric.yaml,/home/gensis2/research/archx/chiplet4ai/llama/description/runs/llama_3_70b/arch_33/config_1,/home/gensis2/research/archx/chiplet4ai/llama/description/runs/llama_3_70b/arch_33/config_1/checkpoint.json
68,34,/home/gensis2/research/archx/chiplet4ai/llama/description/architecture/config_34.architecture.yaml,llama_3_8b,0,/home/gensis2/research/archx/chiplet4ai/llama/description/workload/llama_3_8b/config_0.workload.yaml,/home/gensis2/research/archx/chiplet4ai/llama/description/event/event.yaml,/home/gensis2/research/archx/chiplet4ai/llama/description/metric/metric.yaml,/home/gensis2/research/archx/chiplet4ai/llama/description/runs/llama_3_8b/arch_34/config_0,/home/gensis2/research/archx/chiplet4ai/llama/description/runs/llama_3_8b/arch_34/config_0/checkpoint.json
69,34,/home/gensis2/research/archx/chiplet4ai/llama/description/architecture/config_34.architecture.yaml,llama_3_70b,1,/home/gensis2/research/archx/chiplet4ai/llama/description/workload/llama_3_70b/config_1.workload.yaml,/home/gensis2/research/archx/chiplet4ai/llama/description/event/event.yaml,/home/gensis2/research/archx/chiplet4ai/llama/description/metric/metric.yaml,/home/gensis2/research/archx/chiplet4ai/llama/description/runs/llama_3_70b/arch_34/config_1,/home/gensis2/research/archx/chiplet4ai/llama/description/runs/llama_3_70b/arch_34/config_1/checkpoint.json
70,35,/home/gensis2/research/archx/chiplet4ai/llama/description/architecture/config_35.architecture.yaml,llama_3_8b,0,/home/gensis2/research/archx/chiplet4ai/llama/description/workload/llama_3_8b/config_0.workload.yaml,/home/gensis2/research/archx/chiplet4ai/llama/description/event/event.yaml,/home/gensis2/research/archx/chiplet4ai/llama/description/metric/metric.yaml,/home/gensis2/research/archx/chiplet4ai/llama/description/runs/llama_3_8b/arch_35/config_0,/home/gensis2/research/archx/chiplet4ai/llama/description/runs/llama_3_8b/arch_35/config_0/checkpoint.json
71,35,/home/gensis2/research/archx/chiplet4ai/llama/description/architecture/config_35.architecture.yaml,llama_3_70b,1,/home/gensis2/research/archx/chiplet4ai/llama/description/workload/llama_3_70b/config_1.workload.yaml,/home/gensis2/research/archx/chiplet4ai/llama/description/event/event.yaml,/home/gensis2/research/archx/chiplet4ai/llama/description/metric/metric.yaml,/home/gensis2/research/archx/chiplet4ai/llama/description/runs/llama_3_70b/arch_35/config_1,/home/gensis2/research/archx/chiplet4ai/llama/description/runs/llama_3_70b/arch_35/config_1/checkpoint.json
72,36,/home/gensis2/research/archx/chiplet4ai/llama/description/architecture/config_36.architecture.yaml,llama_3_8b,0,/home/gensis2/research/archx/chiplet4ai/llama/description/workload/llama_3_8b/config_0.workload.yaml,/home/gensis2/research/archx/chiplet4ai/llama/description/event/event.yaml,/home/gensis2/research/archx/chiplet4ai/llama/description/metric/metric.yaml,/home/gensis2/research/archx/chiplet4ai/llama/description/runs/llama_3_8b/arch_36/config_0,/home/gensis2/research/archx/chiplet4ai/llama/description/runs/llama_3_8b/arch_36/config_0/checkpoint.json
73,36,/home/gensis2/research/archx/chiplet4ai/llama/description/architecture/config_36.architecture.yaml,llama_3_70b,1,/home/gensis2/research/archx/chiplet4ai/llama/description/workload/llama_3_70b/config_1.workload.yaml,/home/gensis2/research/archx/chiplet4ai/llama/description/event/event.yaml,/home/gensis2/research/archx/chiplet4ai/llama/description/metric/metric.yaml,/home/gensis2/research/archx/chiplet4ai/llama/description/runs/llama_3_70b/arch_36/config_1,/home/gensis2/research/archx/chiplet4ai/llama/description/runs/llama_3_70b/arch_36/config_1/checkpoint.json
74,37,/home/gensis2/research/archx/chiplet4ai/llama/description/architecture/config_37.architecture.yaml,llama_3_8b,0,/home/gensis2/research/archx/chiplet4ai/llama/description/workload/llama_3_8b/config_0.workload.yaml,/home/gensis2/research/archx/chiplet4ai/llama/description/event/event.yaml,/home/gensis2/research/archx/chiplet4ai/llama/description/metric/metric.yaml,/home/gensis2/research/archx/chiplet4ai/llama/description/runs/llama_3_8b/arch_37/config_0,/home/gensis2/research/archx/chiplet4ai/llama/description/runs/llama_3_8b/arch_37/config_0/checkpoint.json
75,37,/home/gensis2/research/archx/chiplet4ai/llama/description/architecture/config_37.architecture.yaml,llama_3_70b,1,/home/gensis2/research/archx/chiplet4ai/llama/description/workload/llama_3_70b/config_1.workload.yaml,/home/gensis2/research/archx/chiplet4ai/llama/description/event/event.yaml,/home/gensis2/research/archx/chiplet4ai/llama/description/metric/metric.yaml,/home/gensis2/research/archx/chiplet4ai/llama/description/runs/llama_3_70b/arch_37/config_1,/home/gensis2/research/archx/chiplet4ai/llama/description/runs/llama_3_70b/arch_37/config_1/checkpoint.json
76,38,/home/gensis2/research/archx/chiplet4ai/llama/description/architecture/config_38.architecture.yaml,llama_3_8b,0,/home/gensis2/research/archx/chiplet4ai/llama/description/workload/llama_3_8b/config_0.workload.yaml,/home/gensis2/research/archx/chiplet4ai/llama/description/event/event.yaml,/home/gensis2/research/archx/chiplet4ai/llama/description/metric/metric.yaml,/home/gensis2/research/archx/chiplet4ai/llama/description/runs/llama_3_8b/arch_38/config_0,/home/gensis2/research/archx/chiplet4ai/llama/description/runs/llama_3_8b/arch_38/config_0/checkpoint.json
77,38,/home/gensis2/research/archx/chiplet4ai/llama/description/architecture/config_38.architecture.yaml,llama_3_70b,1,/home/gensis2/research/archx/chiplet4ai/llama/description/workload/llama_3_70b/config_1.workload.yaml,/home/gensis2/research/archx/chiplet4ai/llama/description/event/event.yaml,/home/gensis2/research/archx/chiplet4ai/llama/description/metric/metric.yaml,/home/gensis2/research/archx/chiplet4ai/llama/description/runs/llama_3_70b/arch_38/config_1,/home/gensis2/research/archx/chiplet4ai/llama/description/runs/llama_3_70b/arch_38/config_1/checkpoint.json
78,39,/home/gensis2/research/archx/chiplet4ai/llama/description/architecture/config_39.architecture.yaml,llama_3_8b,0,/home/gensis2/research/archx/chiplet4ai/llama/description/workload/llama_3_8b/config_0.workload.yaml,/home/gensis2/research/archx/chiplet4ai/llama/description/event/event.yaml,/home/gensis2/research/archx/chiplet4ai/llama/description/metric/metric.yaml,/home/gensis2/research/archx/chiplet4ai/llama/description/runs/llama_3_8b/arch_39/config_0,/home/gensis2/research/archx/chiplet4ai/llama/description/runs/llama_3_8b/arch_39/config_0/checkpoint.json
79,39,/home/gensis2/research/archx/chiplet4ai/llama/description/architecture/config_39.architecture.yaml,llama_3_70b,1,/home/gensis2/research/archx/chiplet4ai/llama/description/workload/llama_3_70b/config_1.workload.yaml,/home/gensis2/research/archx/chiplet4ai/llama/description/event/event.yaml,/home/gensis2/research/archx/chiplet4ai/llama/description/metric/metric.yaml,/home/gensis2/research/archx/chiplet4ai/llama/description/runs/llama_3_70b/arch_39/config_1,/home/gensis2/research/archx/chiplet4ai/llama/description/runs/llama_3_70b/arch_39/config_1/checkpoint.json
80,40,/home/gensis2/research/archx/chiplet4ai/llama/description/architecture/config_40.architecture.yaml,llama_3_8b,0,/home/gensis2/research/archx/chiplet4ai/llama/description/workload/llama_3_8b/config_0.workload.yaml,/home/gensis2/research/archx/chiplet4ai/llama/description/event/event.yaml,/home/gensis2/research/archx/chiplet4ai/llama/description/metric/metric.yaml,/home/gensis2/research/archx/chiplet4ai/llama/description/runs/llama_3_8b/arch_40/config_0,/home/gensis2/research/archx/chiplet4ai/llama/description/runs/llama_3_8b/arch_40/config_0/checkpoint.json
81,40,/home/gensis2/research/archx/chiplet4ai/llama/description/architecture/config_40.architecture.yaml,llama_3_70b,1,/home/gensis2/research/archx/chiplet4ai/llama/description/workload/llama_3_70b/config_1.workload.yaml,/home/gensis2/research/archx/chiplet4ai/llama/description/event/event.yaml,/home/gensis2/research/archx/chiplet4ai/llama/description/metric/metric.yaml,/home/gensis2/research/archx/chiplet4ai/llama/description/runs/llama_3_70b/arch_40/config_1,/home/gensis2/research/archx/chiplet4ai/llama/description/runs/llama_3_70b/arch_40/config_1/checkpoint.json
82,41,/home/gensis2/research/archx/chiplet4ai/llama/description/architecture/config_41.architecture.yaml,llama_3_8b,0,/home/gensis2/research/archx/chiplet4ai/llama/description/workload/llama_3_8b/config_0.workload.yaml,/home/gensis2/research/archx/chiplet4ai/llama/description/event/event.yaml,/home/gensis2/research/archx/chiplet4ai/llama/description/metric/metric.yaml,/home/gensis2/research/archx/chiplet4ai/llama/description/runs/llama_3_8b/arch_41/config_0,/home/gensis2/research/archx/chiplet4ai/llama/description/runs/llama_3_8b/arch_41/config_0/checkpoint.json
83,41,/home/gensis2/research/archx/chiplet4ai/llama/description/architecture/config_41.architecture.yaml,llama_3_70b,1,/home/gensis2/research/archx/chiplet4ai/llama/description/workload/llama_3_70b/config_1.workload.yaml,/home/gensis2/research/archx/chiplet4ai/llama/description/event/event.yaml,/home/gensis2/research/archx/chiplet4ai/llama/description/metric/metric.yaml,/home/gensis2/research/archx/chiplet4ai/llama/description/runs/llama_3_70b/arch_41/config_1,/home/gensis2/research/archx/chiplet4ai/llama/description/runs/llama_3_70b/arch_41/config_1/checkpoint.json
84,42,/home/gensis2/research/archx/chiplet4ai/llama/description/architecture/config_42.architecture.yaml,llama_3_8b,0,/home/gensis2/research/archx/chiplet4ai/llama/description/workload/llama_3_8b/config_0.workload.yaml,/home/gensis2/research/archx/chiplet4ai/llama/description/event/event.yaml,/home/gensis2/research/archx/chiplet4ai/llama/description/metric/metric.yaml,/home/gensis2/research/archx/chiplet4ai/llama/description/runs/llama_3_8b/arch_42/config_0,/home/gensis2/research/archx/chiplet4ai/llama/description/runs/llama_3_8b/arch_42/config_0/checkpoint.json
85,42,/home/gensis2/research/archx/chiplet4ai/llama/description/architecture/config_42.architecture.yaml,llama_3_70b,1,/home/gensis2/research/archx/chiplet4ai/llama/description/workload/llama_3_70b/config_1.workload.yaml,/home/gensis2/research/archx/chiplet4ai/llama/description/event/event.yaml,/home/gensis2/research/archx/chiplet4ai/llama/description/metric/metric.yaml,/home/gensis2/research/archx/chiplet4ai/llama/description/runs/llama_3_70b/arch_42/config_1,/home/gensis2/research/archx/chiplet4ai/llama/description/runs/llama_3_70b/arch_42/config_1/checkpoint.json
86,43,/home/gensis2/research/archx/chiplet4ai/llama/description/architecture/config_43.architecture.yaml,llama_3_8b,0,/home/gensis2/research/archx/chiplet4ai/llama/description/workload/llama_3_8b/config_0.workload.yaml,/home/gensis2/research/archx/chiplet4ai/llama/description/event/event.yaml,/home/gensis2/research/archx/chiplet4ai/llama/description/metric/metric.yaml,/home/gensis2/research/archx/chiplet4ai/llama/description/runs/llama_3_8b/arch_43/config_0,/home/gensis2/research/archx/chiplet4ai/llama/description/runs/llama_3_8b/arch_43/config_0/checkpoint.json
87,43,/home/gensis2/research/archx/chiplet4ai/llama/description/architecture/config_43.architecture.yaml,llama_3_70b,1,/home/gensis2/research/archx/chiplet4ai/llama/description/workload/llama_3_70b/config_1.workload.yaml,/home/gensis2/research/archx/chiplet4ai/llama/description/event/event.yaml,/home/gensis2/research/archx/chiplet4ai/llama/description/metric/metric.yaml,/home/gensis2/research/archx/chiplet4ai/llama/description/runs/llama_3_70b/arch_43/config_1,/home/gensis2/research/archx/chiplet4ai/llama/description/runs/llama_3_70b/arch_43/config_1/checkpoint.json
88,44,/home/gensis2/research/archx/chiplet4ai/llama/description/architecture/config_44.architecture.yaml,llama_3_8b,0,/home/gensis2/research/archx/chiplet4ai/llama/description/workload/llama_3_8b/config_0.workload.yaml,/home/gensis2/research/archx/chiplet4ai/llama/description/event/event.yaml,/home/gensis2/research/archx/chiplet4ai/llama/description/metric/metric.yaml,/home/gensis2/research/archx/chiplet4ai/llama/description/runs/llama_3_8b/arch_44/config_0,/home/gensis2/research/archx/chiplet4ai/llama/description/runs/llama_3_8b/arch_44/config_0/checkpoint.json
89,44,/home/gensis2/research/archx/chiplet4ai/llama/description/architecture/config_44.architecture.yaml,llama_3_70b,1,/home/gensis2/research/archx/chiplet4ai/llama/description/workload/llama_3_70b/config_1.workload.yaml,/home/gensis2/research/archx/chiplet4ai/llama/description/event/event.yaml,/home/gensis2/research/archx/chiplet4ai/llama/description/metric/metric.yaml,/home/gensis2/research/archx/chiplet4ai/llama/description/runs/llama_3_70b/arch_44/config_1,/home/gensis2/research/archx/chiplet4ai/llama/description/runs/llama_3_70b/arch_44/config_1/checkpoint.json
90,45,/home/gensis2/research/archx/chiplet4ai/llama/description/architecture/config_45.architecture.yaml,llama_3_8b,0,/home/gensis2/research/archx/chiplet4ai/llama/description/workload/llama_3_8b/config_0.workload.yaml,/home/gensis2/research/archx/chiplet4ai/llama/description/event/event.yaml,/home/gensis2/research/archx/chiplet4ai/llama/description/metric/metric.yaml,/home/gensis2/research/archx/chiplet4ai/llama/description/runs/llama_3_8b/arch_45/config_0,/home/gensis2/research/archx/chiplet4ai/llama/description/runs/llama_3_8b/arch_45/config_0/checkpoint.json
91,45,/home/gensis2/research/archx/chiplet4ai/llama/description/architecture/config_45.architecture.yaml,llama_3_70b,1,/home/gensis2/research/archx/chiplet4ai/llama/description/workload/llama_3_70b/config_1.workload.yaml,/home/gensis2/research/archx/chiplet4ai/llama/description/event/event.yaml,/home/gensis2/research/archx/chiplet4ai/llama/description/metric/metric.yaml,/home/gensis2/research/archx/chiplet4ai/llama/description/runs/llama_3_70b/arch_45/config_1,/home/gensis2/research/archx/chiplet4ai/llama/description/runs/llama_3_70b/arch_45/config_1/checkpoint.json
92,46,/home/gensis2/research/archx/chiplet4ai/llama/description/architecture/config_46.architecture.yaml,llama_3_8b,0,/home/gensis2/research/archx/chiplet4ai/llama/description/workload/llama_3_8b/config_0.workload.yaml,/home/gensis2/research/archx/chiplet4ai/llama/description/event/event.yaml,/home/gensis2/research/archx/chiplet4ai/llama/description/metric/metric.yaml,/home/gensis2/research/archx/chiplet4ai/llama/description/runs/llama_3_8b/arch_46/config_0,/home/gensis2/research/archx/chiplet4ai/llama/description/runs/llama_3_8b/arch_46/config_0/checkpoint.json
93,46,/home/gensis2/research/archx/chiplet4ai/llama/description/architecture/config_46.architecture.yaml,llama_3_70b,1,/home/gensis2/research/archx/chiplet4ai/llama/description/workload/llama_3_70b/config_1.workload.yaml,/home/gensis2/research/archx/chiplet4ai/llama/description/event/event.yaml,/home/gensis2/research/archx/chiplet4ai/llama/description/metric/metric.yaml,/home/gensis2/research/archx/chiplet4ai/llama/description/runs/llama_3_70b/arch_46/config_1,/home/gensis2/research/archx/chiplet4ai/llama/description/runs/llama_3_70b/arch_46/config_1/checkpoint.json
94,47,/home/gensis2/research/archx/chiplet4ai/llama/description/architecture/config_47.architecture.yaml,llama_3_8b,0,/home/gensis2/research/archx/chiplet4ai/llama/description/workload/llama_3_8b/config_0.workload.yaml,/home/gensis2/research/archx/chiplet4ai/llama/description/event/event.yaml,/home/gensis2/research/archx/chiplet4ai/llama/description/metric/metric.yaml,/home/gensis2/research/archx/chiplet4ai/llama/description/runs/llama_3_8b/arch_47/config_0,/home/gensis2/research/archx/chiplet4ai/llama/description/runs/llama_3_8b/arch_47/config_0/checkpoint.json
95,47,/home/gensis2/research/archx/chiplet4ai/llama/description/architecture/config_47.architecture.yaml,llama_3_70b,1,/home/gensis2/research/archx/chiplet4ai/llama/description/workload/llama_3_70b/config_1.workload.yaml,/home/gensis2/research/archx/chiplet4ai/llama/description/event/event.yaml,/home/gensis2/research/archx/chiplet4ai/llama/description/metric/metric.yaml,/home/gensis2/research/archx/chiplet4ai/llama/description/runs/llama_3_70b/arch_47/config_1,/home/gensis2/research/archx/chiplet4ai/llama/description/runs/llama_3_70b/arch_47/config_1/checkpoint.json
96,48,/home/gensis2/research/archx/chiplet4ai/llama/description/architecture/config_48.architecture.yaml,llama_3_8b,0,/home/gensis2/research/archx/chiplet4ai/llama/description/workload/llama_3_8b/config_0.workload.yaml,/home/gensis2/research/archx/chiplet4ai/llama/description/event/event.yaml,/home/gensis2/research/archx/chiplet4ai/llama/description/metric/metric.yaml,/home/gensis2/research/archx/chiplet4ai/llama/description/runs/llama_3_8b/arch_48/config_0,/home/gensis2/research/archx/chiplet4ai/llama/description/runs/llama_3_8b/arch_48/config_0/checkpoint.json
97,48,/home/gensis2/research/archx/chiplet4ai/llama/description/architecture/config_48.architecture.yaml,llama_3_70b,1,/home/gensis2/research/archx/chiplet4ai/llama/description/workload/llama_3_70b/config_1.workload.yaml,/home/gensis2/research/archx/chiplet4ai/llama/description/event/event.yaml,/home/gensis2/research/archx/chiplet4ai/llama/description/metric/metric.yaml,/home/gensis2/research/archx/chiplet4ai/llama/description/runs/llama_3_70b/arch_48/config_1,/home/gensis2/research/archx/chiplet4ai/llama/description/runs/llama_3_70b/arch_48/config_1/checkpoint.json
98,49,/home/gensis2/research/archx/chiplet4ai/llama/description/architecture/config_49.architecture.yaml,llama_3_8b,0,/home/gensis2/research/archx/chiplet4ai/llama/description/workload/llama_3_8b/config_0.workload.yaml,/home/gensis2/research/archx/chiplet4ai/llama/description/event/event.yaml,/home/gensis2/research/archx/chiplet4ai/llama/description/metric/metric.yaml,/home/gensis2/research/archx/chiplet4ai/llama/description/runs/llama_3_8b/arch_49/config_0,/home/gensis2/research/archx/chiplet4ai/llama/description/runs/llama_3_8b/arch_49/config_0/checkpoint.json
99,49,/home/gensis2/research/archx/chiplet4ai/llama/description/architecture/config_49.architecture.yaml,llama_3_70b,1,/home/gensis2/research/archx/chiplet4ai/llama/description/workload/llama_3_70b/config_1.workload.yaml,/home/gensis2/research/archx/chiplet4ai/llama/description/event/event.yaml,/home/gensis2/research/archx/chiplet4ai/llama/description/metric/metric.yaml,/home/gensis2/research/archx/chiplet4ai/llama/description/runs/llama_3_70b/arch_49/config_1,/home/gensis2/research/archx/chiplet4ai/llama/description/runs/llama_3_70b/arch_49/config_1/checkpoint.json
100,50,/home/gensis2/research/archx/chiplet4ai/llama/description/architecture/config_50.architecture.yaml,llama_3_8b,0,/home/gensis2/research/archx/chiplet4ai/llama/description/workload/llama_3_8b/config_0.workload.yaml,/home/gensis2/research/archx/chiplet4ai/llama/description/event/event.yaml,/home/gensis2/research/archx/chiplet4ai/llama/description/metric/metric.yaml,/home/gensis2/research/archx/chiplet4ai/llama/description/runs/llama_3_8b/arch_50/config_0,/home/gensis2/research/archx/chiplet4ai/llama/description/runs/llama_3_8b/arch_50/config_0/checkpoint.json
101,50,/home/gensis2/research/archx/chiplet4ai/llama/description/architecture/config_50.architecture.yaml,llama_3_70b,1,/home/gensis2/research/archx/chiplet4ai/llama/description/workload/llama_3_70b/config_1.workload.yaml,/home/gensis2/research/archx/chiplet4ai/llama/description/event/event.yaml,/home/gensis2/research/archx/chiplet4ai/llama/description/metric/metric.yaml,/home/gensis2/research/archx/chiplet4ai/llama/description/runs/llama_3_70b/arch_50/config_1,/home/gensis2/research/archx/chiplet4ai/llama/description/runs/llama_3_70b/arch_50/config_1/checkpoint.json
102,51,/home/gensis2/research/archx/chiplet4ai/llama/description/architecture/config_51.architecture.yaml,llama_3_8b,0,/home/gensis2/research/archx/chiplet4ai/llama/description/workload/llama_3_8b/config_0.workload.yaml,/home/gensis2/research/archx/chiplet4ai/llama/description/event/event.yaml,/home/gensis2/research/archx/chiplet4ai/llama/description/metric/metric.yaml,/home/gensis2/research/archx/chiplet4ai/llama/description/runs/llama_3_8b/arch_51/config_0,/home/gensis2/research/archx/chiplet4ai/llama/description/runs/llama_3_8b/arch_51/config_0/checkpoint.json
103,51,/home/gensis2/research/archx/chiplet4ai/llama/description/architecture/config_51.architecture.yaml,llama_3_70b,1,/home/gensis2/research/archx/chiplet4ai/llama/description/workload/llama_3_70b/config_1.workload.yaml,/home/gensis2/research/archx/chiplet4ai/llama/description/event/event.yaml,/home/gensis2/research/archx/chiplet4ai/llama/description/metric/metric.yaml,/home/gensis2/research/archx/chiplet4ai/llama/description/runs/llama_3_70b/arch_51/config_1,/home/gensis2/research/archx/chiplet4ai/llama/description/runs/llama_3_70b/arch_51/config_1/checkpoint.json
104,52,/home/gensis2/research/archx/chiplet4ai/llama/description/architecture/config_52.architecture.yaml,llama_3_8b,0,/home/gensis2/research/archx/chiplet4ai/llama/description/workload/llama_3_8b/config_0.workload.yaml,/home/gensis2/research/archx/chiplet4ai/llama/description/event/event.yaml,/home/gensis2/research/archx/chiplet4ai/llama/description/metric/metric.yaml,/home/gensis2/research/archx/chiplet4ai/llama/description/runs/llama_3_8b/arch_52/config_0,/home/gensis2/research/archx/chiplet4ai/llama/description/runs/llama_3_8b/arch_52/config_0/checkpoint.json
105,52,/home/gensis2/research/archx/chiplet4ai/llama/description/architecture/config_52.architecture.yaml,llama_3_70b,1,/home/gensis2/research/archx/chiplet4ai/llama/description/workload/llama_3_70b/config_1.workload.yaml,/home/gensis2/research/archx/chiplet4ai/llama/description/event/event.yaml,/home/gensis2/research/archx/chiplet4ai/llama/description/metric/metric.yaml,/home/gensis2/research/archx/chiplet4ai/llama/description/runs/llama_3_70b/arch_52/config_1,/home/gensis2/research/archx/chiplet4ai/llama/description/runs/llama_3_70b/arch_52/config_1/checkpoint.json
106,53,/home/gensis2/research/archx/chiplet4ai/llama/description/architecture/config_53.architecture.yaml,llama_3_8b,0,/home/gensis2/research/archx/chiplet4ai/llama/description/workload/llama_3_8b/config_0.workload.yaml,/home/gensis2/research/archx/chiplet4ai/llama/description/event/event.yaml,/home/gensis2/research/archx/chiplet4ai/llama/description/metric/metric.yaml,/home/gensis2/research/archx/chiplet4ai/llama/description/runs/llama_3_8b/arch_53/config_0,/home/gensis2/research/archx/chiplet4ai/llama/description/runs/llama_3_8b/arch_53/config_0/checkpoint.json
107,53,/home/gensis2/research/archx/chiplet4ai/llama/description/architecture/config_53.architecture.yaml,llama_3_70b,1,/home/gensis2/research/archx/chiplet4ai/llama/description/workload/llama_3_70b/config_1.workload.yaml,/home/gensis2/research/archx/chiplet4ai/llama/description/event/event.yaml,/home/gensis2/research/archx/chiplet4ai/llama/description/metric/metric.yaml,/home/gensis2/research/archx/chiplet4ai/llama/description/runs/llama_3_70b/arch_53/config_1,/home/gensis2/research/archx/chiplet4ai/llama/description/runs/llama_3_70b/arch_53/config_1/checkpoint.json
108,54,/home/gensis2/research/archx/chiplet4ai/llama/description/architecture/config_54.architecture.yaml,llama_3_8b,0,/home/gensis2/research/archx/chiplet4ai/llama/description/workload/llama_3_8b/config_0.workload.yaml,/home/gensis2/research/archx/chiplet4ai/llama/description/event/event.yaml,/home/gensis2/research/archx/chiplet4ai/llama/description/metric/metric.yaml,/home/gensis2/research/archx/chiplet4ai/llama/description/runs/llama_3_8b/arch_54/config_0,/home/gensis2/research/archx/chiplet4ai/llama/description/runs/llama_3_8b/arch_54/config_0/checkpoint.json
109,54,/home/gensis2/research/archx/chiplet4ai/llama/description/architecture/config_54.architecture.yaml,llama_3_70b,1,/home/gensis2/research/archx/chiplet4ai/llama/description/workload/llama_3_70b/config_1.workload.yaml,/home/gensis2/research/archx/chiplet4ai/llama/description/event/event.yaml,/home/gensis2/research/archx/chiplet4ai/llama/description/metric/metric.yaml,/home/gensis2/research/archx/chiplet4ai/llama/description/runs/llama_3_70b/arch_54/config_1,/home/gensis2/research/archx/chiplet4ai/llama/description/runs/llama_3_70b/arch_54/config_1/checkpoint.json
110,55,/home/gensis2/research/archx/chiplet4ai/llama/description/architecture/config_55.architecture.yaml,llama_3_8b,0,/home/gensis2/research/archx/chiplet4ai/llama/description/workload/llama_3_8b/config_0.workload.yaml,/home/gensis2/research/archx/chiplet4ai/llama/description/event/event.yaml,/home/gensis2/research/archx/chiplet4ai/llama/description/metric/metric.yaml,/home/gensis2/research/archx/chiplet4ai/llama/description/runs/llama_3_8b/arch_55/config_0,/home/gensis2/research/archx/chiplet4ai/llama/description/runs/llama_3_8b/arch_55/config_0/checkpoint.json
111,55,/home/gensis2/research/archx/chiplet4ai/llama/description/architecture/config_55.architecture.yaml,llama_3_70b,1,/home/gensis2/research/archx/chiplet4ai/llama/description/workload/llama_3_70b/config_1.workload.yaml,/home/gensis2/research/archx/chiplet4ai/llama/description/event/event.yaml,/home/gensis2/research/archx/chiplet4ai/llama/description/metric/metric.yaml,/home/gensis2/research/archx/chiplet4ai/llama/description/runs/llama_3_70b/arch_55/config_1,/home/gensis2/research/archx/chiplet4ai/llama/description/runs/llama_3_70b/arch_55/config_1/checkpoint.json
112,56,/home/gensis2/research/archx/chiplet4ai/llama/description/architecture/config_56.architecture.yaml,llama_3_8b,0,/home/gensis2/research/archx/chiplet4ai/llama/description/workload/llama_3_8b/config_0.workload.yaml,/home/gensis2/research/archx/chiplet4ai/llama/description/event/event.yaml,/home/gensis2/research/archx/chiplet4ai/llama/description/metric/metric.yaml,/home/gensis2/research/archx/chiplet4ai/llama/description/runs/llama_3_8b/arch_56/config_0,/home/gensis2/research/archx/chiplet4ai/llama/description/runs/llama_3_8b/arch_56/config_0/checkpoint.json
113,56,/home/gensis2/research/archx/chiplet4ai/llama/description/architecture/config_56.architecture.yaml,llama_3_70b,1,/home/gensis2/research/archx/chiplet4ai/llama/description/workload/llama_3_70b/config_1.workload.yaml,/home/gensis2/research/archx/chiplet4ai/llama/description/event/event.yaml,/home/gensis2/research/archx/chiplet4ai/llama/description/metric/metric.yaml,/home/gensis2/research/archx/chiplet4ai/llama/description/runs/llama_3_70b/arch_56/config_1,/home/gensis2/research/archx/chiplet4ai/llama/description/runs/llama_3_70b/arch_56/config_1/checkpoint.json
114,57,/home/gensis2/research/archx/chiplet4ai/llama/description/architecture/config_57.architecture.yaml,llama_3_8b,0,/home/gensis2/research/archx/chiplet4ai/llama/description/workload/llama_3_8b/config_0.workload.yaml,/home/gensis2/research/archx/chiplet4ai/llama/description/event/event.yaml,/home/gensis2/research/archx/chiplet4ai/llama/description/metric/metric.yaml,/home/gensis2/research/archx/chiplet4ai/llama/description/runs/llama_3_8b/arch_57/config_0,/home/gensis2/research/archx/chiplet4ai/llama/description/runs/llama_3_8b/arch_57/config_0/checkpoint.json
115,57,/home/gensis2/research/archx/chiplet4ai/llama/description/architecture/config_57.architecture.yaml,llama_3_70b,1,/home/gensis2/research/archx/chiplet4ai/llama/description/workload/llama_3_70b/config_1.workload.yaml,/home/gensis2/research/archx/chiplet4ai/llama/description/event/event.yaml,/home/gensis2/research/archx/chiplet4ai/llama/description/metric/metric.yaml,/home/gensis2/research/archx/chiplet4ai/llama/description/runs/llama_3_70b/arch_57/config_1,/home/gensis2/research/archx/chiplet4ai/llama/description/runs/llama_3_70b/arch_57/config_1/checkpoint.json
116,58,/home/gensis2/research/archx/chiplet4ai/llama/description/architecture/config_58.architecture.yaml,llama_3_8b,0,/home/gensis2/research/archx/chiplet4ai/llama/description/workload/llama_3_8b/config_0.workload.yaml,/home/gensis2/research/archx/chiplet4ai/llama/description/event/event.yaml,/home/gensis2/research/archx/chiplet4ai/llama/description/metric/metric.yaml,/home/gensis2/research/archx/chiplet4ai/llama/description/runs/llama_3_8b/arch_58/config_0,/home/gensis2/research/archx/chiplet4ai/llama/description/runs/llama_3_8b/arch_58/config_0/checkpoint.json
117,58,/home/gensis2/research/archx/chiplet4ai/llama/description/architecture/config_58.architecture.yaml,llama_3_70b,1,/home/gensis2/research/archx/chiplet4ai/llama/description/workload/llama_3_70b/config_1.workload.yaml,/home/gensis2/research/archx/chiplet4ai/llama/description/event/event.yaml,/home/gensis2/research/archx/chiplet4ai/llama/description/metric/metric.yaml,/home/gensis2/research/archx/chiplet4ai/llama/description/runs/llama_3_70b/arch_58/config_1,/home/gensis2/research/archx/chiplet4ai/llama/description/runs/llama_3_70b/arch_58/config_1/checkpoint.json
118,59,/home/gensis2/research/archx/chiplet4ai/llama/description/architecture/config_59.architecture.yaml,llama_3_8b,0,/home/gensis2/research/archx/chiplet4ai/llama/description/workload/llama_3_8b/config_0.workload.yaml,/home/gensis2/research/archx/chiplet4ai/llama/description/event/event.yaml,/home/gensis2/research/archx/chiplet4ai/llama/description/metric/metric.yaml,/home/gensis2/research/archx/chiplet4ai/llama/description/runs/llama_3_8b/arch_59/config_0,/home/gensis2/research/archx/chiplet4ai/llama/description/runs/llama_3_8b/arch_59/config_0/checkpoint.json
119,59,/home/gensis2/research/archx/chiplet4ai/llama/description/architecture/config_59.architecture.yaml,llama_3_70b,1,/home/gensis2/research/archx/chiplet4ai/llama/description/workload/llama_3_70b/config_1.workload.yaml,/home/gensis2/research/archx/chiplet4ai/llama/description/event/event.yaml,/home/gensis2/research/archx/chiplet4ai/llama/description/metric/metric.yaml,/home/gensis2/research/archx/chiplet4ai/llama/description/runs/llama_3_70b/arch_59/config_1,/home/gensis2/research/archx/chiplet4ai/llama/description/runs/llama_3_70b/arch_59/config_1/checkpoint.json
120,60,/home/gensis2/research/archx/chiplet4ai/llama/description/architecture/config_60.architecture.yaml,llama_3_8b,0,/home/gensis2/research/archx/chiplet4ai/llama/description/workload/llama_3_8b/config_0.workload.yaml,/home/gensis2/research/archx/chiplet4ai/llama/description/event/event.yaml,/home/gensis2/research/archx/chiplet4ai/llama/description/metric/metric.yaml,/home/gensis2/research/archx/chiplet4ai/llama/description/runs/llama_3_8b/arch_60/config_0,/home/gensis2/research/archx/chiplet4ai/llama/description/runs/llama_3_8b/arch_60/config_0/checkpoint.json
121,60,/home/gensis2/research/archx/chiplet4ai/llama/description/architecture/config_60.architecture.yaml,llama_3_70b,1,/home/gensis2/research/archx/chiplet4ai/llama/description/workload/llama_3_70b/config_1.workload.yaml,/home/gensis2/research/archx/chiplet4ai/llama/description/event/event.yaml,/home/gensis2/research/archx/chiplet4ai/llama/description/metric/metric.yaml,/home/gensis2/research/archx/chiplet4ai/llama/description/runs/llama_3_70b/arch_60/config_1,/home/gensis2/research/archx/chiplet4ai/llama/description/runs/llama_3_70b/arch_60/config_1/checkpoint.json
122,61,/home/gensis2/research/archx/chiplet4ai/llama/description/architecture/config_61.architecture.yaml,llama_3_8b,0,/home/gensis2/research/archx/chiplet4ai/llama/description/workload/llama_3_8b/config_0.workload.yaml,/home/gensis2/research/archx/chiplet4ai/llama/description/event/event.yaml,/home/gensis2/research/archx/chiplet4ai/llama/description/metric/metric.yaml,/home/gensis2/research/archx/chiplet4ai/llama/description/runs/llama_3_8b/arch_61/config_0,/home/gensis2/research/archx/chiplet4ai/llama/description/runs/llama_3_8b/arch_61/config_0/checkpoint.json
123,61,/home/gensis2/research/archx/chiplet4ai/llama/description/architecture/config_61.architecture.yaml,llama_3_70b,1,/home/gensis2/research/archx/chiplet4ai/llama/description/workload/llama_3_70b/config_1.workload.yaml,/home/gensis2/research/archx/chiplet4ai/llama/description/event/event.yaml,/home/gensis2/research/archx/chiplet4ai/llama/description/metric/metric.yaml,/home/gensis2/research/archx/chiplet4ai/llama/description/runs/llama_3_70b/arch_61/config_1,/home/gensis2/research/archx/chiplet4ai/llama/description/runs/llama_3_70b/arch_61/config_1/checkpoint.json
124,62,/home/gensis2/research/archx/chiplet4ai/llama/description/architecture/config_62.architecture.yaml,llama_3_8b,0,/home/gensis2/research/archx/chiplet4ai/llama/description/workload/llama_3_8b/config_0.workload.yaml,/home/gensis2/research/archx/chiplet4ai/llama/description/event/event.yaml,/home/gensis2/research/archx/chiplet4ai/llama/description/metric/metric.yaml,/home/gensis2/research/archx/chiplet4ai/llama/description/runs/llama_3_8b/arch_62/config_0,/home/gensis2/research/archx/chiplet4ai/llama/description/runs/llama_3_8b/arch_62/config_0/checkpoint.json
125,62,/home/gensis2/research/archx/chiplet4ai/llama/description/architecture/config_62.architecture.yaml,llama_3_70b,1,/home/gensis2/research/archx/chiplet4ai/llama/description/workload/llama_3_70b/config_1.workload.yaml,/home/gensis2/research/archx/chiplet4ai/llama/description/event/event.yaml,/home/gensis2/research/archx/chiplet4ai/llama/description/metric/metric.yaml,/home/gensis2/research/archx/chiplet4ai/llama/description/runs/llama_3_70b/arch_62/config_1,/home/gensis2/research/archx/chiplet4ai/llama/description/runs/llama_3_70b/arch_62/config_1/checkpoint.json
126,63,/home/gensis2/research/archx/chiplet4ai/llama/description/architecture/config_63.architecture.yaml,llama_3_8b,0,/home/gensis2/research/archx/chiplet4ai/llama/description/workload/llama_3_8b/config_0.workload.yaml,/home/gensis2/research/archx/chiplet4ai/llama/description/event/event.yaml,/home/gensis2/research/archx/chiplet4ai/llama/description/metric/metric.yaml,/home/gensis2/research/archx/chiplet4ai/llama/description/runs/llama_3_8b/arch_63/config_0,/home/gensis2/research/archx/chiplet4ai/llama/description/runs/llama_3_8b/arch_63/config_0/checkpoint.json
127,63,/home/gensis2/research/archx/chiplet4ai/llama/description/architecture/config_63.architecture.yaml,llama_3_70b,1,/home/gensis2/research/archx/chiplet4ai/llama/description/workload/llama_3_70b/config_1.workload.yaml,/home/gensis2/research/archx/chiplet4ai/llama/description/event/event.yaml,/home/gensis2/research/archx/chiplet4ai/llama/description/metric/metric.yaml,/home/gensis2/research/archx/chiplet4ai/llama/description/runs/llama_3_70b/arch_63/config_1,/home/gensis2/research/archx/chiplet4ai/llama/description/runs/llama_3_70b/arch_63/config_1/checkpoint.json
128,64,/home/gensis2/research/archx/chiplet4ai/llama/description/architecture/config_64.architecture.yaml,llama_3_8b,0,/home/gensis2/research/archx/chiplet4ai/llama/description/workload/llama_3_8b/config_0.workload.yaml,/home/gensis2/research/archx/chiplet4ai/llama/description/event/event.yaml,/home/gensis2/research/archx/chiplet4ai/llama/description/metric/metric.yaml,/home/gensis2/research/archx/chiplet4ai/llama/description/runs/llama_3_8b/arch_64/config_0,/home/gensis2/research/archx/chiplet4ai/llama/description/runs/llama_3_8b/arch_64/config_0/checkpoint.json
129,64,/home/gensis2/research/archx/chiplet4ai/llama/description/architecture/config_64.architecture.yaml,llama_3_70b,1,/home/gensis2/research/archx/chiplet4ai/llama/description/workload/llama_3_70b/config_1.workload.yaml,/home/gensis2/research/archx/chiplet4ai/llama/description/event/event.yaml,/home/gensis2/research/archx/chiplet4ai/llama/description/metric/metric.yaml,/home/gensis2/research/archx/chiplet4ai/llama/description/runs/llama_3_70b/arch_64/config_1,/home/gensis2/research/archx/chiplet4ai/llama/description/runs/llama_3_70b/arch_64/config_1/checkpoint.json
130,65,/home/gensis2/research/archx/chiplet4ai/llama/description/architecture/config_65.architecture.yaml,llama_3_8b,0,/home/gensis2/research/archx/chiplet4ai/llama/description/workload/llama_3_8b/config_0.workload.yaml,/home/gensis2/research/archx/chiplet4ai/llama/description/event/event.yaml,/home/gensis2/research/archx/chiplet4ai/llama/description/metric/metric.yaml,/home/gensis2/research/archx/chiplet4ai/llama/description/runs/llama_3_8b/arch_65/config_0,/home/gensis2/research/archx/chiplet4ai/llama/description/runs/llama_3_8b/arch_65/config_0/checkpoint.json
131,65,/home/gensis2/research/archx/chiplet4ai/llama/description/architecture/config_65.architecture.yaml,llama_3_70b,1,/home/gensis2/research/archx/chiplet4ai/llama/description/workload/llama_3_70b/config_1.workload.yaml,/home/gensis2/research/archx/chiplet4ai/llama/description/event/event.yaml,/home/gensis2/research/archx/chiplet4ai/llama/description/metric/metric.yaml,/home/gensis2/research/archx/chiplet4ai/llama/description/runs/llama_3_70b/arch_65/config_1,/home/gensis2/research/archx/chiplet4ai/llama/description/runs/llama_3_70b/arch_65/config_1/checkpoint.json
132,66,/home/gensis2/research/archx/chiplet4ai/llama/description/architecture/config_66.architecture.yaml,llama_3_8b,0,/home/gensis2/research/archx/chiplet4ai/llama/description/workload/llama_3_8b/config_0.workload.yaml,/home/gensis2/research/archx/chiplet4ai/llama/description/event/event.yaml,/home/gensis2/research/archx/chiplet4ai/llama/description/metric/metric.yaml,/home/gensis2/research/archx/chiplet4ai/llama/description/runs/llama_3_8b/arch_66/config_0,/home/gensis2/research/archx/chiplet4ai/llama/description/runs/llama_3_8b/arch_66/config_0/checkpoint.json
133,66,/home/gensis2/research/archx/chiplet4ai/llama/description/architecture/config_66.architecture.yaml,llama_3_70b,1,/home/gensis2/research/archx/chiplet4ai/llama/description/workload/llama_3_70b/config_1.workload.yaml,/home/gensis2/research/archx/chiplet4ai/llama/description/event/event.yaml,/home/gensis2/research/archx/chiplet4ai/llama/description/metric/metric.yaml,/home/gensis2/research/archx/chiplet4ai/llama/description/runs/llama_3_70b/arch_66/config_1,/home/gensis2/research/archx/chiplet4ai/llama/description/runs/llama_3_70b/arch_66/config_1/checkpoint.json
134,67,/home/gensis2/research/archx/chiplet4ai/llama/description/architecture/config_67.architecture.yaml,llama_3_8b,0,/home/gensis2/research/archx/chiplet4ai/llama/description/workload/llama_3_8b/config_0.workload.yaml,/home/gensis2/research/archx/chiplet4ai/llama/description/event/event.yaml,/home/gensis2/research/archx/chiplet4ai/llama/description/metric/metric.yaml,/home/gensis2/research/archx/chiplet4ai/llama/description/runs/llama_3_8b/arch_67/config_0,/home/gensis2/research/archx/chiplet4ai/llama/description/runs/llama_3_8b/arch_67/config_0/checkpoint.json
135,67,/home/gensis2/research/archx/chiplet4ai/llama/description/architecture/config_67.architecture.yaml,llama_3_70b,1,/home/gensis2/research/archx/chiplet4ai/llama/description/workload/llama_3_70b/config_1.workload.yaml,/home/gensis2/research/archx/chiplet4ai/llama/description/event/event.yaml,/home/gensis2/research/archx/chiplet4ai/llama/description/metric/metric.yaml,/home/gensis2/research/archx/chiplet4ai/llama/description/runs/llama_3_70b/arch_67/config_1,/home/gensis2/research/archx/chiplet4ai/llama/description/runs/llama_3_70b/arch_67/config_1/checkpoint.json
136,68,/home/gensis2/research/archx/chiplet4ai/llama/description/architecture/config_68.architecture.yaml,llama_3_8b,0,/home/gensis2/research/archx/chiplet4ai/llama/description/workload/llama_3_8b/config_0.workload.yaml,/home/gensis2/research/archx/chiplet4ai/llama/description/event/event.yaml,/home/gensis2/research/archx/chiplet4ai/llama/description/metric/metric.yaml,/home/gensis2/research/archx/chiplet4ai/llama/description/runs/llama_3_8b/arch_68/config_0,/home/gensis2/research/archx/chiplet4ai/llama/description/runs/llama_3_8b/arch_68/config_0/checkpoint.json
137,68,/home/gensis2/research/archx/chiplet4ai/llama/description/architecture/config_68.architecture.yaml,llama_3_70b,1,/home/gensis2/research/archx/chiplet4ai/llama/description/workload/llama_3_70b/config_1.workload.yaml,/home/gensis2/research/archx/chiplet4ai/llama/description/event/event.yaml,/home/gensis2/research/archx/chiplet4ai/llama/description/metric/metric.yaml,/home/gensis2/research/archx/chiplet4ai/llama/description/runs/llama_3_70b/arch_68/config_1,/home/gensis2/research/archx/chiplet4ai/llama/description/runs/llama_3_70b/arch_68/config_1/checkpoint.json
138,69,/home/gensis2/research/archx/chiplet4ai/llama/description/architecture/config_69.architecture.yaml,llama_3_8b,0,/home/gensis2/research/archx/chiplet4ai/llama/description/workload/llama_3_8b/config_0.workload.yaml,/home/gensis2/research/archx/chiplet4ai/llama/description/event/event.yaml,/home/gensis2/research/archx/chiplet4ai/llama/description/metric/metric.yaml,/home/gensis2/research/archx/chiplet4ai/llama/description/runs/llama_3_8b/arch_69/config_0,/home/gensis2/research/archx/chiplet4ai/llama/description/runs/llama_3_8b/arch_69/config_0/checkpoint.json
139,69,/home/gensis2/research/archx/chiplet4ai/llama/description/architecture/config_69.architecture.yaml,llama_3_70b,1,/home/gensis2/research/archx/chiplet4ai/llama/description/workload/llama_3_70b/config_1.workload.yaml,/home/gensis2/research/archx/chiplet4ai/llama/description/event/event.yaml,/home/gensis2/research/archx/chiplet4ai/llama/description/metric/metric.yaml,/home/gensis2/research/archx/chiplet4ai/llama/description/runs/llama_3_70b/arch_69/config_1,/home/gensis2/research/archx/chiplet4ai/llama/description/runs/llama_3_70b/arch_69/config_1/checkpoint.json
140,70,/home/gensis2/research/archx/chiplet4ai/llama/description/architecture/config_70.architecture.yaml,llama_3_8b,0,/home/gensis2/research/archx/chiplet4ai/llama/description/workload/llama_3_8b/config_0.workload.yaml,/home/gensis2/research/archx/chiplet4ai/llama/description/event/event.yaml,/home/gensis2/research/archx/chiplet4ai/llama/description/metric/metric.yaml,/home/gensis2/research/archx/chiplet4ai/llama/description/runs/llama_3_8b/arch_70/config_0,/home/gensis2/research/archx/chiplet4ai/llama/description/runs/llama_3_8b/arch_70/config_0/checkpoint.json
141,70,/home/gensis2/research/archx/chiplet4ai/llama/description/architecture/config_70.architecture.yaml,llama_3_70b,1,/home/gensis2/research/archx/chiplet4ai/llama/description/workload/llama_3_70b/config_1.workload.yaml,/home/gensis2/research/archx/chiplet4ai/llama/description/event/event.yaml,/home/gensis2/research/archx/chiplet4ai/llama/description/metric/metric.yaml,/home/gensis2/research/archx/chiplet4ai/llama/description/runs/llama_3_70b/arch_70/config_1,/home/gensis2/research/archx/chiplet4ai/llama/description/runs/llama_3_70b/arch_70/config_1/checkpoint.json
142,71,/home/gensis2/research/archx/chiplet4ai/llama/description/architecture/config_71.architecture.yaml,llama_3_8b,0,/home/gensis2/research/archx/chiplet4ai/llama/description/workload/llama_3_8b/config_0.workload.yaml,/home/gensis2/research/archx/chiplet4ai/llama/description/event/event.yaml,/home/gensis2/research/archx/chiplet4ai/llama/description/metric/metric.yaml,/home/gensis2/research/archx/chiplet4ai/llama/description/runs/llama_3_8b/arch_71/config_0,/home/gensis2/research/archx/chiplet4ai/llama/description/runs/llama_3_8b/arch_71/config_0/checkpoint.json
143,71,/home/gensis2/research/archx/chiplet4ai/llama/description/architecture/config_71.architecture.yaml,llama_3_70b,1,/home/gensis2/research/archx/chiplet4ai/llama/description/workload/llama_3_70b/config_1.workload.yaml,/home/gensis2/research/archx/chiplet4ai/llama/description/event/event.yaml,/home/gensis2/research/archx/chiplet4ai/llama/description/metric/metric.yaml,/home/gensis2/research/archx/chiplet4ai/llama/description/runs/llama_3_70b/arch_71/config_1,/home/gensis2/research/archx/chiplet4ai/llama/description/runs/llama_3_70b/arch_71/config_1/checkpoint.json
144,72,/home/gensis2/research/archx/chiplet4ai/llama/description/architecture/config_72.architecture.yaml,llama_3_8b,0,/home/gensis2/research/archx/chiplet4ai/llama/description/workload/llama_3_8b/config_0.workload.yaml,/home/gensis2/research/archx/chiplet4ai/llama/description/event/event.yaml,/home/gensis2/research/archx/chiplet4ai/llama/description/metric/metric.yaml,/home/gensis2/research/archx/chiplet4ai/llama/description/runs/llama_3_8b/arch_72/config_0,/home/gensis2/research/archx/chiplet4ai/llama/description/runs/llama_3_8b/arch_72/config_0/checkpoint.json
145,72,/home/gensis2/research/archx/chiplet4ai/llama/description/architecture/config_72.architecture.yaml,llama_3_70b,1,/home/gensis2/research/archx/chiplet4ai/llama/description/workload/llama_3_70b/config_1.workload.yaml,/home/gensis2/research/archx/chiplet4ai/llama/description/event/event.yaml,/home/gensis2/research/archx/chiplet4ai/llama/description/metric/metric.yaml,/home/gensis2/research/archx/chiplet4ai/llama/description/runs/llama_3_70b/arch_72/config_1,/home/gensis2/research/archx/chiplet4ai/llama/description/runs/llama_3_70b/arch_72/config_1/checkpoint.json
146,73,/home/gensis2/research/archx/chiplet4ai/llama/description/architecture/config_73.architecture.yaml,llama_3_8b,0,/home/gensis2/research/archx/chiplet4ai/llama/description/workload/llama_3_8b/config_0.workload.yaml,/home/gensis2/research/archx/chiplet4ai/llama/description/event/event.yaml,/home/gensis2/research/archx/chiplet4ai/llama/description/metric/metric.yaml,/home/gensis2/research/archx/chiplet4ai/llama/description/runs/llama_3_8b/arch_73/config_0,/home/gensis2/research/archx/chiplet4ai/llama/description/runs/llama_3_8b/arch_73/config_0/checkpoint.json
147,73,/home/gensis2/research/archx/chiplet4ai/llama/description/architecture/config_73.architecture.yaml,llama_3_70b,1,/home/gensis2/research/archx/chiplet4ai/llama/description/workload/llama_3_70b/config_1.workload.yaml,/home/gensis2/research/archx/chiplet4ai/llama/description/event/event.yaml,/home/gensis2/research/archx/chiplet4ai/llama/description/metric/metric.yaml,/home/gensis2/research/archx/chiplet4ai/llama/description/runs/llama_3_70b/arch_73/config_1,/home/gensis2/research/archx/chiplet4ai/llama/description/runs/llama_3_70b/arch_73/config_1/checkpoint.json
148,74,/home/gensis2/research/archx/chiplet4ai/llama/description/architecture/config_74.architecture.yaml,llama_3_8b,0,/home/gensis2/research/archx/chiplet4ai/llama/description/workload/llama_3_8b/config_0.workload.yaml,/home/gensis2/research/archx/chiplet4ai/llama/description/event/event.yaml,/home/gensis2/research/archx/chiplet4ai/llama/description/metric/metric.yaml,/home/gensis2/research/archx/chiplet4ai/llama/description/runs/llama_3_8b/arch_74/config_0,/home/gensis2/research/archx/chiplet4ai/llama/description/runs/llama_3_8b/arch_74/config_0/checkpoint.json
149,74,/home/gensis2/research/archx/chiplet4ai/llama/description/architecture/config_74.architecture.yaml,llama_3_70b,1,/home/gensis2/research/archx/chiplet4ai/llama/description/workload/llama_3_70b/config_1.workload.yaml,/home/gensis2/research/archx/chiplet4ai/llama/description/event/event.yaml,/home/gensis2/research/archx/chiplet4ai/llama/description/metric/metric.yaml,/home/gensis2/research/archx/chiplet4ai/llama/description/runs/llama_3_70b/arch_74/config_1,/home/gensis2/research/archx/chiplet4ai/llama/description/runs/llama_3_70b/arch_74/config_1/checkpoint.json
150,75,/home/gensis2/research/archx/chiplet4ai/llama/description/architecture/config_75.architecture.yaml,llama_3_8b,0,/home/gensis2/research/archx/chiplet4ai/llama/description/workload/llama_3_8b/config_0.workload.yaml,/home/gensis2/research/archx/chiplet4ai/llama/description/event/event.yaml,/home/gensis2/research/archx/chiplet4ai/llama/description/metric/metric.yaml,/home/gensis2/research/archx/chiplet4ai/llama/description/runs/llama_3_8b/arch_75/config_0,/home/gensis2/research/archx/chiplet4ai/llama/description/runs/llama_3_8b/arch_75/config_0/checkpoint.json
151,75,/home/gensis2/research/archx/chiplet4ai/llama/description/architecture/config_75.architecture.yaml,llama_3_70b,1,/home/gensis2/research/archx/chiplet4ai/llama/description/workload/llama_3_70b/config_1.workload.yaml,/home/gensis2/research/archx/chiplet4ai/llama/description/event/event.yaml,/home/gensis2/research/archx/chiplet4ai/llama/description/metric/metric.yaml,/home/gensis2/research/archx/chiplet4ai/llama/description/runs/llama_3_70b/arch_75/config_1,/home/gensis2/research/archx/chiplet4ai/llama/description/runs/llama_3_70b/arch_75/config_1/checkpoint.json
152,76,/home/gensis2/research/archx/chiplet4ai/llama/description/architecture/config_76.architecture.yaml,llama_3_8b,0,/home/gensis2/research/archx/chiplet4ai/llama/description/workload/llama_3_8b/config_0.workload.yaml,/home/gensis2/research/archx/chiplet4ai/llama/description/event/event.yaml,/home/gensis2/research/archx/chiplet4ai/llama/description/metric/metric.yaml,/home/gensis2/research/archx/chiplet4ai/llama/description/runs/llama_3_8b/arch_76/config_0,/home/gensis2/research/archx/chiplet4ai/llama/description/runs/llama_3_8b/arch_76/config_0/checkpoint.json
153,76,/home/gensis2/research/archx/chiplet4ai/llama/description/architecture/config_76.architecture.yaml,llama_3_70b,1,/home/gensis2/research/archx/chiplet4ai/llama/description/workload/llama_3_70b/config_1.workload.yaml,/home/gensis2/research/archx/chiplet4ai/llama/description/event/event.yaml,/home/gensis2/research/archx/chiplet4ai/llama/description/metric/metric.yaml,/home/gensis2/research/archx/chiplet4ai/llama/description/runs/llama_3_70b/arch_76/config_1,/home/gensis2/research/archx/chiplet4ai/llama/description/runs/llama_3_70b/arch_76/config_1/checkpoint.json
154,77,/home/gensis2/research/archx/chiplet4ai/llama/description/architecture/config_77.architecture.yaml,llama_3_8b,0,/home/gensis2/research/archx/chiplet4ai/llama/description/workload/llama_3_8b/config_0.workload.yaml,/home/gensis2/research/archx/chiplet4ai/llama/description/event/event.yaml,/home/gensis2/research/archx/chiplet4ai/llama/description/metric/metric.yaml,/home/gensis2/research/archx/chiplet4ai/llama/description/runs/llama_3_8b/arch_77/config_0,/home/gensis2/research/archx/chiplet4ai/llama/description/runs/llama_3_8b/arch_77/config_0/checkpoint.json
155,77,/home/gensis2/research/archx/chiplet4ai/llama/description/architecture/config_77.architecture.yaml,llama_3_70b,1,/home/gensis2/research/archx/chiplet4ai/llama/description/workload/llama_3_70b/config_1.workload.yaml,/home/gensis2/research/archx/chiplet4ai/llama/description/event/event.yaml,/home/gensis2/research/archx/chiplet4ai/llama/description/metric/metric.yaml,/home/gensis2/research/archx/chiplet4ai/llama/description/runs/llama_3_70b/arch_77/config_1,/home/gensis2/research/archx/chiplet4ai/llama/description/runs/llama_3_70b/arch_77/config_1/checkpoint.json
156,78,/home/gensis2/research/archx/chiplet4ai/llama/description/architecture/config_78.architecture.yaml,llama_3_8b,0,/home/gensis2/research/archx/chiplet4ai/llama/description/workload/llama_3_8b/config_0.workload.yaml,/home/gensis2/research/archx/chiplet4ai/llama/description/event/event.yaml,/home/gensis2/research/archx/chiplet4ai/llama/description/metric/metric.yaml,/home/gensis2/research/archx/chiplet4ai/llama/description/runs/llama_3_8b/arch_78/config_0,/home/gensis2/research/archx/chiplet4ai/llama/description/runs/llama_3_8b/arch_78/config_0/checkpoint.json
157,78,/home/gensis2/research/archx/chiplet4ai/llama/description/architecture/config_78.architecture.yaml,llama_3_70b,1,/home/gensis2/research/archx/chiplet4ai/llama/description/workload/llama_3_70b/config_1.workload.yaml,/home/gensis2/research/archx/chiplet4ai/llama/description/event/event.yaml,/home/gensis2/research/archx/chiplet4ai/llama/description/metric/metric.yaml,/home/gensis2/research/archx/chiplet4ai/llama/description/runs/llama_3_70b/arch_78/config_1,/home/gensis2/research/archx/chiplet4ai/llama/description/runs/llama_3_70b/arch_78/config_1/checkpoint.json
158,79,/home/gensis2/research/archx/chiplet4ai/llama/description/architecture/config_79.architecture.yaml,llama_3_8b,0,/home/gensis2/research/archx/chiplet4ai/llama/description/workload/llama_3_8b/config_0.workload.yaml,/home/gensis2/research/archx/chiplet4ai/llama/description/event/event.yaml,/home/gensis2/research/archx/chiplet4ai/llama/description/metric/metric.yaml,/home/gensis2/research/archx/chiplet4ai/llama/description/runs/llama_3_8b/arch_79/config_0,/home/gensis2/research/archx/chiplet4ai/llama/description/runs/llama_3_8b/arch_79/config_0/checkpoint.json
159,79,/home/gensis2/research/archx/chiplet4ai/llama/description/architecture/config_79.architecture.yaml,llama_3_70b,1,/home/gensis2/research/archx/chiplet4ai/llama/description/workload/llama_3_70b/config_1.workload.yaml,/home/gensis2/research/archx/chiplet4ai/llama/description/event/event.yaml,/home/gensis2/research/archx/chiplet4ai/llama/description/metric/metric.yaml,/home/gensis2/research/archx/chiplet4ai/llama/description/runs/llama_3_70b/arch_79/config_1,/home/gensis2/research/archx/chiplet4ai/llama/description/runs/llama_3_70b/arch_79/config_1/checkpoint.json
160,80,/home/gensis2/research/archx/chiplet4ai/llama/description/architecture/config_80.architecture.yaml,llama_3_8b,0,/home/gensis2/research/archx/chiplet4ai/llama/description/workload/llama_3_8b/config_0.workload.yaml,/home/gensis2/research/archx/chiplet4ai/llama/description/event/event.yaml,/home/gensis2/research/archx/chiplet4ai/llama/description/metric/metric.yaml,/home/gensis2/research/archx/chiplet4ai/llama/description/runs/llama_3_8b/arch_80/config_0,/home/gensis2/research/archx/chiplet4ai/llama/description/runs/llama_3_8b/arch_80/config_0/checkpoint.json
161,80,/home/gensis2/research/archx/chiplet4ai/llama/description/architecture/config_80.architecture.yaml,llama_3_70b,1,/home/gensis2/research/archx/chiplet4ai/llama/description/workload/llama_3_70b/config_1.workload.yaml,/home/gensis2/research/archx/chiplet4ai/llama/description/event/event.yaml,/home/gensis2/research/archx/chiplet4ai/llama/description/metric/metric.yaml,/home/gensis2/research/archx/chiplet4ai/llama/description/runs/llama_3_70b/arch_80/config_1,/home/gensis2/research/archx/chiplet4ai/llama/description/runs/llama_3_70b/arch_80/config_1/checkpoint.json
162,81,/home/gensis2/research/archx/chiplet4ai/llama/description/architecture/config_81.architecture.yaml,llama_3_8b,0,/home/gensis2/research/archx/chiplet4ai/llama/description/workload/llama_3_8b/config_0.workload.yaml,/home/gensis2/research/archx/chiplet4ai/llama/description/event/event.yaml,/home/gensis2/research/archx/chiplet4ai/llama/description/metric/metric.yaml,/home/gensis2/research/archx/chiplet4ai/llama/description/runs/llama_3_8b/arch_81/config_0,/home/gensis2/research/archx/chiplet4ai/llama/description/runs/llama_3_8b/arch_81/config_0/checkpoint.json
163,81,/home/gensis2/research/archx/chiplet4ai/llama/description/architecture/config_81.architecture.yaml,llama_3_70b,1,/home/gensis2/research/archx/chiplet4ai/llama/description/workload/llama_3_70b/config_1.workload.yaml,/home/gensis2/research/archx/chiplet4ai/llama/description/event/event.yaml,/home/gensis2/research/archx/chiplet4ai/llama/description/metric/metric.yaml,/home/gensis2/research/archx/chiplet4ai/llama/description/runs/llama_3_70b/arch_81/config_1,/home/gensis2/research/archx/chiplet4ai/llama/description/runs/llama_3_70b/arch_81/config_1/checkpoint.json
164,82,/home/gensis2/research/archx/chiplet4ai/llama/description/architecture/config_82.architecture.yaml,llama_3_8b,0,/home/gensis2/research/archx/chiplet4ai/llama/description/workload/llama_3_8b/config_0.workload.yaml,/home/gensis2/research/archx/chiplet4ai/llama/description/event/event.yaml,/home/gensis2/research/archx/chiplet4ai/llama/description/metric/metric.yaml,/home/gensis2/research/archx/chiplet4ai/llama/description/runs/llama_3_8b/arch_82/config_0,/home/gensis2/research/archx/chiplet4ai/llama/description/runs/llama_3_8b/arch_82/config_0/checkpoint.json
165,82,/home/gensis2/research/archx/chiplet4ai/llama/description/architecture/config_82.architecture.yaml,llama_3_70b,1,/home/gensis2/research/archx/chiplet4ai/llama/description/workload/llama_3_70b/config_1.workload.yaml,/home/gensis2/research/archx/chiplet4ai/llama/description/event/event.yaml,/home/gensis2/research/archx/chiplet4ai/llama/description/metric/metric.yaml,/home/gensis2/research/archx/chiplet4ai/llama/description/runs/llama_3_70b/arch_82/config_1,/home/gensis2/research/archx/chiplet4ai/llama/description/runs/llama_3_70b/arch_82/config_1/checkpoint.json
166,83,/home/gensis2/research/archx/chiplet4ai/llama/description/architecture/config_83.architecture.yaml,llama_3_8b,0,/home/gensis2/research/archx/chiplet4ai/llama/description/workload/llama_3_8b/config_0.workload.yaml,/home/gensis2/research/archx/chiplet4ai/llama/description/event/event.yaml,/home/gensis2/research/archx/chiplet4ai/llama/description/metric/metric.yaml,/home/gensis2/research/archx/chiplet4ai/llama/description/runs/llama_3_8b/arch_83/config_0,/home/gensis2/research/archx/chiplet4ai/llama/description/runs/llama_3_8b/arch_83/config_0/checkpoint.json
167,83,/home/gensis2/research/archx/chiplet4ai/llama/description/architecture/config_83.architecture.yaml,llama_3_70b,1,/home/gensis2/research/archx/chiplet4ai/llama/description/workload/llama_3_70b/config_1.workload.yaml,/home/gensis2/research/archx/chiplet4ai/llama/description/event/event.yaml,/home/gensis2/research/archx/chiplet4ai/llama/description/metric/metric.yaml,/home/gensis2/research/archx/chiplet4ai/llama/description/runs/llama_3_70b/arch_83/config_1,/home/gensis2/research/archx/chiplet4ai/llama/description/runs/llama_3_70b/arch_83/config_1/checkpoint.json
168,84,/home/gensis2/research/archx/chiplet4ai/llama/description/architecture/config_84.architecture.yaml,llama_3_8b,0,/home/gensis2/research/archx/chiplet4ai/llama/description/workload/llama_3_8b/config_0.workload.yaml,/home/gensis2/research/archx/chiplet4ai/llama/description/event/event.yaml,/home/gensis2/research/archx/chiplet4ai/llama/description/metric/metric.yaml,/home/gensis2/research/archx/chiplet4ai/llama/description/runs/llama_3_8b/arch_84/config_0,/home/gensis2/research/archx/chiplet4ai/llama/description/runs/llama_3_8b/arch_84/config_0/checkpoint.json
169,84,/home/gensis2/research/archx/chiplet4ai/llama/description/architecture/config_84.architecture.yaml,llama_3_70b,1,/home/gensis2/research/archx/chiplet4ai/llama/description/workload/llama_3_70b/config_1.workload.yaml,/home/gensis2/research/archx/chiplet4ai/llama/description/event/event.yaml,/home/gensis2/research/archx/chiplet4ai/llama/description/metric/metric.yaml,/home/gensis2/research/archx/chiplet4ai/llama/description/runs/llama_3_70b/arch_84/config_1,/home/gensis2/research/archx/chiplet4ai/llama/description/runs/llama_3_70b/arch_84/config_1/checkpoint.json
170,85,/home/gensis2/research/archx/chiplet4ai/llama/description/architecture/config_85.architecture.yaml,llama_3_8b,0,/home/gensis2/research/archx/chiplet4ai/llama/description/workload/llama_3_8b/config_0.workload.yaml,/home/gensis2/research/archx/chiplet4ai/llama/description/event/event.yaml,/home/gensis2/research/archx/chiplet4ai/llama/description/metric/metric.yaml,/home/gensis2/research/archx/chiplet4ai/llama/description/runs/llama_3_8b/arch_85/config_0,/home/gensis2/research/archx/chiplet4ai/llama/description/runs/llama_3_8b/arch_85/config_0/checkpoint.json
171,85,/home/gensis2/research/archx/chiplet4ai/llama/description/architecture/config_85.architecture.yaml,llama_3_70b,1,/home/gensis2/research/archx/chiplet4ai/llama/description/workload/llama_3_70b/config_1.workload.yaml,/home/gensis2/research/archx/chiplet4ai/llama/description/event/event.yaml,/home/gensis2/research/archx/chiplet4ai/llama/description/metric/metric.yaml,/home/gensis2/research/archx/chiplet4ai/llama/description/runs/llama_3_70b/arch_85/config_1,/home/gensis2/research/archx/chiplet4ai/llama/description/runs/llama_3_70b/arch_85/config_1/checkpoint.json
172,86,/home/gensis2/research/archx/chiplet4ai/llama/description/architecture/config_86.architecture.yaml,llama_3_8b,0,/home/gensis2/research/archx/chiplet4ai/llama/description/workload/llama_3_8b/config_0.workload.yaml,/home/gensis2/research/archx/chiplet4ai/llama/description/event/event.yaml,/home/gensis2/research/archx/chiplet4ai/llama/description/metric/metric.yaml,/home/gensis2/research/archx/chiplet4ai/llama/description/runs/llama_3_8b/arch_86/config_0,/home/gensis2/research/archx/chiplet4ai/llama/description/runs/llama_3_8b/arch_86/config_0/checkpoint.json
173,86,/home/gensis2/research/archx/chiplet4ai/llama/description/architecture/config_86.architecture.yaml,llama_3_70b,1,/home/gensis2/research/archx/chiplet4ai/llama/description/workload/llama_3_70b/config_1.workload.yaml,/home/gensis2/research/archx/chiplet4ai/llama/description/event/event.yaml,/home/gensis2/research/archx/chiplet4ai/llama/description/metric/metric.yaml,/home/gensis2/research/archx/chiplet4ai/llama/description/runs/llama_3_70b/arch_86/config_1,/home/gensis2/research/archx/chiplet4ai/llama/description/runs/llama_3_70b/arch_86/config_1/checkpoint.json
174,87,/home/gensis2/research/archx/chiplet4ai/llama/description/architecture/config_87.architecture.yaml,llama_3_8b,0,/home/gensis2/research/archx/chiplet4ai/llama/description/workload/llama_3_8b/config_0.workload.yaml,/home/gensis2/research/archx/chiplet4ai/llama/description/event/event.yaml,/home/gensis2/research/archx/chiplet4ai/llama/description/metric/metric.yaml,/home/gensis2/research/archx/chiplet4ai/llama/description/runs/llama_3_8b/arch_87/config_0,/home/gensis2/research/archx/chiplet4ai/llama/description/runs/llama_3_8b/arch_87/config_0/checkpoint.json
175,87,/home/gensis2/research/archx/chiplet4ai/llama/description/architecture/config_87.architecture.yaml,llama_3_70b,1,/home/gensis2/research/archx/chiplet4ai/llama/description/workload/llama_3_70b/config_1.workload.yaml,/home/gensis2/research/archx/chiplet4ai/llama/description/event/event.yaml,/home/gensis2/research/archx/chiplet4ai/llama/description/metric/metric.yaml,/home/gensis2/research/archx/chiplet4ai/llama/description/runs/llama_3_70b/arch_87/config_1,/home/gensis2/research/archx/chiplet4ai/llama/description/runs/llama_3_70b/arch_87/config_1/checkpoint.json
176,88,/home/gensis2/research/archx/chiplet4ai/llama/description/architecture/config_88.architecture.yaml,llama_3_8b,0,/home/gensis2/research/archx/chiplet4ai/llama/description/workload/llama_3_8b/config_0.workload.yaml,/home/gensis2/research/archx/chiplet4ai/llama/description/event/event.yaml,/home/gensis2/research/archx/chiplet4ai/llama/description/metric/metric.yaml,/home/gensis2/research/archx/chiplet4ai/llama/description/runs/llama_3_8b/arch_88/config_0,/home/gensis2/research/archx/chiplet4ai/llama/description/runs/llama_3_8b/arch_88/config_0/checkpoint.json
177,88,/home/gensis2/research/archx/chiplet4ai/llama/description/architecture/config_88.architecture.yaml,llama_3_70b,1,/home/gensis2/research/archx/chiplet4ai/llama/description/workload/llama_3_70b/config_1.workload.yaml,/home/gensis2/research/archx/chiplet4ai/llama/description/event/event.yaml,/home/gensis2/research/archx/chiplet4ai/llama/description/metric/metric.yaml,/home/gensis2/research/archx/chiplet4ai/llama/description/runs/llama_3_70b/arch_88/config_1,/home/gensis2/research/archx/chiplet4ai/llama/description/runs/llama_3_70b/arch_88/config_1/checkpoint.json
178,89,/home/gensis2/research/archx/chiplet4ai/llama/description/architecture/config_89.architecture.yaml,llama_3_8b,0,/home/gensis2/research/archx/chiplet4ai/llama/description/workload/llama_3_8b/config_0.workload.yaml,/home/gensis2/research/archx/chiplet4ai/llama/description/event/event.yaml,/home/gensis2/research/archx/chiplet4ai/llama/description/metric/metric.yaml,/home/gensis2/research/archx/chiplet4ai/llama/description/runs/llama_3_8b/arch_89/config_0,/home/gensis2/research/archx/chiplet4ai/llama/description/runs/llama_3_8b/arch_89/config_0/checkpoint.json
179,89,/home/gensis2/research/archx/chiplet4ai/llama/description/architecture/config_89.architecture.yaml,llama_3_70b,1,/home/gensis2/research/archx/chiplet4ai/llama/description/workload/llama_3_70b/config_1.workload.yaml,/home/gensis2/research/archx/chiplet4ai/llama/description/event/event.yaml,/home/gensis2/research/archx/chiplet4ai/llama/description/metric/metric.yaml,/home/gensis2/research/archx/chiplet4ai/llama/description/runs/llama_3_70b/arch_89/config_1,/home/gensis2/research/archx/chiplet4ai/llama/description/runs/llama_3_70b/arch_89/config_1/checkpoint.json
180,90,/home/gensis2/research/archx/chiplet4ai/llama/description/architecture/config_90.architecture.yaml,llama_3_8b,0,/home/gensis2/research/archx/chiplet4ai/llama/description/workload/llama_3_8b/config_0.workload.yaml,/home/gensis2/research/archx/chiplet4ai/llama/description/event/event.yaml,/home/gensis2/research/archx/chiplet4ai/llama/description/metric/metric.yaml,/home/gensis2/research/archx/chiplet4ai/llama/description/runs/llama_3_8b/arch_90/config_0,/home/gensis2/research/archx/chiplet4ai/llama/description/runs/llama_3_8b/arch_90/config_0/checkpoint.json
181,90,/home/gensis2/research/archx/chiplet4ai/llama/description/architecture/config_90.architecture.yaml,llama_3_70b,1,/home/gensis2/research/archx/chiplet4ai/llama/description/workload/llama_3_70b/config_1.workload.yaml,/home/gensis2/research/archx/chiplet4ai/llama/description/event/event.yaml,/home/gensis2/research/archx/chiplet4ai/llama/description/metric/metric.yaml,/home/gensis2/research/archx/chiplet4ai/llama/description/runs/llama_3_70b/arch_90/config_1,/home/gensis2/research/archx/chiplet4ai/llama/description/runs/llama_3_70b/arch_90/config_1/checkpoint.json
182,91,/home/gensis2/research/archx/chiplet4ai/llama/description/architecture/config_91.architecture.yaml,llama_3_8b,0,/home/gensis2/research/archx/chiplet4ai/llama/description/workload/llama_3_8b/config_0.workload.yaml,/home/gensis2/research/archx/chiplet4ai/llama/description/event/event.yaml,/home/gensis2/research/archx/chiplet4ai/llama/description/metric/metric.yaml,/home/gensis2/research/archx/chiplet4ai/llama/description/runs/llama_3_8b/arch_91/config_0,/home/gensis2/research/archx/chiplet4ai/llama/description/runs/llama_3_8b/arch_91/config_0/checkpoint.json
183,91,/home/gensis2/research/archx/chiplet4ai/llama/description/architecture/config_91.architecture.yaml,llama_3_70b,1,/home/gensis2/research/archx/chiplet4ai/llama/description/workload/llama_3_70b/config_1.workload.yaml,/home/gensis2/research/archx/chiplet4ai/llama/description/event/event.yaml,/home/gensis2/research/archx/chiplet4ai/llama/description/metric/metric.yaml,/home/gensis2/research/archx/chiplet4ai/llama/description/runs/llama_3_70b/arch_91/config_1,/home/gensis2/research/archx/chiplet4ai/llama/description/runs/llama_3_70b/arch_91/config_1/checkpoint.json
184,92,/home/gensis2/research/archx/chiplet4ai/llama/description/architecture/config_92.architecture.yaml,llama_3_8b,0,/home/gensis2/research/archx/chiplet4ai/llama/description/workload/llama_3_8b/config_0.workload.yaml,/home/gensis2/research/archx/chiplet4ai/llama/description/event/event.yaml,/home/gensis2/research/archx/chiplet4ai/llama/description/metric/metric.yaml,/home/gensis2/research/archx/chiplet4ai/llama/description/runs/llama_3_8b/arch_92/config_0,/home/gensis2/research/archx/chiplet4ai/llama/description/runs/llama_3_8b/arch_92/config_0/checkpoint.json
185,92,/home/gensis2/research/archx/chiplet4ai/llama/description/architecture/config_92.architecture.yaml,llama_3_70b,1,/home/gensis2/research/archx/chiplet4ai/llama/description/workload/llama_3_70b/config_1.workload.yaml,/home/gensis2/research/archx/chiplet4ai/llama/description/event/event.yaml,/home/gensis2/research/archx/chiplet4ai/llama/description/metric/metric.yaml,/home/gensis2/research/archx/chiplet4ai/llama/description/runs/llama_3_70b/arch_92/config_1,/home/gensis2/research/archx/chiplet4ai/llama/description/runs/llama_3_70b/arch_92/config_1/checkpoint.json
186,93,/home/gensis2/research/archx/chiplet4ai/llama/description/architecture/config_93.architecture.yaml,llama_3_8b,0,/home/gensis2/research/archx/chiplet4ai/llama/description/workload/llama_3_8b/config_0.workload.yaml,/home/gensis2/research/archx/chiplet4ai/llama/description/event/event.yaml,/home/gensis2/research/archx/chiplet4ai/llama/description/metric/metric.yaml,/home/gensis2/research/archx/chiplet4ai/llama/description/runs/llama_3_8b/arch_93/config_0,/home/gensis2/research/archx/chiplet4ai/llama/description/runs/llama_3_8b/arch_93/config_0/checkpoint.json
187,93,/home/gensis2/research/archx/chiplet4ai/llama/description/architecture/config_93.architecture.yaml,llama_3_70b,1,/home/gensis2/research/archx/chiplet4ai/llama/description/workload/llama_3_70b/config_1.workload.yaml,/home/gensis2/research/archx/chiplet4ai/llama/description/event/event.yaml,/home/gensis2/research/archx/chiplet4ai/llama/description/metric/metric.yaml,/home/gensis2/research/archx/chiplet4ai/llama/description/runs/llama_3_70b/arch_93/config_1,/home/gensis2/research/archx/chiplet4ai/llama/description/runs/llama_3_70b/arch_93/config_1/checkpoint.json
188,94,/home/gensis2/research/archx/chiplet4ai/llama/description/architecture/config_94.architecture.yaml,llama_3_8b,0,/home/gensis2/research/archx/chiplet4ai/llama/description/workload/llama_3_8b/config_0.workload.yaml,/home/gensis2/research/archx/chiplet4ai/llama/description/event/event.yaml,/home/gensis2/research/archx/chiplet4ai/llama/description/metric/metric.yaml,/home/gensis2/research/archx/chiplet4ai/llama/description/runs/llama_3_8b/arch_94/config_0,/home/gensis2/research/archx/chiplet4ai/llama/description/runs/llama_3_8b/arch_94/config_0/checkpoint.json
189,94,/home/gensis2/research/archx/chiplet4ai/llama/description/architecture/config_94.architecture.yaml,llama_3_70b,1,/home/gensis2/research/archx/chiplet4ai/llama/description/workload/llama_3_70b/config_1.workload.yaml,/home/gensis2/research/archx/chiplet4ai/llama/description/event/event.yaml,/home/gensis2/research/archx/chiplet4ai/llama/description/metric/metric.yaml,/home/gensis2/research/archx/chiplet4ai/llama/description/runs/llama_3_70b/arch_94/config_1,/home/gensis2/research/archx/chiplet4ai/llama/description/runs/llama_3_70b/arch_94/config_1/checkpoint.json
190,95,/home/gensis2/research/archx/chiplet4ai/llama/description/architecture/config_95.architecture.yaml,llama_3_8b,0,/home/gensis2/research/archx/chiplet4ai/llama/description/workload/llama_3_8b/config_0.workload.yaml,/home/gensis2/research/archx/chiplet4ai/llama/description/event/event.yaml,/home/gensis2/research/archx/chiplet4ai/llama/description/metric/metric.yaml,/home/gensis2/research/archx/chiplet4ai/llama/description/runs/llama_3_8b/arch_95/config_0,/home/gensis2/research/archx/chiplet4ai/llama/description/runs/llama_3_8b/arch_95/config_0/checkpoint.json
191,95,/home/gensis2/research/archx/chiplet4ai/llama/description/architecture/config_95.architecture.yaml,llama_3_70b,1,/home/gensis2/research/archx/chiplet4ai/llama/description/workload/llama_3_70b/config_1.workload.yaml,/home/gensis2/research/archx/chiplet4ai/llama/description/event/event.yaml,/home/gensis2/research/archx/chiplet4ai/llama/description/metric/metric.yaml,/home/gensis2/research/archx/chiplet4ai/llama/description/runs/llama_3_70b/arch_95/config_1,/home/gensis2/research/archx/chiplet4ai/llama/description/runs/llama_3_70b/arch_95/config_1/checkpoint.json
192,96,/home/gensis2/research/archx/chiplet4ai/llama/description/architecture/config_96.architecture.yaml,llama_3_8b,0,/home/gensis2/research/archx/chiplet4ai/llama/description/workload/llama_3_8b/config_0.workload.yaml,/home/gensis2/research/archx/chiplet4ai/llama/description/event/event.yaml,/home/gensis2/research/archx/chiplet4ai/llama/description/metric/metric.yaml,/home/gensis2/research/archx/chiplet4ai/llama/description/runs/llama_3_8b/arch_96/config_0,/home/gensis2/research/archx/chiplet4ai/llama/description/runs/llama_3_8b/arch_96/config_0/checkpoint.json
193,96,/home/gensis2/research/archx/chiplet4ai/llama/description/architecture/config_96.architecture.yaml,llama_3_70b,1,/home/gensis2/research/archx/chiplet4ai/llama/description/workload/llama_3_70b/config_1.workload.yaml,/home/gensis2/research/archx/chiplet4ai/llama/description/event/event.yaml,/home/gensis2/research/archx/chiplet4ai/llama/description/metric/metric.yaml,/home/gensis2/research/archx/chiplet4ai/llama/description/runs/llama_3_70b/arch_96/config_1,/home/gensis2/research/archx/chiplet4ai/llama/description/runs/llama_3_70b/arch_96/config_1/checkpoint.json
194,97,/home/gensis2/research/archx/chiplet4ai/llama/description/architecture/config_97.architecture.yaml,llama_3_8b,0,/home/gensis2/research/archx/chiplet4ai/llama/description/workload/llama_3_8b/config_0.workload.yaml,/home/gensis2/research/archx/chiplet4ai/llama/description/event/event.yaml,/home/gensis2/research/archx/chiplet4ai/llama/description/metric/metric.yaml,/home/gensis2/research/archx/chiplet4ai/llama/description/runs/llama_3_8b/arch_97/config_0,/home/gensis2/research/archx/chiplet4ai/llama/description/runs/llama_3_8b/arch_97/config_0/checkpoint.json
195,97,/home/gensis2/research/archx/chiplet4ai/llama/description/architecture/config_97.architecture.yaml,llama_3_70b,1,/home/gensis2/research/archx/chiplet4ai/llama/description/workload/llama_3_70b/config_1.workload.yaml,/home/gensis2/research/archx/chiplet4ai/llama/description/event/event.yaml,/home/gensis2/research/archx/chiplet4ai/llama/description/metric/metric.yaml,/home/gensis2/research/archx/chiplet4ai/llama/description/runs/llama_3_70b/arch_97/config_1,/home/gensis2/research/archx/chiplet4ai/llama/description/runs/llama_3_70b/arch_97/config_1/checkpoint.json
196,98,/home/gensis2/research/archx/chiplet4ai/llama/description/architecture/config_98.architecture.yaml,llama_3_8b,0,/home/gensis2/research/archx/chiplet4ai/llama/description/workload/llama_3_8b/config_0.workload.yaml,/home/gensis2/research/archx/chiplet4ai/llama/description/event/event.yaml,/home/gensis2/research/archx/chiplet4ai/llama/description/metric/metric.yaml,/home/gensis2/research/archx/chiplet4ai/llama/description/runs/llama_3_8b/arch_98/config_0,/home/gensis2/research/archx/chiplet4ai/llama/description/runs/llama_3_8b/arch_98/config_0/checkpoint.json
197,98,/home/gensis2/research/archx/chiplet4ai/llama/description/architecture/config_98.architecture.yaml,llama_3_70b,1,/home/gensis2/research/archx/chiplet4ai/llama/description/workload/llama_3_70b/config_1.workload.yaml,/home/gensis2/research/archx/chiplet4ai/llama/description/event/event.yaml,/home/gensis2/research/archx/chiplet4ai/llama/description/metric/metric.yaml,/home/gensis2/research/archx/chiplet4ai/llama/description/runs/llama_3_70b/arch_98/config_1,/home/gensis2/research/archx/chiplet4ai/llama/description/runs/llama_3_70b/arch_98/config_1/checkpoint.json
198,99,/home/gensis2/research/archx/chiplet4ai/llama/description/architecture/config_99.architecture.yaml,llama_3_8b,0,/home/gensis2/research/archx/chiplet4ai/llama/description/workload/llama_3_8b/config_0.workload.yaml,/home/gensis2/research/archx/chiplet4ai/llama/description/event/event.yaml,/home/gensis2/research/archx/chiplet4ai/llama/description/metric/metric.yaml,/home/gensis2/research/archx/chiplet4ai/llama/description/runs/llama_3_8b/arch_99/config_0,/home/gensis2/research/archx/chiplet4ai/llama/description/runs/llama_3_8b/arch_99/config_0/checkpoint.json
199,99,/home/gensis2/research/archx/chiplet4ai/llama/description/architecture/config_99.architecture.yaml,llama_3_70b,1,/home/gensis2/research/archx/chiplet4ai/llama/description/workload/llama_3_70b/config_1.workload.yaml,/home/gensis2/research/archx/chiplet4ai/llama/description/event/event.yaml,/home/gensis2/research/archx/chiplet4ai/llama/description/metric/metric.yaml,/home/gensis2/research/archx/chiplet4ai/llama/description/runs/llama_3_70b/arch_99/config_1,/home/gensis2/research/archx/chiplet4ai/llama/description/runs/llama_3_70b/arch_99/config_1/checkpoint.json
200,100,/home/gensis2/research/archx/chiplet4ai/llama/description/architecture/config_100.architecture.yaml,llama_3_8b,0,/home/gensis2/research/archx/chiplet4ai/llama/description/workload/llama_3_8b/config_0.workload.yaml,/home/gensis2/research/archx/chiplet4ai/llama/description/event/event.yaml,/home/gensis2/research/archx/chiplet4ai/llama/description/metric/metric.yaml,/home/gensis2/research/archx/chiplet4ai/llama/description/runs/llama_3_8b/arch_100/config_0,/home/gensis2/research/archx/chiplet4ai/llama/description/runs/llama_3_8b/arch_100/config_0/checkpoint.json
201,100,/home/gensis2/research/archx/chiplet4ai/llama/description/architecture/config_100.architecture.yaml,llama_3_70b,1,/home/gensis2/research/archx/chiplet4ai/llama/description/workload/llama_3_70b/config_1.workload.yaml,/home/gensis2/research/archx/chiplet4ai/llama/description/event/event.yaml,/home/gensis2/research/archx/chiplet4ai/llama/description/metric/metric.yaml,/home/gensis2/research/archx/chiplet4ai/llama/description/runs/llama_3_70b/arch_100/config_1,/home/gensis2/research/archx/chiplet4ai/llama/description/runs/llama_3_70b/arch_100/config_1/checkpoint.json
202,101,/home/gensis2/research/archx/chiplet4ai/llama/description/architecture/config_101.architecture.yaml,llama_3_8b,0,/home/gensis2/research/archx/chiplet4ai/llama/description/workload/llama_3_8b/config_0.workload.yaml,/home/gensis2/research/archx/chiplet4ai/llama/description/event/event.yaml,/home/gensis2/research/archx/chiplet4ai/llama/description/metric/metric.yaml,/home/gensis2/research/archx/chiplet4ai/llama/description/runs/llama_3_8b/arch_101/config_0,/home/gensis2/research/archx/chiplet4ai/llama/description/runs/llama_3_8b/arch_101/config_0/checkpoint.json
203,101,/home/gensis2/research/archx/chiplet4ai/llama/description/architecture/config_101.architecture.yaml,llama_3_70b,1,/home/gensis2/research/archx/chiplet4ai/llama/description/workload/llama_3_70b/config_1.workload.yaml,/home/gensis2/research/archx/chiplet4ai/llama/description/event/event.yaml,/home/gensis2/research/archx/chiplet4ai/llama/description/metric/metric.yaml,/home/gensis2/research/archx/chiplet4ai/llama/description/runs/llama_3_70b/arch_101/config_1,/home/gensis2/research/archx/chiplet4ai/llama/description/runs/llama_3_70b/arch_101/config_1/checkpoint.json
204,102,/home/gensis2/research/archx/chiplet4ai/llama/description/architecture/config_102.architecture.yaml,llama_3_8b,0,/home/gensis2/research/archx/chiplet4ai/llama/description/workload/llama_3_8b/config_0.workload.yaml,/home/gensis2/research/archx/chiplet4ai/llama/description/event/event.yaml,/home/gensis2/research/archx/chiplet4ai/llama/description/metric/metric.yaml,/home/gensis2/research/archx/chiplet4ai/llama/description/runs/llama_3_8b/arch_102/config_0,/home/gensis2/research/archx/chiplet4ai/llama/description/runs/llama_3_8b/arch_102/config_0/checkpoint.json
205,102,/home/gensis2/research/archx/chiplet4ai/llama/description/architecture/config_102.architecture.yaml,llama_3_70b,1,/home/gensis2/research/archx/chiplet4ai/llama/description/workload/llama_3_70b/config_1.workload.yaml,/home/gensis2/research/archx/chiplet4ai/llama/description/event/event.yaml,/home/gensis2/research/archx/chiplet4ai/llama/description/metric/metric.yaml,/home/gensis2/research/archx/chiplet4ai/llama/description/runs/llama_3_70b/arch_102/config_1,/home/gensis2/research/archx/chiplet4ai/llama/description/runs/llama_3_70b/arch_102/config_1/checkpoint.json
206,103,/home/gensis2/research/archx/chiplet4ai/llama/description/architecture/config_103.architecture.yaml,llama_3_8b,0,/home/gensis2/research/archx/chiplet4ai/llama/description/workload/llama_3_8b/config_0.workload.yaml,/home/gensis2/research/archx/chiplet4ai/llama/description/event/event.yaml,/home/gensis2/research/archx/chiplet4ai/llama/description/metric/metric.yaml,/home/gensis2/research/archx/chiplet4ai/llama/description/runs/llama_3_8b/arch_103/config_0,/home/gensis2/research/archx/chiplet4ai/llama/description/runs/llama_3_8b/arch_103/config_0/checkpoint.json
207,103,/home/gensis2/research/archx/chiplet4ai/llama/description/architecture/config_103.architecture.yaml,llama_3_70b,1,/home/gensis2/research/archx/chiplet4ai/llama/description/workload/llama_3_70b/config_1.workload.yaml,/home/gensis2/research/archx/chiplet4ai/llama/description/event/event.yaml,/home/gensis2/research/archx/chiplet4ai/llama/description/metric/metric.yaml,/home/gensis2/research/archx/chiplet4ai/llama/description/runs/llama_3_70b/arch_103/config_1,/home/gensis2/research/archx/chiplet4ai/llama/description/runs/llama_3_70b/arch_103/config_1/checkpoint.json
208,104,/home/gensis2/research/archx/chiplet4ai/llama/description/architecture/config_104.architecture.yaml,llama_3_8b,0,/home/gensis2/research/archx/chiplet4ai/llama/description/workload/llama_3_8b/config_0.workload.yaml,/home/gensis2/research/archx/chiplet4ai/llama/description/event/event.yaml,/home/gensis2/research/archx/chiplet4ai/llama/description/metric/metric.yaml,/home/gensis2/research/archx/chiplet4ai/llama/description/runs/llama_3_8b/arch_104/config_0,/home/gensis2/research/archx/chiplet4ai/llama/description/runs/llama_3_8b/arch_104/config_0/checkpoint.json
209,104,/home/gensis2/research/archx/chiplet4ai/llama/description/architecture/config_104.architecture.yaml,llama_3_70b,1,/home/gensis2/research/archx/chiplet4ai/llama/description/workload/llama_3_70b/config_1.workload.yaml,/home/gensis2/research/archx/chiplet4ai/llama/description/event/event.yaml,/home/gensis2/research/archx/chiplet4ai/llama/description/metric/metric.yaml,/home/gensis2/research/archx/chiplet4ai/llama/description/runs/llama_3_70b/arch_104/config_1,/home/gensis2/research/archx/chiplet4ai/llama/description/runs/llama_3_70b/arch_104/config_1/checkpoint.json
210,105,/home/gensis2/research/archx/chiplet4ai/llama/description/architecture/config_105.architecture.yaml,llama_3_8b,0,/home/gensis2/research/archx/chiplet4ai/llama/description/workload/llama_3_8b/config_0.workload.yaml,/home/gensis2/research/archx/chiplet4ai/llama/description/event/event.yaml,/home/gensis2/research/archx/chiplet4ai/llama/description/metric/metric.yaml,/home/gensis2/research/archx/chiplet4ai/llama/description/runs/llama_3_8b/arch_105/config_0,/home/gensis2/research/archx/chiplet4ai/llama/description/runs/llama_3_8b/arch_105/config_0/checkpoint.json
211,105,/home/gensis2/research/archx/chiplet4ai/llama/description/architecture/config_105.architecture.yaml,llama_3_70b,1,/home/gensis2/research/archx/chiplet4ai/llama/description/workload/llama_3_70b/config_1.workload.yaml,/home/gensis2/research/archx/chiplet4ai/llama/description/event/event.yaml,/home/gensis2/research/archx/chiplet4ai/llama/description/metric/metric.yaml,/home/gensis2/research/archx/chiplet4ai/llama/description/runs/llama_3_70b/arch_105/config_1,/home/gensis2/research/archx/chiplet4ai/llama/description/runs/llama_3_70b/arch_105/config_1/checkpoint.json
212,106,/home/gensis2/research/archx/chiplet4ai/llama/description/architecture/config_106.architecture.yaml,llama_3_8b,0,/home/gensis2/research/archx/chiplet4ai/llama/description/workload/llama_3_8b/config_0.workload.yaml,/home/gensis2/research/archx/chiplet4ai/llama/description/event/event.yaml,/home/gensis2/research/archx/chiplet4ai/llama/description/metric/metric.yaml,/home/gensis2/research/archx/chiplet4ai/llama/description/runs/llama_3_8b/arch_106/config_0,/home/gensis2/research/archx/chiplet4ai/llama/description/runs/llama_3_8b/arch_106/config_0/checkpoint.json
213,106,/home/gensis2/research/archx/chiplet4ai/llama/description/architecture/config_106.architecture.yaml,llama_3_70b,1,/home/gensis2/research/archx/chiplet4ai/llama/description/workload/llama_3_70b/config_1.workload.yaml,/home/gensis2/research/archx/chiplet4ai/llama/description/event/event.yaml,/home/gensis2/research/archx/chiplet4ai/llama/description/metric/metric.yaml,/home/gensis2/research/archx/chiplet4ai/llama/description/runs/llama_3_70b/arch_106/config_1,/home/gensis2/research/archx/chiplet4ai/llama/description/runs/llama_3_70b/arch_106/config_1/checkpoint.json
214,107,/home/gensis2/research/archx/chiplet4ai/llama/description/architecture/config_107.architecture.yaml,llama_3_8b,0,/home/gensis2/research/archx/chiplet4ai/llama/description/workload/llama_3_8b/config_0.workload.yaml,/home/gensis2/research/archx/chiplet4ai/llama/description/event/event.yaml,/home/gensis2/research/archx/chiplet4ai/llama/description/metric/metric.yaml,/home/gensis2/research/archx/chiplet4ai/llama/description/runs/llama_3_8b/arch_107/config_0,/home/gensis2/research/archx/chiplet4ai/llama/description/runs/llama_3_8b/arch_107/config_0/checkpoint.json
215,107,/home/gensis2/research/archx/chiplet4ai/llama/description/architecture/config_107.architecture.yaml,llama_3_70b,1,/home/gensis2/research/archx/chiplet4ai/llama/description/workload/llama_3_70b/config_1.workload.yaml,/home/gensis2/research/archx/chiplet4ai/llama/description/event/event.yaml,/home/gensis2/research/archx/chiplet4ai/llama/description/metric/metric.yaml,/home/gensis2/research/archx/chiplet4ai/llama/description/runs/llama_3_70b/arch_107/config_1,/home/gensis2/research/archx/chiplet4ai/llama/description/runs/llama_3_70b/arch_107/config_1/checkpoint.json
216,108,/home/gensis2/research/archx/chiplet4ai/llama/description/architecture/config_108.architecture.yaml,llama_3_8b,0,/home/gensis2/research/archx/chiplet4ai/llama/description/workload/llama_3_8b/config_0.workload.yaml,/home/gensis2/research/archx/chiplet4ai/llama/description/event/event.yaml,/home/gensis2/research/archx/chiplet4ai/llama/description/metric/metric.yaml,/home/gensis2/research/archx/chiplet4ai/llama/description/runs/llama_3_8b/arch_108/config_0,/home/gensis2/research/archx/chiplet4ai/llama/description/runs/llama_3_8b/arch_108/config_0/checkpoint.json
217,108,/home/gensis2/research/archx/chiplet4ai/llama/description/architecture/config_108.architecture.yaml,llama_3_70b,1,/home/gensis2/research/archx/chiplet4ai/llama/description/workload/llama_3_70b/config_1.workload.yaml,/home/gensis2/research/archx/chiplet4ai/llama/description/event/event.yaml,/home/gensis2/research/archx/chiplet4ai/llama/description/metric/metric.yaml,/home/gensis2/research/archx/chiplet4ai/llama/description/runs/llama_3_70b/arch_108/config_1,/home/gensis2/research/archx/chiplet4ai/llama/description/runs/llama_3_70b/arch_108/config_1/checkpoint.json
218,109,/home/gensis2/research/archx/chiplet4ai/llama/description/architecture/config_109.architecture.yaml,llama_3_8b,0,/home/gensis2/research/archx/chiplet4ai/llama/description/workload/llama_3_8b/config_0.workload.yaml,/home/gensis2/research/archx/chiplet4ai/llama/description/event/event.yaml,/home/gensis2/research/archx/chiplet4ai/llama/description/metric/metric.yaml,/home/gensis2/research/archx/chiplet4ai/llama/description/runs/llama_3_8b/arch_109/config_0,/home/gensis2/research/archx/chiplet4ai/llama/description/runs/llama_3_8b/arch_109/config_0/checkpoint.json
219,109,/home/gensis2/research/archx/chiplet4ai/llama/description/architecture/config_109.architecture.yaml,llama_3_70b,1,/home/gensis2/research/archx/chiplet4ai/llama/description/workload/llama_3_70b/config_1.workload.yaml,/home/gensis2/research/archx/chiplet4ai/llama/description/event/event.yaml,/home/gensis2/research/archx/chiplet4ai/llama/description/metric/metric.yaml,/home/gensis2/research/archx/chiplet4ai/llama/description/runs/llama_3_70b/arch_109/config_1,/home/gensis2/research/archx/chiplet4ai/llama/description/runs/llama_3_70b/arch_109/config_1/checkpoint.json
220,110,/home/gensis2/research/archx/chiplet4ai/llama/description/architecture/config_110.architecture.yaml,llama_3_8b,0,/home/gensis2/research/archx/chiplet4ai/llama/description/workload/llama_3_8b/config_0.workload.yaml,/home/gensis2/research/archx/chiplet4ai/llama/description/event/event.yaml,/home/gensis2/research/archx/chiplet4ai/llama/description/metric/metric.yaml,/home/gensis2/research/archx/chiplet4ai/llama/description/runs/llama_3_8b/arch_110/config_0,/home/gensis2/research/archx/chiplet4ai/llama/description/runs/llama_3_8b/arch_110/config_0/checkpoint.json
221,110,/home/gensis2/research/archx/chiplet4ai/llama/description/architecture/config_110.architecture.yaml,llama_3_70b,1,/home/gensis2/research/archx/chiplet4ai/llama/description/workload/llama_3_70b/config_1.workload.yaml,/home/gensis2/research/archx/chiplet4ai/llama/description/event/event.yaml,/home/gensis2/research/archx/chiplet4ai/llama/description/metric/metric.yaml,/home/gensis2/research/archx/chiplet4ai/llama/description/runs/llama_3_70b/arch_110/config_1,/home/gensis2/research/archx/chiplet4ai/llama/description/runs/llama_3_70b/arch_110/config_1/checkpoint.json
222,111,/home/gensis2/research/archx/chiplet4ai/llama/description/architecture/config_111.architecture.yaml,llama_3_8b,0,/home/gensis2/research/archx/chiplet4ai/llama/description/workload/llama_3_8b/config_0.workload.yaml,/home/gensis2/research/archx/chiplet4ai/llama/description/event/event.yaml,/home/gensis2/research/archx/chiplet4ai/llama/description/metric/metric.yaml,/home/gensis2/research/archx/chiplet4ai/llama/description/runs/llama_3_8b/arch_111/config_0,/home/gensis2/research/archx/chiplet4ai/llama/description/runs/llama_3_8b/arch_111/config_0/checkpoint.json
223,111,/home/gensis2/research/archx/chiplet4ai/llama/description/architecture/config_111.architecture.yaml,llama_3_70b,1,/home/gensis2/research/archx/chiplet4ai/llama/description/workload/llama_3_70b/config_1.workload.yaml,/home/gensis2/research/archx/chiplet4ai/llama/description/event/event.yaml,/home/gensis2/research/archx/chiplet4ai/llama/description/metric/metric.yaml,/home/gensis2/research/archx/chiplet4ai/llama/description/runs/llama_3_70b/arch_111/config_1,/home/gensis2/research/archx/chiplet4ai/llama/description/runs/llama_3_70b/arch_111/config_1/checkpoint.json
224,112,/home/gensis2/research/archx/chiplet4ai/llama/description/architecture/config_112.architecture.yaml,llama_3_8b,0,/home/gensis2/research/archx/chiplet4ai/llama/description/workload/llama_3_8b/config_0.workload.yaml,/home/gensis2/research/archx/chiplet4ai/llama/description/event/event.yaml,/home/gensis2/research/archx/chiplet4ai/llama/description/metric/metric.yaml,/home/gensis2/research/archx/chiplet4ai/llama/description/runs/llama_3_8b/arch_112/config_0,/home/gensis2/research/archx/chiplet4ai/llama/description/runs/llama_3_8b/arch_112/config_0/checkpoint.json
225,112,/home/gensis2/research/archx/chiplet4ai/llama/description/architecture/config_112.architecture.yaml,llama_3_70b,1,/home/gensis2/research/archx/chiplet4ai/llama/description/workload/llama_3_70b/config_1.workload.yaml,/home/gensis2/research/archx/chiplet4ai/llama/description/event/event.yaml,/home/gensis2/research/archx/chiplet4ai/llama/description/metric/metric.yaml,/home/gensis2/research/archx/chiplet4ai/llama/description/runs/llama_3_70b/arch_112/config_1,/home/gensis2/research/archx/chiplet4ai/llama/description/runs/llama_3_70b/arch_112/config_1/checkpoint.json
226,113,/home/gensis2/research/archx/chiplet4ai/llama/description/architecture/config_113.architecture.yaml,llama_3_8b,0,/home/gensis2/research/archx/chiplet4ai/llama/description/workload/llama_3_8b/config_0.workload.yaml,/home/gensis2/research/archx/chiplet4ai/llama/description/event/event.yaml,/home/gensis2/research/archx/chiplet4ai/llama/description/metric/metric.yaml,/home/gensis2/research/archx/chiplet4ai/llama/description/runs/llama_3_8b/arch_113/config_0,/home/gensis2/research/archx/chiplet4ai/llama/description/runs/llama_3_8b/arch_113/config_0/checkpoint.json
227,113,/home/gensis2/research/archx/chiplet4ai/llama/description/architecture/config_113.architecture.yaml,llama_3_70b,1,/home/gensis2/research/archx/chiplet4ai/llama/description/workload/llama_3_70b/config_1.workload.yaml,/home/gensis2/research/archx/chiplet4ai/llama/description/event/event.yaml,/home/gensis2/research/archx/chiplet4ai/llama/description/metric/metric.yaml,/home/gensis2/research/archx/chiplet4ai/llama/description/runs/llama_3_70b/arch_113/config_1,/home/gensis2/research/archx/chiplet4ai/llama/description/runs/llama_3_70b/arch_113/config_1/checkpoint.json
228,114,/home/gensis2/research/archx/chiplet4ai/llama/description/architecture/config_114.architecture.yaml,llama_3_8b,0,/home/gensis2/research/archx/chiplet4ai/llama/description/workload/llama_3_8b/config_0.workload.yaml,/home/gensis2/research/archx/chiplet4ai/llama/description/event/event.yaml,/home/gensis2/research/archx/chiplet4ai/llama/description/metric/metric.yaml,/home/gensis2/research/archx/chiplet4ai/llama/description/runs/llama_3_8b/arch_114/config_0,/home/gensis2/research/archx/chiplet4ai/llama/description/runs/llama_3_8b/arch_114/config_0/checkpoint.json
229,114,/home/gensis2/research/archx/chiplet4ai/llama/description/architecture/config_114.architecture.yaml,llama_3_70b,1,/home/gensis2/research/archx/chiplet4ai/llama/description/workload/llama_3_70b/config_1.workload.yaml,/home/gensis2/research/archx/chiplet4ai/llama/description/event/event.yaml,/home/gensis2/research/archx/chiplet4ai/llama/description/metric/metric.yaml,/home/gensis2/research/archx/chiplet4ai/llama/description/runs/llama_3_70b/arch_114/config_1,/home/gensis2/research/archx/chiplet4ai/llama/description/runs/llama_3_70b/arch_114/config_1/checkpoint.json
230,115,/home/gensis2/research/archx/chiplet4ai/llama/description/architecture/config_115.architecture.yaml,llama_3_8b,0,/home/gensis2/research/archx/chiplet4ai/llama/description/workload/llama_3_8b/config_0.workload.yaml,/home/gensis2/research/archx/chiplet4ai/llama/description/event/event.yaml,/home/gensis2/research/archx/chiplet4ai/llama/description/metric/metric.yaml,/home/gensis2/research/archx/chiplet4ai/llama/description/runs/llama_3_8b/arch_115/config_0,/home/gensis2/research/archx/chiplet4ai/llama/description/runs/llama_3_8b/arch_115/config_0/checkpoint.json
231,115,/home/gensis2/research/archx/chiplet4ai/llama/description/architecture/config_115.architecture.yaml,llama_3_70b,1,/home/gensis2/research/archx/chiplet4ai/llama/description/workload/llama_3_70b/config_1.workload.yaml,/home/gensis2/research/archx/chiplet4ai/llama/description/event/event.yaml,/home/gensis2/research/archx/chiplet4ai/llama/description/metric/metric.yaml,/home/gensis2/research/archx/chiplet4ai/llama/description/runs/llama_3_70b/arch_115/config_1,/home/gensis2/research/archx/chiplet4ai/llama/description/runs/llama_3_70b/arch_115/config_1/checkpoint.json
232,116,/home/gensis2/research/archx/chiplet4ai/llama/description/architecture/config_116.architecture.yaml,llama_3_8b,0,/home/gensis2/research/archx/chiplet4ai/llama/description/workload/llama_3_8b/config_0.workload.yaml,/home/gensis2/research/archx/chiplet4ai/llama/description/event/event.yaml,/home/gensis2/research/archx/chiplet4ai/llama/description/metric/metric.yaml,/home/gensis2/research/archx/chiplet4ai/llama/description/runs/llama_3_8b/arch_116/config_0,/home/gensis2/research/archx/chiplet4ai/llama/description/runs/llama_3_8b/arch_116/config_0/checkpoint.json
233,116,/home/gensis2/research/archx/chiplet4ai/llama/description/architecture/config_116.architecture.yaml,llama_3_70b,1,/home/gensis2/research/archx/chiplet4ai/llama/description/workload/llama_3_70b/config_1.workload.yaml,/home/gensis2/research/archx/chiplet4ai/llama/description/event/event.yaml,/home/gensis2/research/archx/chiplet4ai/llama/description/metric/metric.yaml,/home/gensis2/research/archx/chiplet4ai/llama/description/runs/llama_3_70b/arch_116/config_1,/home/gensis2/research/archx/chiplet4ai/llama/description/runs/llama_3_70b/arch_116/config_1/checkpoint.json
234,117,/home/gensis2/research/archx/chiplet4ai/llama/description/architecture/config_117.architecture.yaml,llama_3_8b,0,/home/gensis2/research/archx/chiplet4ai/llama/description/workload/llama_3_8b/config_0.workload.yaml,/home/gensis2/research/archx/chiplet4ai/llama/description/event/event.yaml,/home/gensis2/research/archx/chiplet4ai/llama/description/metric/metric.yaml,/home/gensis2/research/archx/chiplet4ai/llama/description/runs/llama_3_8b/arch_117/config_0,/home/gensis2/research/archx/chiplet4ai/llama/description/runs/llama_3_8b/arch_117/config_0/checkpoint.json
235,117,/home/gensis2/research/archx/chiplet4ai/llama/description/architecture/config_117.architecture.yaml,llama_3_70b,1,/home/gensis2/research/archx/chiplet4ai/llama/description/workload/llama_3_70b/config_1.workload.yaml,/home/gensis2/research/archx/chiplet4ai/llama/description/event/event.yaml,/home/gensis2/research/archx/chiplet4ai/llama/description/metric/metric.yaml,/home/gensis2/research/archx/chiplet4ai/llama/description/runs/llama_3_70b/arch_117/config_1,/home/gensis2/research/archx/chiplet4ai/llama/description/runs/llama_3_70b/arch_117/config_1/checkpoint.json
236,118,/home/gensis2/research/archx/chiplet4ai/llama/description/architecture/config_118.architecture.yaml,llama_3_8b,0,/home/gensis2/research/archx/chiplet4ai/llama/description/workload/llama_3_8b/config_0.workload.yaml,/home/gensis2/research/archx/chiplet4ai/llama/description/event/event.yaml,/home/gensis2/research/archx/chiplet4ai/llama/description/metric/metric.yaml,/home/gensis2/research/archx/chiplet4ai/llama/description/runs/llama_3_8b/arch_118/config_0,/home/gensis2/research/archx/chiplet4ai/llama/description/runs/llama_3_8b/arch_118/config_0/checkpoint.json
237,118,/home/gensis2/research/archx/chiplet4ai/llama/description/architecture/config_118.architecture.yaml,llama_3_70b,1,/home/gensis2/research/archx/chiplet4ai/llama/description/workload/llama_3_70b/config_1.workload.yaml,/home/gensis2/research/archx/chiplet4ai/llama/description/event/event.yaml,/home/gensis2/research/archx/chiplet4ai/llama/description/metric/metric.yaml,/home/gensis2/research/archx/chiplet4ai/llama/description/runs/llama_3_70b/arch_118/config_1,/home/gensis2/research/archx/chiplet4ai/llama/description/runs/llama_3_70b/arch_118/config_1/checkpoint.json
238,118,/home/gensis2/research/archx/chiplet4ai/llama/description/architecture/config_118.architecture.yaml,llama_3_8b,2,/home/gensis2/research/archx/chiplet4ai/llama/description/workload/llama_3_8b/config_2.workload.yaml,/home/gensis2/research/archx/chiplet4ai/llama/description/event/event.yaml,/home/gensis2/research/archx/chiplet4ai/llama/description/metric/metric.yaml,/home/gensis2/research/archx/chiplet4ai/llama/description/runs/llama_3_8b/arch_118/config_2,/home/gensis2/research/archx/chiplet4ai/llama/description/runs/llama_3_8b/arch_118/config_2/checkpoint.json
239,117,/home/gensis2/research/archx/chiplet4ai/llama/description/architecture/config_117.architecture.yaml,llama_3_8b,2,/home/gensis2/research/archx/chiplet4ai/llama/description/workload/llama_3_8b/config_2.workload.yaml,/home/gensis2/research/archx/chiplet4ai/llama/description/event/event.yaml,/home/gensis2/research/archx/chiplet4ai/llama/description/metric/metric.yaml,/home/gensis2/research/archx/chiplet4ai/llama/description/runs/llama_3_8b/arch_117/config_2,/home/gensis2/research/archx/chiplet4ai/llama/description/runs/llama_3_8b/arch_117/config_2/checkpoint.json
240,116,/home/gensis2/research/archx/chiplet4ai/llama/description/architecture/config_116.architecture.yaml,llama_3_8b,2,/home/gensis2/research/archx/chiplet4ai/llama/description/workload/llama_3_8b/config_2.workload.yaml,/home/gensis2/research/archx/chiplet4ai/llama/description/event/event.yaml,/home/gensis2/research/archx/chiplet4ai/llama/description/metric/metric.yaml,/home/gensis2/research/archx/chiplet4ai/llama/description/runs/llama_3_8b/arch_116/config_2,/home/gensis2/research/archx/chiplet4ai/llama/description/runs/llama_3_8b/arch_116/config_2/checkpoint.json
241,115,/home/gensis2/research/archx/chiplet4ai/llama/description/architecture/config_115.architecture.yaml,llama_3_8b,2,/home/gensis2/research/archx/chiplet4ai/llama/description/workload/llama_3_8b/config_2.workload.yaml,/home/gensis2/research/archx/chiplet4ai/llama/description/event/event.yaml,/home/gensis2/research/archx/chiplet4ai/llama/description/metric/metric.yaml,/home/gensis2/research/archx/chiplet4ai/llama/description/runs/llama_3_8b/arch_115/config_2,/home/gensis2/research/archx/chiplet4ai/llama/description/runs/llama_3_8b/arch_115/config_2/checkpoint.json
242,114,/home/gensis2/research/archx/chiplet4ai/llama/description/architecture/config_114.architecture.yaml,llama_3_8b,2,/home/gensis2/research/archx/chiplet4ai/llama/description/workload/llama_3_8b/config_2.workload.yaml,/home/gensis2/research/archx/chiplet4ai/llama/description/event/event.yaml,/home/gensis2/research/archx/chiplet4ai/llama/description/metric/metric.yaml,/home/gensis2/research/archx/chiplet4ai/llama/description/runs/llama_3_8b/arch_114/config_2,/home/gensis2/research/archx/chiplet4ai/llama/description/runs/llama_3_8b/arch_114/config_2/checkpoint.json
243,113,/home/gensis2/research/archx/chiplet4ai/llama/description/architecture/config_113.architecture.yaml,llama_3_8b,2,/home/gensis2/research/archx/chiplet4ai/llama/description/workload/llama_3_8b/config_2.workload.yaml,/home/gensis2/research/archx/chiplet4ai/llama/description/event/event.yaml,/home/gensis2/research/archx/chiplet4ai/llama/description/metric/metric.yaml,/home/gensis2/research/archx/chiplet4ai/llama/description/runs/llama_3_8b/arch_113/config_2,/home/gensis2/research/archx/chiplet4ai/llama/description/runs/llama_3_8b/arch_113/config_2/checkpoint.json
244,112,/home/gensis2/research/archx/chiplet4ai/llama/description/architecture/config_112.architecture.yaml,llama_3_8b,2,/home/gensis2/research/archx/chiplet4ai/llama/description/workload/llama_3_8b/config_2.workload.yaml,/home/gensis2/research/archx/chiplet4ai/llama/description/event/event.yaml,/home/gensis2/research/archx/chiplet4ai/llama/description/metric/metric.yaml,/home/gensis2/research/archx/chiplet4ai/llama/description/runs/llama_3_8b/arch_112/config_2,/home/gensis2/research/archx/chiplet4ai/llama/description/runs/llama_3_8b/arch_112/config_2/checkpoint.json
245,111,/home/gensis2/research/archx/chiplet4ai/llama/description/architecture/config_111.architecture.yaml,llama_3_8b,2,/home/gensis2/research/archx/chiplet4ai/llama/description/workload/llama_3_8b/config_2.workload.yaml,/home/gensis2/research/archx/chiplet4ai/llama/description/event/event.yaml,/home/gensis2/research/archx/chiplet4ai/llama/description/metric/metric.yaml,/home/gensis2/research/archx/chiplet4ai/llama/description/runs/llama_3_8b/arch_111/config_2,/home/gensis2/research/archx/chiplet4ai/llama/description/runs/llama_3_8b/arch_111/config_2/checkpoint.json
246,110,/home/gensis2/research/archx/chiplet4ai/llama/description/architecture/config_110.architecture.yaml,llama_3_8b,2,/home/gensis2/research/archx/chiplet4ai/llama/description/workload/llama_3_8b/config_2.workload.yaml,/home/gensis2/research/archx/chiplet4ai/llama/description/event/event.yaml,/home/gensis2/research/archx/chiplet4ai/llama/description/metric/metric.yaml,/home/gensis2/research/archx/chiplet4ai/llama/description/runs/llama_3_8b/arch_110/config_2,/home/gensis2/research/archx/chiplet4ai/llama/description/runs/llama_3_8b/arch_110/config_2/checkpoint.json
247,109,/home/gensis2/research/archx/chiplet4ai/llama/description/architecture/config_109.architecture.yaml,llama_3_8b,2,/home/gensis2/research/archx/chiplet4ai/llama/description/workload/llama_3_8b/config_2.workload.yaml,/home/gensis2/research/archx/chiplet4ai/llama/description/event/event.yaml,/home/gensis2/research/archx/chiplet4ai/llama/description/metric/metric.yaml,/home/gensis2/research/archx/chiplet4ai/llama/description/runs/llama_3_8b/arch_109/config_2,/home/gensis2/research/archx/chiplet4ai/llama/description/runs/llama_3_8b/arch_109/config_2/checkpoint.json
248,108,/home/gensis2/research/archx/chiplet4ai/llama/description/architecture/config_108.architecture.yaml,llama_3_8b,2,/home/gensis2/research/archx/chiplet4ai/llama/description/workload/llama_3_8b/config_2.workload.yaml,/home/gensis2/research/archx/chiplet4ai/llama/description/event/event.yaml,/home/gensis2/research/archx/chiplet4ai/llama/description/metric/metric.yaml,/home/gensis2/research/archx/chiplet4ai/llama/description/runs/llama_3_8b/arch_108/config_2,/home/gensis2/research/archx/chiplet4ai/llama/description/runs/llama_3_8b/arch_108/config_2/checkpoint.json
249,107,/home/gensis2/research/archx/chiplet4ai/llama/description/architecture/config_107.architecture.yaml,llama_3_8b,2,/home/gensis2/research/archx/chiplet4ai/llama/description/workload/llama_3_8b/config_2.workload.yaml,/home/gensis2/research/archx/chiplet4ai/llama/description/event/event.yaml,/home/gensis2/research/archx/chiplet4ai/llama/description/metric/metric.yaml,/home/gensis2/research/archx/chiplet4ai/llama/description/runs/llama_3_8b/arch_107/config_2,/home/gensis2/research/archx/chiplet4ai/llama/description/runs/llama_3_8b/arch_107/config_2/checkpoint.json
250,106,/home/gensis2/research/archx/chiplet4ai/llama/description/architecture/config_106.architecture.yaml,llama_3_8b,2,/home/gensis2/research/archx/chiplet4ai/llama/description/workload/llama_3_8b/config_2.workload.yaml,/home/gensis2/research/archx/chiplet4ai/llama/description/event/event.yaml,/home/gensis2/research/archx/chiplet4ai/llama/description/metric/metric.yaml,/home/gensis2/research/archx/chiplet4ai/llama/description/runs/llama_3_8b/arch_106/config_2,/home/gensis2/research/archx/chiplet4ai/llama/description/runs/llama_3_8b/arch_106/config_2/checkpoint.json
251,105,/home/gensis2/research/archx/chiplet4ai/llama/description/architecture/config_105.architecture.yaml,llama_3_8b,2,/home/gensis2/research/archx/chiplet4ai/llama/description/workload/llama_3_8b/config_2.workload.yaml,/home/gensis2/research/archx/chiplet4ai/llama/description/event/event.yaml,/home/gensis2/research/archx/chiplet4ai/llama/description/metric/metric.yaml,/home/gensis2/research/archx/chiplet4ai/llama/description/runs/llama_3_8b/arch_105/config_2,/home/gensis2/research/archx/chiplet4ai/llama/description/runs/llama_3_8b/arch_105/config_2/checkpoint.json
252,104,/home/gensis2/research/archx/chiplet4ai/llama/description/architecture/config_104.architecture.yaml,llama_3_8b,2,/home/gensis2/research/archx/chiplet4ai/llama/description/workload/llama_3_8b/config_2.workload.yaml,/home/gensis2/research/archx/chiplet4ai/llama/description/event/event.yaml,/home/gensis2/research/archx/chiplet4ai/llama/description/metric/metric.yaml,/home/gensis2/research/archx/chiplet4ai/llama/description/runs/llama_3_8b/arch_104/config_2,/home/gensis2/research/archx/chiplet4ai/llama/description/runs/llama_3_8b/arch_104/config_2/checkpoint.json
253,103,/home/gensis2/research/archx/chiplet4ai/llama/description/architecture/config_103.architecture.yaml,llama_3_8b,2,/home/gensis2/research/archx/chiplet4ai/llama/description/workload/llama_3_8b/config_2.workload.yaml,/home/gensis2/research/archx/chiplet4ai/llama/description/event/event.yaml,/home/gensis2/research/archx/chiplet4ai/llama/description/metric/metric.yaml,/home/gensis2/research/archx/chiplet4ai/llama/description/runs/llama_3_8b/arch_103/config_2,/home/gensis2/research/archx/chiplet4ai/llama/description/runs/llama_3_8b/arch_103/config_2/checkpoint.json
254,102,/home/gensis2/research/archx/chiplet4ai/llama/description/architecture/config_102.architecture.yaml,llama_3_8b,2,/home/gensis2/research/archx/chiplet4ai/llama/description/workload/llama_3_8b/config_2.workload.yaml,/home/gensis2/research/archx/chiplet4ai/llama/description/event/event.yaml,/home/gensis2/research/archx/chiplet4ai/llama/description/metric/metric.yaml,/home/gensis2/research/archx/chiplet4ai/llama/description/runs/llama_3_8b/arch_102/config_2,/home/gensis2/research/archx/chiplet4ai/llama/description/runs/llama_3_8b/arch_102/config_2/checkpoint.json
255,101,/home/gensis2/research/archx/chiplet4ai/llama/description/architecture/config_101.architecture.yaml,llama_3_8b,2,/home/gensis2/research/archx/chiplet4ai/llama/description/workload/llama_3_8b/config_2.workload.yaml,/home/gensis2/research/archx/chiplet4ai/llama/description/event/event.yaml,/home/gensis2/research/archx/chiplet4ai/llama/description/metric/metric.yaml,/home/gensis2/research/archx/chiplet4ai/llama/description/runs/llama_3_8b/arch_101/config_2,/home/gensis2/research/archx/chiplet4ai/llama/description/runs/llama_3_8b/arch_101/config_2/checkpoint.json
256,0,/home/gensis2/research/archx/chiplet4ai/llama/description/architecture/config_0.architecture.yaml,llama_3_8b,2,/home/gensis2/research/archx/chiplet4ai/llama/description/workload/llama_3_8b/config_2.workload.yaml,/home/gensis2/research/archx/chiplet4ai/llama/description/event/event.yaml,/home/gensis2/research/archx/chiplet4ai/llama/description/metric/metric.yaml,/home/gensis2/research/archx/chiplet4ai/llama/description/runs/llama_3_8b/arch_0/config_2,/home/gensis2/research/archx/chiplet4ai/llama/description/runs/llama_3_8b/arch_0/config_2/checkpoint.json
257,1,/home/gensis2/research/archx/chiplet4ai/llama/description/architecture/config_1.architecture.yaml,llama_3_8b,2,/home/gensis2/research/archx/chiplet4ai/llama/description/workload/llama_3_8b/config_2.workload.yaml,/home/gensis2/research/archx/chiplet4ai/llama/description/event/event.yaml,/home/gensis2/research/archx/chiplet4ai/llama/description/metric/metric.yaml,/home/gensis2/research/archx/chiplet4ai/llama/description/runs/llama_3_8b/arch_1/config_2,/home/gensis2/research/archx/chiplet4ai/llama/description/runs/llama_3_8b/arch_1/config_2/checkpoint.json
258,2,/home/gensis2/research/archx/chiplet4ai/llama/description/architecture/config_2.architecture.yaml,llama_3_8b,2,/home/gensis2/research/archx/chiplet4ai/llama/description/workload/llama_3_8b/config_2.workload.yaml,/home/gensis2/research/archx/chiplet4ai/llama/description/event/event.yaml,/home/gensis2/research/archx/chiplet4ai/llama/description/metric/metric.yaml,/home/gensis2/research/archx/chiplet4ai/llama/description/runs/llama_3_8b/arch_2/config_2,/home/gensis2/research/archx/chiplet4ai/llama/description/runs/llama_3_8b/arch_2/config_2/checkpoint.json
259,3,/home/gensis2/research/archx/chiplet4ai/llama/description/architecture/config_3.architecture.yaml,llama_3_8b,2,/home/gensis2/research/archx/chiplet4ai/llama/description/workload/llama_3_8b/config_2.workload.yaml,/home/gensis2/research/archx/chiplet4ai/llama/description/event/event.yaml,/home/gensis2/research/archx/chiplet4ai/llama/description/metric/metric.yaml,/home/gensis2/research/archx/chiplet4ai/llama/description/runs/llama_3_8b/arch_3/config_2,/home/gensis2/research/archx/chiplet4ai/llama/description/runs/llama_3_8b/arch_3/config_2/checkpoint.json
260,4,/home/gensis2/research/archx/chiplet4ai/llama/description/architecture/config_4.architecture.yaml,llama_3_8b,2,/home/gensis2/research/archx/chiplet4ai/llama/description/workload/llama_3_8b/config_2.workload.yaml,/home/gensis2/research/archx/chiplet4ai/llama/description/event/event.yaml,/home/gensis2/research/archx/chiplet4ai/llama/description/metric/metric.yaml,/home/gensis2/research/archx/chiplet4ai/llama/description/runs/llama_3_8b/arch_4/config_2,/home/gensis2/research/archx/chiplet4ai/llama/description/runs/llama_3_8b/arch_4/config_2/checkpoint.json
261,5,/home/gensis2/research/archx/chiplet4ai/llama/description/architecture/config_5.architecture.yaml,llama_3_8b,2,/home/gensis2/research/archx/chiplet4ai/llama/description/workload/llama_3_8b/config_2.workload.yaml,/home/gensis2/research/archx/chiplet4ai/llama/description/event/event.yaml,/home/gensis2/research/archx/chiplet4ai/llama/description/metric/metric.yaml,/home/gensis2/research/archx/chiplet4ai/llama/description/runs/llama_3_8b/arch_5/config_2,/home/gensis2/research/archx/chiplet4ai/llama/description/runs/llama_3_8b/arch_5/config_2/checkpoint.json
262,6,/home/gensis2/research/archx/chiplet4ai/llama/description/architecture/config_6.architecture.yaml,llama_3_8b,2,/home/gensis2/research/archx/chiplet4ai/llama/description/workload/llama_3_8b/config_2.workload.yaml,/home/gensis2/research/archx/chiplet4ai/llama/description/event/event.yaml,/home/gensis2/research/archx/chiplet4ai/llama/description/metric/metric.yaml,/home/gensis2/research/archx/chiplet4ai/llama/description/runs/llama_3_8b/arch_6/config_2,/home/gensis2/research/archx/chiplet4ai/llama/description/runs/llama_3_8b/arch_6/config_2/checkpoint.json
263,7,/home/gensis2/research/archx/chiplet4ai/llama/description/architecture/config_7.architecture.yaml,llama_3_8b,2,/home/gensis2/research/archx/chiplet4ai/llama/description/workload/llama_3_8b/config_2.workload.yaml,/home/gensis2/research/archx/chiplet4ai/llama/description/event/event.yaml,/home/gensis2/research/archx/chiplet4ai/llama/description/metric/metric.yaml,/home/gensis2/research/archx/chiplet4ai/llama/description/runs/llama_3_8b/arch_7/config_2,/home/gensis2/research/archx/chiplet4ai/llama/description/runs/llama_3_8b/arch_7/config_2/checkpoint.json
264,8,/home/gensis2/research/archx/chiplet4ai/llama/description/architecture/config_8.architecture.yaml,llama_3_8b,2,/home/gensis2/research/archx/chiplet4ai/llama/description/workload/llama_3_8b/config_2.workload.yaml,/home/gensis2/research/archx/chiplet4ai/llama/description/event/event.yaml,/home/gensis2/research/archx/chiplet4ai/llama/description/metric/metric.yaml,/home/gensis2/research/archx/chiplet4ai/llama/description/runs/llama_3_8b/arch_8/config_2,/home/gensis2/research/archx/chiplet4ai/llama/description/runs/llama_3_8b/arch_8/config_2/checkpoint.json
265,9,/home/gensis2/research/archx/chiplet4ai/llama/description/architecture/config_9.architecture.yaml,llama_3_8b,2,/home/gensis2/research/archx/chiplet4ai/llama/description/workload/llama_3_8b/config_2.workload.yaml,/home/gensis2/research/archx/chiplet4ai/llama/description/event/event.yaml,/home/gensis2/research/archx/chiplet4ai/llama/description/metric/metric.yaml,/home/gensis2/research/archx/chiplet4ai/llama/description/runs/llama_3_8b/arch_9/config_2,/home/gensis2/research/archx/chiplet4ai/llama/description/runs/llama_3_8b/arch_9/config_2/checkpoint.json
266,10,/home/gensis2/research/archx/chiplet4ai/llama/description/architecture/config_10.architecture.yaml,llama_3_8b,2,/home/gensis2/research/archx/chiplet4ai/llama/description/workload/llama_3_8b/config_2.workload.yaml,/home/gensis2/research/archx/chiplet4ai/llama/description/event/event.yaml,/home/gensis2/research/archx/chiplet4ai/llama/description/metric/metric.yaml,/home/gensis2/research/archx/chiplet4ai/llama/description/runs/llama_3_8b/arch_10/config_2,/home/gensis2/research/archx/chiplet4ai/llama/description/runs/llama_3_8b/arch_10/config_2/checkpoint.json
267,11,/home/gensis2/research/archx/chiplet4ai/llama/description/architecture/config_11.architecture.yaml,llama_3_8b,2,/home/gensis2/research/archx/chiplet4ai/llama/description/workload/llama_3_8b/config_2.workload.yaml,/home/gensis2/research/archx/chiplet4ai/llama/description/event/event.yaml,/home/gensis2/research/archx/chiplet4ai/llama/description/metric/metric.yaml,/home/gensis2/research/archx/chiplet4ai/llama/description/runs/llama_3_8b/arch_11/config_2,/home/gensis2/research/archx/chiplet4ai/llama/description/runs/llama_3_8b/arch_11/config_2/checkpoint.json
268,12,/home/gensis2/research/archx/chiplet4ai/llama/description/architecture/config_12.architecture.yaml,llama_3_8b,2,/home/gensis2/research/archx/chiplet4ai/llama/description/workload/llama_3_8b/config_2.workload.yaml,/home/gensis2/research/archx/chiplet4ai/llama/description/event/event.yaml,/home/gensis2/research/archx/chiplet4ai/llama/description/metric/metric.yaml,/home/gensis2/research/archx/chiplet4ai/llama/description/runs/llama_3_8b/arch_12/config_2,/home/gensis2/research/archx/chiplet4ai/llama/description/runs/llama_3_8b/arch_12/config_2/checkpoint.json
269,13,/home/gensis2/research/archx/chiplet4ai/llama/description/architecture/config_13.architecture.yaml,llama_3_8b,2,/home/gensis2/research/archx/chiplet4ai/llama/description/workload/llama_3_8b/config_2.workload.yaml,/home/gensis2/research/archx/chiplet4ai/llama/description/event/event.yaml,/home/gensis2/research/archx/chiplet4ai/llama/description/metric/metric.yaml,/home/gensis2/research/archx/chiplet4ai/llama/description/runs/llama_3_8b/arch_13/config_2,/home/gensis2/research/archx/chiplet4ai/llama/description/runs/llama_3_8b/arch_13/config_2/checkpoint.json
270,14,/home/gensis2/research/archx/chiplet4ai/llama/description/architecture/config_14.architecture.yaml,llama_3_8b,2,/home/gensis2/research/archx/chiplet4ai/llama/description/workload/llama_3_8b/config_2.workload.yaml,/home/gensis2/research/archx/chiplet4ai/llama/description/event/event.yaml,/home/gensis2/research/archx/chiplet4ai/llama/description/metric/metric.yaml,/home/gensis2/research/archx/chiplet4ai/llama/description/runs/llama_3_8b/arch_14/config_2,/home/gensis2/research/archx/chiplet4ai/llama/description/runs/llama_3_8b/arch_14/config_2/checkpoint.json
271,15,/home/gensis2/research/archx/chiplet4ai/llama/description/architecture/config_15.architecture.yaml,llama_3_8b,2,/home/gensis2/research/archx/chiplet4ai/llama/description/workload/llama_3_8b/config_2.workload.yaml,/home/gensis2/research/archx/chiplet4ai/llama/description/event/event.yaml,/home/gensis2/research/archx/chiplet4ai/llama/description/metric/metric.yaml,/home/gensis2/research/archx/chiplet4ai/llama/description/runs/llama_3_8b/arch_15/config_2,/home/gensis2/research/archx/chiplet4ai/llama/description/runs/llama_3_8b/arch_15/config_2/checkpoint.json
272,16,/home/gensis2/research/archx/chiplet4ai/llama/description/architecture/config_16.architecture.yaml,llama_3_8b,2,/home/gensis2/research/archx/chiplet4ai/llama/description/workload/llama_3_8b/config_2.workload.yaml,/home/gensis2/research/archx/chiplet4ai/llama/description/event/event.yaml,/home/gensis2/research/archx/chiplet4ai/llama/description/metric/metric.yaml,/home/gensis2/research/archx/chiplet4ai/llama/description/runs/llama_3_8b/arch_16/config_2,/home/gensis2/research/archx/chiplet4ai/llama/description/runs/llama_3_8b/arch_16/config_2/checkpoint.json
273,17,/home/gensis2/research/archx/chiplet4ai/llama/description/architecture/config_17.architecture.yaml,llama_3_8b,2,/home/gensis2/research/archx/chiplet4ai/llama/description/workload/llama_3_8b/config_2.workload.yaml,/home/gensis2/research/archx/chiplet4ai/llama/description/event/event.yaml,/home/gensis2/research/archx/chiplet4ai/llama/description/metric/metric.yaml,/home/gensis2/research/archx/chiplet4ai/llama/description/runs/llama_3_8b/arch_17/config_2,/home/gensis2/research/archx/chiplet4ai/llama/description/runs/llama_3_8b/arch_17/config_2/checkpoint.json
274,18,/home/gensis2/research/archx/chiplet4ai/llama/description/architecture/config_18.architecture.yaml,llama_3_8b,2,/home/gensis2/research/archx/chiplet4ai/llama/description/workload/llama_3_8b/config_2.workload.yaml,/home/gensis2/research/archx/chiplet4ai/llama/description/event/event.yaml,/home/gensis2/research/archx/chiplet4ai/llama/description/metric/metric.yaml,/home/gensis2/research/archx/chiplet4ai/llama/description/runs/llama_3_8b/arch_18/config_2,/home/gensis2/research/archx/chiplet4ai/llama/description/runs/llama_3_8b/arch_18/config_2/checkpoint.json
275,19,/home/gensis2/research/archx/chiplet4ai/llama/description/architecture/config_19.architecture.yaml,llama_3_8b,2,/home/gensis2/research/archx/chiplet4ai/llama/description/workload/llama_3_8b/config_2.workload.yaml,/home/gensis2/research/archx/chiplet4ai/llama/description/event/event.yaml,/home/gensis2/research/archx/chiplet4ai/llama/description/metric/metric.yaml,/home/gensis2/research/archx/chiplet4ai/llama/description/runs/llama_3_8b/arch_19/config_2,/home/gensis2/research/archx/chiplet4ai/llama/description/runs/llama_3_8b/arch_19/config_2/checkpoint.json
276,20,/home/gensis2/research/archx/chiplet4ai/llama/description/architecture/config_20.architecture.yaml,llama_3_8b,2,/home/gensis2/research/archx/chiplet4ai/llama/description/workload/llama_3_8b/config_2.workload.yaml,/home/gensis2/research/archx/chiplet4ai/llama/description/event/event.yaml,/home/gensis2/research/archx/chiplet4ai/llama/description/metric/metric.yaml,/home/gensis2/research/archx/chiplet4ai/llama/description/runs/llama_3_8b/arch_20/config_2,/home/gensis2/research/archx/chiplet4ai/llama/description/runs/llama_3_8b/arch_20/config_2/checkpoint.json
277,21,/home/gensis2/research/archx/chiplet4ai/llama/description/architecture/config_21.architecture.yaml,llama_3_8b,2,/home/gensis2/research/archx/chiplet4ai/llama/description/workload/llama_3_8b/config_2.workload.yaml,/home/gensis2/research/archx/chiplet4ai/llama/description/event/event.yaml,/home/gensis2/research/archx/chiplet4ai/llama/description/metric/metric.yaml,/home/gensis2/research/archx/chiplet4ai/llama/description/runs/llama_3_8b/arch_21/config_2,/home/gensis2/research/archx/chiplet4ai/llama/description/runs/llama_3_8b/arch_21/config_2/checkpoint.json
278,22,/home/gensis2/research/archx/chiplet4ai/llama/description/architecture/config_22.architecture.yaml,llama_3_8b,2,/home/gensis2/research/archx/chiplet4ai/llama/description/workload/llama_3_8b/config_2.workload.yaml,/home/gensis2/research/archx/chiplet4ai/llama/description/event/event.yaml,/home/gensis2/research/archx/chiplet4ai/llama/description/metric/metric.yaml,/home/gensis2/research/archx/chiplet4ai/llama/description/runs/llama_3_8b/arch_22/config_2,/home/gensis2/research/archx/chiplet4ai/llama/description/runs/llama_3_8b/arch_22/config_2/checkpoint.json
279,23,/home/gensis2/research/archx/chiplet4ai/llama/description/architecture/config_23.architecture.yaml,llama_3_8b,2,/home/gensis2/research/archx/chiplet4ai/llama/description/workload/llama_3_8b/config_2.workload.yaml,/home/gensis2/research/archx/chiplet4ai/llama/description/event/event.yaml,/home/gensis2/research/archx/chiplet4ai/llama/description/metric/metric.yaml,/home/gensis2/research/archx/chiplet4ai/llama/description/runs/llama_3_8b/arch_23/config_2,/home/gensis2/research/archx/chiplet4ai/llama/description/runs/llama_3_8b/arch_23/config_2/checkpoint.json
280,24,/home/gensis2/research/archx/chiplet4ai/llama/description/architecture/config_24.architecture.yaml,llama_3_8b,2,/home/gensis2/research/archx/chiplet4ai/llama/description/workload/llama_3_8b/config_2.workload.yaml,/home/gensis2/research/archx/chiplet4ai/llama/description/event/event.yaml,/home/gensis2/research/archx/chiplet4ai/llama/description/metric/metric.yaml,/home/gensis2/research/archx/chiplet4ai/llama/description/runs/llama_3_8b/arch_24/config_2,/home/gensis2/research/archx/chiplet4ai/llama/description/runs/llama_3_8b/arch_24/config_2/checkpoint.json
281,25,/home/gensis2/research/archx/chiplet4ai/llama/description/architecture/config_25.architecture.yaml,llama_3_8b,2,/home/gensis2/research/archx/chiplet4ai/llama/description/workload/llama_3_8b/config_2.workload.yaml,/home/gensis2/research/archx/chiplet4ai/llama/description/event/event.yaml,/home/gensis2/research/archx/chiplet4ai/llama/description/metric/metric.yaml,/home/gensis2/research/archx/chiplet4ai/llama/description/runs/llama_3_8b/arch_25/config_2,/home/gensis2/research/archx/chiplet4ai/llama/description/runs/llama_3_8b/arch_25/config_2/checkpoint.json
282,26,/home/gensis2/research/archx/chiplet4ai/llama/description/architecture/config_26.architecture.yaml,llama_3_8b,2,/home/gensis2/research/archx/chiplet4ai/llama/description/workload/llama_3_8b/config_2.workload.yaml,/home/gensis2/research/archx/chiplet4ai/llama/description/event/event.yaml,/home/gensis2/research/archx/chiplet4ai/llama/description/metric/metric.yaml,/home/gensis2/research/archx/chiplet4ai/llama/description/runs/llama_3_8b/arch_26/config_2,/home/gensis2/research/archx/chiplet4ai/llama/description/runs/llama_3_8b/arch_26/config_2/checkpoint.json
283,27,/home/gensis2/research/archx/chiplet4ai/llama/description/architecture/config_27.architecture.yaml,llama_3_8b,2,/home/gensis2/research/archx/chiplet4ai/llama/description/workload/llama_3_8b/config_2.workload.yaml,/home/gensis2/research/archx/chiplet4ai/llama/description/event/event.yaml,/home/gensis2/research/archx/chiplet4ai/llama/description/metric/metric.yaml,/home/gensis2/research/archx/chiplet4ai/llama/description/runs/llama_3_8b/arch_27/config_2,/home/gensis2/research/archx/chiplet4ai/llama/description/runs/llama_3_8b/arch_27/config_2/checkpoint.json
284,28,/home/gensis2/research/archx/chiplet4ai/llama/description/architecture/config_28.architecture.yaml,llama_3_8b,2,/home/gensis2/research/archx/chiplet4ai/llama/description/workload/llama_3_8b/config_2.workload.yaml,/home/gensis2/research/archx/chiplet4ai/llama/description/event/event.yaml,/home/gensis2/research/archx/chiplet4ai/llama/description/metric/metric.yaml,/home/gensis2/research/archx/chiplet4ai/llama/description/runs/llama_3_8b/arch_28/config_2,/home/gensis2/research/archx/chiplet4ai/llama/description/runs/llama_3_8b/arch_28/config_2/checkpoint.json
285,29,/home/gensis2/research/archx/chiplet4ai/llama/description/architecture/config_29.architecture.yaml,llama_3_8b,2,/home/gensis2/research/archx/chiplet4ai/llama/description/workload/llama_3_8b/config_2.workload.yaml,/home/gensis2/research/archx/chiplet4ai/llama/description/event/event.yaml,/home/gensis2/research/archx/chiplet4ai/llama/description/metric/metric.yaml,/home/gensis2/research/archx/chiplet4ai/llama/description/runs/llama_3_8b/arch_29/config_2,/home/gensis2/research/archx/chiplet4ai/llama/description/runs/llama_3_8b/arch_29/config_2/checkpoint.json
286,30,/home/gensis2/research/archx/chiplet4ai/llama/description/architecture/config_30.architecture.yaml,llama_3_8b,2,/home/gensis2/research/archx/chiplet4ai/llama/description/workload/llama_3_8b/config_2.workload.yaml,/home/gensis2/research/archx/chiplet4ai/llama/description/event/event.yaml,/home/gensis2/research/archx/chiplet4ai/llama/description/metric/metric.yaml,/home/gensis2/research/archx/chiplet4ai/llama/description/runs/llama_3_8b/arch_30/config_2,/home/gensis2/research/archx/chiplet4ai/llama/description/runs/llama_3_8b/arch_30/config_2/checkpoint.json
287,31,/home/gensis2/research/archx/chiplet4ai/llama/description/architecture/config_31.architecture.yaml,llama_3_8b,2,/home/gensis2/research/archx/chiplet4ai/llama/description/workload/llama_3_8b/config_2.workload.yaml,/home/gensis2/research/archx/chiplet4ai/llama/description/event/event.yaml,/home/gensis2/research/archx/chiplet4ai/llama/description/metric/metric.yaml,/home/gensis2/research/archx/chiplet4ai/llama/description/runs/llama_3_8b/arch_31/config_2,/home/gensis2/research/archx/chiplet4ai/llama/description/runs/llama_3_8b/arch_31/config_2/checkpoint.json
288,32,/home/gensis2/research/archx/chiplet4ai/llama/description/architecture/config_32.architecture.yaml,llama_3_8b,2,/home/gensis2/research/archx/chiplet4ai/llama/description/workload/llama_3_8b/config_2.workload.yaml,/home/gensis2/research/archx/chiplet4ai/llama/description/event/event.yaml,/home/gensis2/research/archx/chiplet4ai/llama/description/metric/metric.yaml,/home/gensis2/research/archx/chiplet4ai/llama/description/runs/llama_3_8b/arch_32/config_2,/home/gensis2/research/archx/chiplet4ai/llama/description/runs/llama_3_8b/arch_32/config_2/checkpoint.json
289,33,/home/gensis2/research/archx/chiplet4ai/llama/description/architecture/config_33.architecture.yaml,llama_3_8b,2,/home/gensis2/research/archx/chiplet4ai/llama/description/workload/llama_3_8b/config_2.workload.yaml,/home/gensis2/research/archx/chiplet4ai/llama/description/event/event.yaml,/home/gensis2/research/archx/chiplet4ai/llama/description/metric/metric.yaml,/home/gensis2/research/archx/chiplet4ai/llama/description/runs/llama_3_8b/arch_33/config_2,/home/gensis2/research/archx/chiplet4ai/llama/description/runs/llama_3_8b/arch_33/config_2/checkpoint.json
290,34,/home/gensis2/research/archx/chiplet4ai/llama/description/architecture/config_34.architecture.yaml,llama_3_8b,2,/home/gensis2/research/archx/chiplet4ai/llama/description/workload/llama_3_8b/config_2.workload.yaml,/home/gensis2/research/archx/chiplet4ai/llama/description/event/event.yaml,/home/gensis2/research/archx/chiplet4ai/llama/description/metric/metric.yaml,/home/gensis2/research/archx/chiplet4ai/llama/description/runs/llama_3_8b/arch_34/config_2,/home/gensis2/research/archx/chiplet4ai/llama/description/runs/llama_3_8b/arch_34/config_2/checkpoint.json
291,35,/home/gensis2/research/archx/chiplet4ai/llama/description/architecture/config_35.architecture.yaml,llama_3_8b,2,/home/gensis2/research/archx/chiplet4ai/llama/description/workload/llama_3_8b/config_2.workload.yaml,/home/gensis2/research/archx/chiplet4ai/llama/description/event/event.yaml,/home/gensis2/research/archx/chiplet4ai/llama/description/metric/metric.yaml,/home/gensis2/research/archx/chiplet4ai/llama/description/runs/llama_3_8b/arch_35/config_2,/home/gensis2/research/archx/chiplet4ai/llama/description/runs/llama_3_8b/arch_35/config_2/checkpoint.json
292,36,/home/gensis2/research/archx/chiplet4ai/llama/description/architecture/config_36.architecture.yaml,llama_3_8b,2,/home/gensis2/research/archx/chiplet4ai/llama/description/workload/llama_3_8b/config_2.workload.yaml,/home/gensis2/research/archx/chiplet4ai/llama/description/event/event.yaml,/home/gensis2/research/archx/chiplet4ai/llama/description/metric/metric.yaml,/home/gensis2/research/archx/chiplet4ai/llama/description/runs/llama_3_8b/arch_36/config_2,/home/gensis2/research/archx/chiplet4ai/llama/description/runs/llama_3_8b/arch_36/config_2/checkpoint.json
293,37,/home/gensis2/research/archx/chiplet4ai/llama/description/architecture/config_37.architecture.yaml,llama_3_8b,2,/home/gensis2/research/archx/chiplet4ai/llama/description/workload/llama_3_8b/config_2.workload.yaml,/home/gensis2/research/archx/chiplet4ai/llama/description/event/event.yaml,/home/gensis2/research/archx/chiplet4ai/llama/description/metric/metric.yaml,/home/gensis2/research/archx/chiplet4ai/llama/description/runs/llama_3_8b/arch_37/config_2,/home/gensis2/research/archx/chiplet4ai/llama/description/runs/llama_3_8b/arch_37/config_2/checkpoint.json
294,38,/home/gensis2/research/archx/chiplet4ai/llama/description/architecture/config_38.architecture.yaml,llama_3_8b,2,/home/gensis2/research/archx/chiplet4ai/llama/description/workload/llama_3_8b/config_2.workload.yaml,/home/gensis2/research/archx/chiplet4ai/llama/description/event/event.yaml,/home/gensis2/research/archx/chiplet4ai/llama/description/metric/metric.yaml,/home/gensis2/research/archx/chiplet4ai/llama/description/runs/llama_3_8b/arch_38/config_2,/home/gensis2/research/archx/chiplet4ai/llama/description/runs/llama_3_8b/arch_38/config_2/checkpoint.json
295,39,/home/gensis2/research/archx/chiplet4ai/llama/description/architecture/config_39.architecture.yaml,llama_3_8b,2,/home/gensis2/research/archx/chiplet4ai/llama/description/workload/llama_3_8b/config_2.workload.yaml,/home/gensis2/research/archx/chiplet4ai/llama/description/event/event.yaml,/home/gensis2/research/archx/chiplet4ai/llama/description/metric/metric.yaml,/home/gensis2/research/archx/chiplet4ai/llama/description/runs/llama_3_8b/arch_39/config_2,/home/gensis2/research/archx/chiplet4ai/llama/description/runs/llama_3_8b/arch_39/config_2/checkpoint.json
296,40,/home/gensis2/research/archx/chiplet4ai/llama/description/architecture/config_40.architecture.yaml,llama_3_8b,2,/home/gensis2/research/archx/chiplet4ai/llama/description/workload/llama_3_8b/config_2.workload.yaml,/home/gensis2/research/archx/chiplet4ai/llama/description/event/event.yaml,/home/gensis2/research/archx/chiplet4ai/llama/description/metric/metric.yaml,/home/gensis2/research/archx/chiplet4ai/llama/description/runs/llama_3_8b/arch_40/config_2,/home/gensis2/research/archx/chiplet4ai/llama/description/runs/llama_3_8b/arch_40/config_2/checkpoint.json
297,41,/home/gensis2/research/archx/chiplet4ai/llama/description/architecture/config_41.architecture.yaml,llama_3_8b,2,/home/gensis2/research/archx/chiplet4ai/llama/description/workload/llama_3_8b/config_2.workload.yaml,/home/gensis2/research/archx/chiplet4ai/llama/description/event/event.yaml,/home/gensis2/research/archx/chiplet4ai/llama/description/metric/metric.yaml,/home/gensis2/research/archx/chiplet4ai/llama/description/runs/llama_3_8b/arch_41/config_2,/home/gensis2/research/archx/chiplet4ai/llama/description/runs/llama_3_8b/arch_41/config_2/checkpoint.json
298,42,/home/gensis2/research/archx/chiplet4ai/llama/description/architecture/config_42.architecture.yaml,llama_3_8b,2,/home/gensis2/research/archx/chiplet4ai/llama/description/workload/llama_3_8b/config_2.workload.yaml,/home/gensis2/research/archx/chiplet4ai/llama/description/event/event.yaml,/home/gensis2/research/archx/chiplet4ai/llama/description/metric/metric.yaml,/home/gensis2/research/archx/chiplet4ai/llama/description/runs/llama_3_8b/arch_42/config_2,/home/gensis2/research/archx/chiplet4ai/llama/description/runs/llama_3_8b/arch_42/config_2/checkpoint.json
299,43,/home/gensis2/research/archx/chiplet4ai/llama/description/architecture/config_43.architecture.yaml,llama_3_8b,2,/home/gensis2/research/archx/chiplet4ai/llama/description/workload/llama_3_8b/config_2.workload.yaml,/home/gensis2/research/archx/chiplet4ai/llama/description/event/event.yaml,/home/gensis2/research/archx/chiplet4ai/llama/description/metric/metric.yaml,/home/gensis2/research/archx/chiplet4ai/llama/description/runs/llama_3_8b/arch_43/config_2,/home/gensis2/research/archx/chiplet4ai/llama/description/runs/llama_3_8b/arch_43/config_2/checkpoint.json
300,44,/home/gensis2/research/archx/chiplet4ai/llama/description/architecture/config_44.architecture.yaml,llama_3_8b,2,/home/gensis2/research/archx/chiplet4ai/llama/description/workload/llama_3_8b/config_2.workload.yaml,/home/gensis2/research/archx/chiplet4ai/llama/description/event/event.yaml,/home/gensis2/research/archx/chiplet4ai/llama/description/metric/metric.yaml,/home/gensis2/research/archx/chiplet4ai/llama/description/runs/llama_3_8b/arch_44/config_2,/home/gensis2/research/archx/chiplet4ai/llama/description/runs/llama_3_8b/arch_44/config_2/checkpoint.json
301,45,/home/gensis2/research/archx/chiplet4ai/llama/description/architecture/config_45.architecture.yaml,llama_3_8b,2,/home/gensis2/research/archx/chiplet4ai/llama/description/workload/llama_3_8b/config_2.workload.yaml,/home/gensis2/research/archx/chiplet4ai/llama/description/event/event.yaml,/home/gensis2/research/archx/chiplet4ai/llama/description/metric/metric.yaml,/home/gensis2/research/archx/chiplet4ai/llama/description/runs/llama_3_8b/arch_45/config_2,/home/gensis2/research/archx/chiplet4ai/llama/description/runs/llama_3_8b/arch_45/config_2/checkpoint.json
302,46,/home/gensis2/research/archx/chiplet4ai/llama/description/architecture/config_46.architecture.yaml,llama_3_8b,2,/home/gensis2/research/archx/chiplet4ai/llama/description/workload/llama_3_8b/config_2.workload.yaml,/home/gensis2/research/archx/chiplet4ai/llama/description/event/event.yaml,/home/gensis2/research/archx/chiplet4ai/llama/description/metric/metric.yaml,/home/gensis2/research/archx/chiplet4ai/llama/description/runs/llama_3_8b/arch_46/config_2,/home/gensis2/research/archx/chiplet4ai/llama/description/runs/llama_3_8b/arch_46/config_2/checkpoint.json
303,47,/home/gensis2/research/archx/chiplet4ai/llama/description/architecture/config_47.architecture.yaml,llama_3_8b,2,/home/gensis2/research/archx/chiplet4ai/llama/description/workload/llama_3_8b/config_2.workload.yaml,/home/gensis2/research/archx/chiplet4ai/llama/description/event/event.yaml,/home/gensis2/research/archx/chiplet4ai/llama/description/metric/metric.yaml,/home/gensis2/research/archx/chiplet4ai/llama/description/runs/llama_3_8b/arch_47/config_2,/home/gensis2/research/archx/chiplet4ai/llama/description/runs/llama_3_8b/arch_47/config_2/checkpoint.json
304,48,/home/gensis2/research/archx/chiplet4ai/llama/description/architecture/config_48.architecture.yaml,llama_3_8b,2,/home/gensis2/research/archx/chiplet4ai/llama/description/workload/llama_3_8b/config_2.workload.yaml,/home/gensis2/research/archx/chiplet4ai/llama/description/event/event.yaml,/home/gensis2/research/archx/chiplet4ai/llama/description/metric/metric.yaml,/home/gensis2/research/archx/chiplet4ai/llama/description/runs/llama_3_8b/arch_48/config_2,/home/gensis2/research/archx/chiplet4ai/llama/description/runs/llama_3_8b/arch_48/config_2/checkpoint.json
305,49,/home/gensis2/research/archx/chiplet4ai/llama/description/architecture/config_49.architecture.yaml,llama_3_8b,2,/home/gensis2/research/archx/chiplet4ai/llama/description/workload/llama_3_8b/config_2.workload.yaml,/home/gensis2/research/archx/chiplet4ai/llama/description/event/event.yaml,/home/gensis2/research/archx/chiplet4ai/llama/description/metric/metric.yaml,/home/gensis2/research/archx/chiplet4ai/llama/description/runs/llama_3_8b/arch_49/config_2,/home/gensis2/research/archx/chiplet4ai/llama/description/runs/llama_3_8b/arch_49/config_2/checkpoint.json
306,50,/home/gensis2/research/archx/chiplet4ai/llama/description/architecture/config_50.architecture.yaml,llama_3_8b,2,/home/gensis2/research/archx/chiplet4ai/llama/description/workload/llama_3_8b/config_2.workload.yaml,/home/gensis2/research/archx/chiplet4ai/llama/description/event/event.yaml,/home/gensis2/research/archx/chiplet4ai/llama/description/metric/metric.yaml,/home/gensis2/research/archx/chiplet4ai/llama/description/runs/llama_3_8b/arch_50/config_2,/home/gensis2/research/archx/chiplet4ai/llama/description/runs/llama_3_8b/arch_50/config_2/checkpoint.json
307,51,/home/gensis2/research/archx/chiplet4ai/llama/description/architecture/config_51.architecture.yaml,llama_3_8b,2,/home/gensis2/research/archx/chiplet4ai/llama/description/workload/llama_3_8b/config_2.workload.yaml,/home/gensis2/research/archx/chiplet4ai/llama/description/event/event.yaml,/home/gensis2/research/archx/chiplet4ai/llama/description/metric/metric.yaml,/home/gensis2/research/archx/chiplet4ai/llama/description/runs/llama_3_8b/arch_51/config_2,/home/gensis2/research/archx/chiplet4ai/llama/description/runs/llama_3_8b/arch_51/config_2/checkpoint.json
308,52,/home/gensis2/research/archx/chiplet4ai/llama/description/architecture/config_52.architecture.yaml,llama_3_8b,2,/home/gensis2/research/archx/chiplet4ai/llama/description/workload/llama_3_8b/config_2.workload.yaml,/home/gensis2/research/archx/chiplet4ai/llama/description/event/event.yaml,/home/gensis2/research/archx/chiplet4ai/llama/description/metric/metric.yaml,/home/gensis2/research/archx/chiplet4ai/llama/description/runs/llama_3_8b/arch_52/config_2,/home/gensis2/research/archx/chiplet4ai/llama/description/runs/llama_3_8b/arch_52/config_2/checkpoint.json
309,53,/home/gensis2/research/archx/chiplet4ai/llama/description/architecture/config_53.architecture.yaml,llama_3_8b,2,/home/gensis2/research/archx/chiplet4ai/llama/description/workload/llama_3_8b/config_2.workload.yaml,/home/gensis2/research/archx/chiplet4ai/llama/description/event/event.yaml,/home/gensis2/research/archx/chiplet4ai/llama/description/metric/metric.yaml,/home/gensis2/research/archx/chiplet4ai/llama/description/runs/llama_3_8b/arch_53/config_2,/home/gensis2/research/archx/chiplet4ai/llama/description/runs/llama_3_8b/arch_53/config_2/checkpoint.json
310,54,/home/gensis2/research/archx/chiplet4ai/llama/description/architecture/config_54.architecture.yaml,llama_3_8b,2,/home/gensis2/research/archx/chiplet4ai/llama/description/workload/llama_3_8b/config_2.workload.yaml,/home/gensis2/research/archx/chiplet4ai/llama/description/event/event.yaml,/home/gensis2/research/archx/chiplet4ai/llama/description/metric/metric.yaml,/home/gensis2/research/archx/chiplet4ai/llama/description/runs/llama_3_8b/arch_54/config_2,/home/gensis2/research/archx/chiplet4ai/llama/description/runs/llama_3_8b/arch_54/config_2/checkpoint.json
311,55,/home/gensis2/research/archx/chiplet4ai/llama/description/architecture/config_55.architecture.yaml,llama_3_8b,2,/home/gensis2/research/archx/chiplet4ai/llama/description/workload/llama_3_8b/config_2.workload.yaml,/home/gensis2/research/archx/chiplet4ai/llama/description/event/event.yaml,/home/gensis2/research/archx/chiplet4ai/llama/description/metric/metric.yaml,/home/gensis2/research/archx/chiplet4ai/llama/description/runs/llama_3_8b/arch_55/config_2,/home/gensis2/research/archx/chiplet4ai/llama/description/runs/llama_3_8b/arch_55/config_2/checkpoint.json
312,56,/home/gensis2/research/archx/chiplet4ai/llama/description/architecture/config_56.architecture.yaml,llama_3_8b,2,/home/gensis2/research/archx/chiplet4ai/llama/description/workload/llama_3_8b/config_2.workload.yaml,/home/gensis2/research/archx/chiplet4ai/llama/description/event/event.yaml,/home/gensis2/research/archx/chiplet4ai/llama/description/metric/metric.yaml,/home/gensis2/research/archx/chiplet4ai/llama/description/runs/llama_3_8b/arch_56/config_2,/home/gensis2/research/archx/chiplet4ai/llama/description/runs/llama_3_8b/arch_56/config_2/checkpoint.json
313,57,/home/gensis2/research/archx/chiplet4ai/llama/description/architecture/config_57.architecture.yaml,llama_3_8b,2,/home/gensis2/research/archx/chiplet4ai/llama/description/workload/llama_3_8b/config_2.workload.yaml,/home/gensis2/research/archx/chiplet4ai/llama/description/event/event.yaml,/home/gensis2/research/archx/chiplet4ai/llama/description/metric/metric.yaml,/home/gensis2/research/archx/chiplet4ai/llama/description/runs/llama_3_8b/arch_57/config_2,/home/gensis2/research/archx/chiplet4ai/llama/description/runs/llama_3_8b/arch_57/config_2/checkpoint.json
314,58,/home/gensis2/research/archx/chiplet4ai/llama/description/architecture/config_58.architecture.yaml,llama_3_8b,2,/home/gensis2/research/archx/chiplet4ai/llama/description/workload/llama_3_8b/config_2.workload.yaml,/home/gensis2/research/archx/chiplet4ai/llama/description/event/event.yaml,/home/gensis2/research/archx/chiplet4ai/llama/description/metric/metric.yaml,/home/gensis2/research/archx/chiplet4ai/llama/description/runs/llama_3_8b/arch_58/config_2,/home/gensis2/research/archx/chiplet4ai/llama/description/runs/llama_3_8b/arch_58/config_2/checkpoint.json
315,59,/home/gensis2/research/archx/chiplet4ai/llama/description/architecture/config_59.architecture.yaml,llama_3_8b,2,/home/gensis2/research/archx/chiplet4ai/llama/description/workload/llama_3_8b/config_2.workload.yaml,/home/gensis2/research/archx/chiplet4ai/llama/description/event/event.yaml,/home/gensis2/research/archx/chiplet4ai/llama/description/metric/metric.yaml,/home/gensis2/research/archx/chiplet4ai/llama/description/runs/llama_3_8b/arch_59/config_2,/home/gensis2/research/archx/chiplet4ai/llama/description/runs/llama_3_8b/arch_59/config_2/checkpoint.json
316,60,/home/gensis2/research/archx/chiplet4ai/llama/description/architecture/config_60.architecture.yaml,llama_3_8b,2,/home/gensis2/research/archx/chiplet4ai/llama/description/workload/llama_3_8b/config_2.workload.yaml,/home/gensis2/research/archx/chiplet4ai/llama/description/event/event.yaml,/home/gensis2/research/archx/chiplet4ai/llama/description/metric/metric.yaml,/home/gensis2/research/archx/chiplet4ai/llama/description/runs/llama_3_8b/arch_60/config_2,/home/gensis2/research/archx/chiplet4ai/llama/description/runs/llama_3_8b/arch_60/config_2/checkpoint.json
317,61,/home/gensis2/research/archx/chiplet4ai/llama/description/architecture/config_61.architecture.yaml,llama_3_8b,2,/home/gensis2/research/archx/chiplet4ai/llama/description/workload/llama_3_8b/config_2.workload.yaml,/home/gensis2/research/archx/chiplet4ai/llama/description/event/event.yaml,/home/gensis2/research/archx/chiplet4ai/llama/description/metric/metric.yaml,/home/gensis2/research/archx/chiplet4ai/llama/description/runs/llama_3_8b/arch_61/config_2,/home/gensis2/research/archx/chiplet4ai/llama/description/runs/llama_3_8b/arch_61/config_2/checkpoint.json
318,62,/home/gensis2/research/archx/chiplet4ai/llama/description/architecture/config_62.architecture.yaml,llama_3_8b,2,/home/gensis2/research/archx/chiplet4ai/llama/description/workload/llama_3_8b/config_2.workload.yaml,/home/gensis2/research/archx/chiplet4ai/llama/description/event/event.yaml,/home/gensis2/research/archx/chiplet4ai/llama/description/metric/metric.yaml,/home/gensis2/research/archx/chiplet4ai/llama/description/runs/llama_3_8b/arch_62/config_2,/home/gensis2/research/archx/chiplet4ai/llama/description/runs/llama_3_8b/arch_62/config_2/checkpoint.json
319,63,/home/gensis2/research/archx/chiplet4ai/llama/description/architecture/config_63.architecture.yaml,llama_3_8b,2,/home/gensis2/research/archx/chiplet4ai/llama/description/workload/llama_3_8b/config_2.workload.yaml,/home/gensis2/research/archx/chiplet4ai/llama/description/event/event.yaml,/home/gensis2/research/archx/chiplet4ai/llama/description/metric/metric.yaml,/home/gensis2/research/archx/chiplet4ai/llama/description/runs/llama_3_8b/arch_63/config_2,/home/gensis2/research/archx/chiplet4ai/llama/description/runs/llama_3_8b/arch_63/config_2/checkpoint.json
320,64,/home/gensis2/research/archx/chiplet4ai/llama/description/architecture/config_64.architecture.yaml,llama_3_8b,2,/home/gensis2/research/archx/chiplet4ai/llama/description/workload/llama_3_8b/config_2.workload.yaml,/home/gensis2/research/archx/chiplet4ai/llama/description/event/event.yaml,/home/gensis2/research/archx/chiplet4ai/llama/description/metric/metric.yaml,/home/gensis2/research/archx/chiplet4ai/llama/description/runs/llama_3_8b/arch_64/config_2,/home/gensis2/research/archx/chiplet4ai/llama/description/runs/llama_3_8b/arch_64/config_2/checkpoint.json
321,65,/home/gensis2/research/archx/chiplet4ai/llama/description/architecture/config_65.architecture.yaml,llama_3_8b,2,/home/gensis2/research/archx/chiplet4ai/llama/description/workload/llama_3_8b/config_2.workload.yaml,/home/gensis2/research/archx/chiplet4ai/llama/description/event/event.yaml,/home/gensis2/research/archx/chiplet4ai/llama/description/metric/metric.yaml,/home/gensis2/research/archx/chiplet4ai/llama/description/runs/llama_3_8b/arch_65/config_2,/home/gensis2/research/archx/chiplet4ai/llama/description/runs/llama_3_8b/arch_65/config_2/checkpoint.json
322,66,/home/gensis2/research/archx/chiplet4ai/llama/description/architecture/config_66.architecture.yaml,llama_3_8b,2,/home/gensis2/research/archx/chiplet4ai/llama/description/workload/llama_3_8b/config_2.workload.yaml,/home/gensis2/research/archx/chiplet4ai/llama/description/event/event.yaml,/home/gensis2/research/archx/chiplet4ai/llama/description/metric/metric.yaml,/home/gensis2/research/archx/chiplet4ai/llama/description/runs/llama_3_8b/arch_66/config_2,/home/gensis2/research/archx/chiplet4ai/llama/description/runs/llama_3_8b/arch_66/config_2/checkpoint.json
323,67,/home/gensis2/research/archx/chiplet4ai/llama/description/architecture/config_67.architecture.yaml,llama_3_8b,2,/home/gensis2/research/archx/chiplet4ai/llama/description/workload/llama_3_8b/config_2.workload.yaml,/home/gensis2/research/archx/chiplet4ai/llama/description/event/event.yaml,/home/gensis2/research/archx/chiplet4ai/llama/description/metric/metric.yaml,/home/gensis2/research/archx/chiplet4ai/llama/description/runs/llama_3_8b/arch_67/config_2,/home/gensis2/research/archx/chiplet4ai/llama/description/runs/llama_3_8b/arch_67/config_2/checkpoint.json
324,68,/home/gensis2/research/archx/chiplet4ai/llama/description/architecture/config_68.architecture.yaml,llama_3_8b,2,/home/gensis2/research/archx/chiplet4ai/llama/description/workload/llama_3_8b/config_2.workload.yaml,/home/gensis2/research/archx/chiplet4ai/llama/description/event/event.yaml,/home/gensis2/research/archx/chiplet4ai/llama/description/metric/metric.yaml,/home/gensis2/research/archx/chiplet4ai/llama/description/runs/llama_3_8b/arch_68/config_2,/home/gensis2/research/archx/chiplet4ai/llama/description/runs/llama_3_8b/arch_68/config_2/checkpoint.json
325,69,/home/gensis2/research/archx/chiplet4ai/llama/description/architecture/config_69.architecture.yaml,llama_3_8b,2,/home/gensis2/research/archx/chiplet4ai/llama/description/workload/llama_3_8b/config_2.workload.yaml,/home/gensis2/research/archx/chiplet4ai/llama/description/event/event.yaml,/home/gensis2/research/archx/chiplet4ai/llama/description/metric/metric.yaml,/home/gensis2/research/archx/chiplet4ai/llama/description/runs/llama_3_8b/arch_69/config_2,/home/gensis2/research/archx/chiplet4ai/llama/description/runs/llama_3_8b/arch_69/config_2/checkpoint.json
326,70,/home/gensis2/research/archx/chiplet4ai/llama/description/architecture/config_70.architecture.yaml,llama_3_8b,2,/home/gensis2/research/archx/chiplet4ai/llama/description/workload/llama_3_8b/config_2.workload.yaml,/home/gensis2/research/archx/chiplet4ai/llama/description/event/event.yaml,/home/gensis2/research/archx/chiplet4ai/llama/description/metric/metric.yaml,/home/gensis2/research/archx/chiplet4ai/llama/description/runs/llama_3_8b/arch_70/config_2,/home/gensis2/research/archx/chiplet4ai/llama/description/runs/llama_3_8b/arch_70/config_2/checkpoint.json
327,71,/home/gensis2/research/archx/chiplet4ai/llama/description/architecture/config_71.architecture.yaml,llama_3_8b,2,/home/gensis2/research/archx/chiplet4ai/llama/description/workload/llama_3_8b/config_2.workload.yaml,/home/gensis2/research/archx/chiplet4ai/llama/description/event/event.yaml,/home/gensis2/research/archx/chiplet4ai/llama/description/metric/metric.yaml,/home/gensis2/research/archx/chiplet4ai/llama/description/runs/llama_3_8b/arch_71/config_2,/home/gensis2/research/archx/chiplet4ai/llama/description/runs/llama_3_8b/arch_71/config_2/checkpoint.json
328,72,/home/gensis2/research/archx/chiplet4ai/llama/description/architecture/config_72.architecture.yaml,llama_3_8b,2,/home/gensis2/research/archx/chiplet4ai/llama/description/workload/llama_3_8b/config_2.workload.yaml,/home/gensis2/research/archx/chiplet4ai/llama/description/event/event.yaml,/home/gensis2/research/archx/chiplet4ai/llama/description/metric/metric.yaml,/home/gensis2/research/archx/chiplet4ai/llama/description/runs/llama_3_8b/arch_72/config_2,/home/gensis2/research/archx/chiplet4ai/llama/description/runs/llama_3_8b/arch_72/config_2/checkpoint.json
329,73,/home/gensis2/research/archx/chiplet4ai/llama/description/architecture/config_73.architecture.yaml,llama_3_8b,2,/home/gensis2/research/archx/chiplet4ai/llama/description/workload/llama_3_8b/config_2.workload.yaml,/home/gensis2/research/archx/chiplet4ai/llama/description/event/event.yaml,/home/gensis2/research/archx/chiplet4ai/llama/description/metric/metric.yaml,/home/gensis2/research/archx/chiplet4ai/llama/description/runs/llama_3_8b/arch_73/config_2,/home/gensis2/research/archx/chiplet4ai/llama/description/runs/llama_3_8b/arch_73/config_2/checkpoint.json
330,74,/home/gensis2/research/archx/chiplet4ai/llama/description/architecture/config_74.architecture.yaml,llama_3_8b,2,/home/gensis2/research/archx/chiplet4ai/llama/description/workload/llama_3_8b/config_2.workload.yaml,/home/gensis2/research/archx/chiplet4ai/llama/description/event/event.yaml,/home/gensis2/research/archx/chiplet4ai/llama/description/metric/metric.yaml,/home/gensis2/research/archx/chiplet4ai/llama/description/runs/llama_3_8b/arch_74/config_2,/home/gensis2/research/archx/chiplet4ai/llama/description/runs/llama_3_8b/arch_74/config_2/checkpoint.json
331,75,/home/gensis2/research/archx/chiplet4ai/llama/description/architecture/config_75.architecture.yaml,llama_3_8b,2,/home/gensis2/research/archx/chiplet4ai/llama/description/workload/llama_3_8b/config_2.workload.yaml,/home/gensis2/research/archx/chiplet4ai/llama/description/event/event.yaml,/home/gensis2/research/archx/chiplet4ai/llama/description/metric/metric.yaml,/home/gensis2/research/archx/chiplet4ai/llama/description/runs/llama_3_8b/arch_75/config_2,/home/gensis2/research/archx/chiplet4ai/llama/description/runs/llama_3_8b/arch_75/config_2/checkpoint.json
332,76,/home/gensis2/research/archx/chiplet4ai/llama/description/architecture/config_76.architecture.yaml,llama_3_8b,2,/home/gensis2/research/archx/chiplet4ai/llama/description/workload/llama_3_8b/config_2.workload.yaml,/home/gensis2/research/archx/chiplet4ai/llama/description/event/event.yaml,/home/gensis2/research/archx/chiplet4ai/llama/description/metric/metric.yaml,/home/gensis2/research/archx/chiplet4ai/llama/description/runs/llama_3_8b/arch_76/config_2,/home/gensis2/research/archx/chiplet4ai/llama/description/runs/llama_3_8b/arch_76/config_2/checkpoint.json
333,77,/home/gensis2/research/archx/chiplet4ai/llama/description/architecture/config_77.architecture.yaml,llama_3_8b,2,/home/gensis2/research/archx/chiplet4ai/llama/description/workload/llama_3_8b/config_2.workload.yaml,/home/gensis2/research/archx/chiplet4ai/llama/description/event/event.yaml,/home/gensis2/research/archx/chiplet4ai/llama/description/metric/metric.yaml,/home/gensis2/research/archx/chiplet4ai/llama/description/runs/llama_3_8b/arch_77/config_2,/home/gensis2/research/archx/chiplet4ai/llama/description/runs/llama_3_8b/arch_77/config_2/checkpoint.json
334,78,/home/gensis2/research/archx/chiplet4ai/llama/description/architecture/config_78.architecture.yaml,llama_3_8b,2,/home/gensis2/research/archx/chiplet4ai/llama/description/workload/llama_3_8b/config_2.workload.yaml,/home/gensis2/research/archx/chiplet4ai/llama/description/event/event.yaml,/home/gensis2/research/archx/chiplet4ai/llama/description/metric/metric.yaml,/home/gensis2/research/archx/chiplet4ai/llama/description/runs/llama_3_8b/arch_78/config_2,/home/gensis2/research/archx/chiplet4ai/llama/description/runs/llama_3_8b/arch_78/config_2/checkpoint.json
335,79,/home/gensis2/research/archx/chiplet4ai/llama/description/architecture/config_79.architecture.yaml,llama_3_8b,2,/home/gensis2/research/archx/chiplet4ai/llama/description/workload/llama_3_8b/config_2.workload.yaml,/home/gensis2/research/archx/chiplet4ai/llama/description/event/event.yaml,/home/gensis2/research/archx/chiplet4ai/llama/description/metric/metric.yaml,/home/gensis2/research/archx/chiplet4ai/llama/description/runs/llama_3_8b/arch_79/config_2,/home/gensis2/research/archx/chiplet4ai/llama/description/runs/llama_3_8b/arch_79/config_2/checkpoint.json
336,80,/home/gensis2/research/archx/chiplet4ai/llama/description/architecture/config_80.architecture.yaml,llama_3_8b,2,/home/gensis2/research/archx/chiplet4ai/llama/description/workload/llama_3_8b/config_2.workload.yaml,/home/gensis2/research/archx/chiplet4ai/llama/description/event/event.yaml,/home/gensis2/research/archx/chiplet4ai/llama/description/metric/metric.yaml,/home/gensis2/research/archx/chiplet4ai/llama/description/runs/llama_3_8b/arch_80/config_2,/home/gensis2/research/archx/chiplet4ai/llama/description/runs/llama_3_8b/arch_80/config_2/checkpoint.json
337,81,/home/gensis2/research/archx/chiplet4ai/llama/description/architecture/config_81.architecture.yaml,llama_3_8b,2,/home/gensis2/research/archx/chiplet4ai/llama/description/workload/llama_3_8b/config_2.workload.yaml,/home/gensis2/research/archx/chiplet4ai/llama/description/event/event.yaml,/home/gensis2/research/archx/chiplet4ai/llama/description/metric/metric.yaml,/home/gensis2/research/archx/chiplet4ai/llama/description/runs/llama_3_8b/arch_81/config_2,/home/gensis2/research/archx/chiplet4ai/llama/description/runs/llama_3_8b/arch_81/config_2/checkpoint.json
338,82,/home/gensis2/research/archx/chiplet4ai/llama/description/architecture/config_82.architecture.yaml,llama_3_8b,2,/home/gensis2/research/archx/chiplet4ai/llama/description/workload/llama_3_8b/config_2.workload.yaml,/home/gensis2/research/archx/chiplet4ai/llama/description/event/event.yaml,/home/gensis2/research/archx/chiplet4ai/llama/description/metric/metric.yaml,/home/gensis2/research/archx/chiplet4ai/llama/description/runs/llama_3_8b/arch_82/config_2,/home/gensis2/research/archx/chiplet4ai/llama/description/runs/llama_3_8b/arch_82/config_2/checkpoint.json
339,83,/home/gensis2/research/archx/chiplet4ai/llama/description/architecture/config_83.architecture.yaml,llama_3_8b,2,/home/gensis2/research/archx/chiplet4ai/llama/description/workload/llama_3_8b/config_2.workload.yaml,/home/gensis2/research/archx/chiplet4ai/llama/description/event/event.yaml,/home/gensis2/research/archx/chiplet4ai/llama/description/metric/metric.yaml,/home/gensis2/research/archx/chiplet4ai/llama/description/runs/llama_3_8b/arch_83/config_2,/home/gensis2/research/archx/chiplet4ai/llama/description/runs/llama_3_8b/arch_83/config_2/checkpoint.json
340,84,/home/gensis2/research/archx/chiplet4ai/llama/description/architecture/config_84.architecture.yaml,llama_3_8b,2,/home/gensis2/research/archx/chiplet4ai/llama/description/workload/llama_3_8b/config_2.workload.yaml,/home/gensis2/research/archx/chiplet4ai/llama/description/event/event.yaml,/home/gensis2/research/archx/chiplet4ai/llama/description/metric/metric.yaml,/home/gensis2/research/archx/chiplet4ai/llama/description/runs/llama_3_8b/arch_84/config_2,/home/gensis2/research/archx/chiplet4ai/llama/description/runs/llama_3_8b/arch_84/config_2/checkpoint.json
341,85,/home/gensis2/research/archx/chiplet4ai/llama/description/architecture/config_85.architecture.yaml,llama_3_8b,2,/home/gensis2/research/archx/chiplet4ai/llama/description/workload/llama_3_8b/config_2.workload.yaml,/home/gensis2/research/archx/chiplet4ai/llama/description/event/event.yaml,/home/gensis2/research/archx/chiplet4ai/llama/description/metric/metric.yaml,/home/gensis2/research/archx/chiplet4ai/llama/description/runs/llama_3_8b/arch_85/config_2,/home/gensis2/research/archx/chiplet4ai/llama/description/runs/llama_3_8b/arch_85/config_2/checkpoint.json
342,86,/home/gensis2/research/archx/chiplet4ai/llama/description/architecture/config_86.architecture.yaml,llama_3_8b,2,/home/gensis2/research/archx/chiplet4ai/llama/description/workload/llama_3_8b/config_2.workload.yaml,/home/gensis2/research/archx/chiplet4ai/llama/description/event/event.yaml,/home/gensis2/research/archx/chiplet4ai/llama/description/metric/metric.yaml,/home/gensis2/research/archx/chiplet4ai/llama/description/runs/llama_3_8b/arch_86/config_2,/home/gensis2/research/archx/chiplet4ai/llama/description/runs/llama_3_8b/arch_86/config_2/checkpoint.json
343,87,/home/gensis2/research/archx/chiplet4ai/llama/description/architecture/config_87.architecture.yaml,llama_3_8b,2,/home/gensis2/research/archx/chiplet4ai/llama/description/workload/llama_3_8b/config_2.workload.yaml,/home/gensis2/research/archx/chiplet4ai/llama/description/event/event.yaml,/home/gensis2/research/archx/chiplet4ai/llama/description/metric/metric.yaml,/home/gensis2/research/archx/chiplet4ai/llama/description/runs/llama_3_8b/arch_87/config_2,/home/gensis2/research/archx/chiplet4ai/llama/description/runs/llama_3_8b/arch_87/config_2/checkpoint.json
344,88,/home/gensis2/research/archx/chiplet4ai/llama/description/architecture/config_88.architecture.yaml,llama_3_8b,2,/home/gensis2/research/archx/chiplet4ai/llama/description/workload/llama_3_8b/config_2.workload.yaml,/home/gensis2/research/archx/chiplet4ai/llama/description/event/event.yaml,/home/gensis2/research/archx/chiplet4ai/llama/description/metric/metric.yaml,/home/gensis2/research/archx/chiplet4ai/llama/description/runs/llama_3_8b/arch_88/config_2,/home/gensis2/research/archx/chiplet4ai/llama/description/runs/llama_3_8b/arch_88/config_2/checkpoint.json
345,89,/home/gensis2/research/archx/chiplet4ai/llama/description/architecture/config_89.architecture.yaml,llama_3_8b,2,/home/gensis2/research/archx/chiplet4ai/llama/description/workload/llama_3_8b/config_2.workload.yaml,/home/gensis2/research/archx/chiplet4ai/llama/description/event/event.yaml,/home/gensis2/research/archx/chiplet4ai/llama/description/metric/metric.yaml,/home/gensis2/research/archx/chiplet4ai/llama/description/runs/llama_3_8b/arch_89/config_2,/home/gensis2/research/archx/chiplet4ai/llama/description/runs/llama_3_8b/arch_89/config_2/checkpoint.json
346,90,/home/gensis2/research/archx/chiplet4ai/llama/description/architecture/config_90.architecture.yaml,llama_3_8b,2,/home/gensis2/research/archx/chiplet4ai/llama/description/workload/llama_3_8b/config_2.workload.yaml,/home/gensis2/research/archx/chiplet4ai/llama/description/event/event.yaml,/home/gensis2/research/archx/chiplet4ai/llama/description/metric/metric.yaml,/home/gensis2/research/archx/chiplet4ai/llama/description/runs/llama_3_8b/arch_90/config_2,/home/gensis2/research/archx/chiplet4ai/llama/description/runs/llama_3_8b/arch_90/config_2/checkpoint.json
347,91,/home/gensis2/research/archx/chiplet4ai/llama/description/architecture/config_91.architecture.yaml,llama_3_8b,2,/home/gensis2/research/archx/chiplet4ai/llama/description/workload/llama_3_8b/config_2.workload.yaml,/home/gensis2/research/archx/chiplet4ai/llama/description/event/event.yaml,/home/gensis2/research/archx/chiplet4ai/llama/description/metric/metric.yaml,/home/gensis2/research/archx/chiplet4ai/llama/description/runs/llama_3_8b/arch_91/config_2,/home/gensis2/research/archx/chiplet4ai/llama/description/runs/llama_3_8b/arch_91/config_2/checkpoint.json
348,92,/home/gensis2/research/archx/chiplet4ai/llama/description/architecture/config_92.architecture.yaml,llama_3_8b,2,/home/gensis2/research/archx/chiplet4ai/llama/description/workload/llama_3_8b/config_2.workload.yaml,/home/gensis2/research/archx/chiplet4ai/llama/description/event/event.yaml,/home/gensis2/research/archx/chiplet4ai/llama/description/metric/metric.yaml,/home/gensis2/research/archx/chiplet4ai/llama/description/runs/llama_3_8b/arch_92/config_2,/home/gensis2/research/archx/chiplet4ai/llama/description/runs/llama_3_8b/arch_92/config_2/checkpoint.json
349,93,/home/gensis2/research/archx/chiplet4ai/llama/description/architecture/config_93.architecture.yaml,llama_3_8b,2,/home/gensis2/research/archx/chiplet4ai/llama/description/workload/llama_3_8b/config_2.workload.yaml,/home/gensis2/research/archx/chiplet4ai/llama/description/event/event.yaml,/home/gensis2/research/archx/chiplet4ai/llama/description/metric/metric.yaml,/home/gensis2/research/archx/chiplet4ai/llama/description/runs/llama_3_8b/arch_93/config_2,/home/gensis2/research/archx/chiplet4ai/llama/description/runs/llama_3_8b/arch_93/config_2/checkpoint.json
350,94,/home/gensis2/research/archx/chiplet4ai/llama/description/architecture/config_94.architecture.yaml,llama_3_8b,2,/home/gensis2/research/archx/chiplet4ai/llama/description/workload/llama_3_8b/config_2.workload.yaml,/home/gensis2/research/archx/chiplet4ai/llama/description/event/event.yaml,/home/gensis2/research/archx/chiplet4ai/llama/description/metric/metric.yaml,/home/gensis2/research/archx/chiplet4ai/llama/description/runs/llama_3_8b/arch_94/config_2,/home/gensis2/research/archx/chiplet4ai/llama/description/runs/llama_3_8b/arch_94/config_2/checkpoint.json
351,95,/home/gensis2/research/archx/chiplet4ai/llama/description/architecture/config_95.architecture.yaml,llama_3_8b,2,/home/gensis2/research/archx/chiplet4ai/llama/description/workload/llama_3_8b/config_2.workload.yaml,/home/gensis2/research/archx/chiplet4ai/llama/description/event/event.yaml,/home/gensis2/research/archx/chiplet4ai/llama/description/metric/metric.yaml,/home/gensis2/research/archx/chiplet4ai/llama/description/runs/llama_3_8b/arch_95/config_2,/home/gensis2/research/archx/chiplet4ai/llama/description/runs/llama_3_8b/arch_95/config_2/checkpoint.json
352,96,/home/gensis2/research/archx/chiplet4ai/llama/description/architecture/config_96.architecture.yaml,llama_3_8b,2,/home/gensis2/research/archx/chiplet4ai/llama/description/workload/llama_3_8b/config_2.workload.yaml,/home/gensis2/research/archx/chiplet4ai/llama/description/event/event.yaml,/home/gensis2/research/archx/chiplet4ai/llama/description/metric/metric.yaml,/home/gensis2/research/archx/chiplet4ai/llama/description/runs/llama_3_8b/arch_96/config_2,/home/gensis2/research/archx/chiplet4ai/llama/description/runs/llama_3_8b/arch_96/config_2/checkpoint.json
353,97,/home/gensis2/research/archx/chiplet4ai/llama/description/architecture/config_97.architecture.yaml,llama_3_8b,2,/home/gensis2/research/archx/chiplet4ai/llama/description/workload/llama_3_8b/config_2.workload.yaml,/home/gensis2/research/archx/chiplet4ai/llama/description/event/event.yaml,/home/gensis2/research/archx/chiplet4ai/llama/description/metric/metric.yaml,/home/gensis2/research/archx/chiplet4ai/llama/description/runs/llama_3_8b/arch_97/config_2,/home/gensis2/research/archx/chiplet4ai/llama/description/runs/llama_3_8b/arch_97/config_2/checkpoint.json
354,98,/home/gensis2/research/archx/chiplet4ai/llama/description/architecture/config_98.architecture.yaml,llama_3_8b,2,/home/gensis2/research/archx/chiplet4ai/llama/description/workload/llama_3_8b/config_2.workload.yaml,/home/gensis2/research/archx/chiplet4ai/llama/description/event/event.yaml,/home/gensis2/research/archx/chiplet4ai/llama/description/metric/metric.yaml,/home/gensis2/research/archx/chiplet4ai/llama/description/runs/llama_3_8b/arch_98/config_2,/home/gensis2/research/archx/chiplet4ai/llama/description/runs/llama_3_8b/arch_98/config_2/checkpoint.json
355,99,/home/gensis2/research/archx/chiplet4ai/llama/description/architecture/config_99.architecture.yaml,llama_3_8b,2,/home/gensis2/research/archx/chiplet4ai/llama/description/workload/llama_3_8b/config_2.workload.yaml,/home/gensis2/research/archx/chiplet4ai/llama/description/event/event.yaml,/home/gensis2/research/archx/chiplet4ai/llama/description/metric/metric.yaml,/home/gensis2/research/archx/chiplet4ai/llama/description/runs/llama_3_8b/arch_99/config_2,/home/gensis2/research/archx/chiplet4ai/llama/description/runs/llama_3_8b/arch_99/config_2/checkpoint.json
356,100,/home/gensis2/research/archx/chiplet4ai/llama/description/architecture/config_100.architecture.yaml,llama_3_8b,2,/home/gensis2/research/archx/chiplet4ai/llama/description/workload/llama_3_8b/config_2.workload.yaml,/home/gensis2/research/archx/chiplet4ai/llama/description/event/event.yaml,/home/gensis2/research/archx/chiplet4ai/llama/description/metric/metric.yaml,/home/gensis2/research/archx/chiplet4ai/llama/description/runs/llama_3_8b/arch_100/config_2,/home/gensis2/research/archx/chiplet4ai/llama/description/runs/llama_3_8b/arch_100/config_2/checkpoint.json
357,100,/home/gensis2/research/archx/chiplet4ai/llama/description/architecture/config_100.architecture.yaml,llama_3_70b,3,/home/gensis2/research/archx/chiplet4ai/llama/description/workload/llama_3_70b/config_3.workload.yaml,/home/gensis2/research/archx/chiplet4ai/llama/description/event/event.yaml,/home/gensis2/research/archx/chiplet4ai/llama/description/metric/metric.yaml,/home/gensis2/research/archx/chiplet4ai/llama/description/runs/llama_3_70b/arch_100/config_3,/home/gensis2/research/archx/chiplet4ai/llama/description/runs/llama_3_70b/arch_100/config_3/checkpoint.json
358,99,/home/gensis2/research/archx/chiplet4ai/llama/description/architecture/config_99.architecture.yaml,llama_3_70b,3,/home/gensis2/research/archx/chiplet4ai/llama/description/workload/llama_3_70b/config_3.workload.yaml,/home/gensis2/research/archx/chiplet4ai/llama/description/event/event.yaml,/home/gensis2/research/archx/chiplet4ai/llama/description/metric/metric.yaml,/home/gensis2/research/archx/chiplet4ai/llama/description/runs/llama_3_70b/arch_99/config_3,/home/gensis2/research/archx/chiplet4ai/llama/description/runs/llama_3_70b/arch_99/config_3/checkpoint.json
359,98,/home/gensis2/research/archx/chiplet4ai/llama/description/architecture/config_98.architecture.yaml,llama_3_70b,3,/home/gensis2/research/archx/chiplet4ai/llama/description/workload/llama_3_70b/config_3.workload.yaml,/home/gensis2/research/archx/chiplet4ai/llama/description/event/event.yaml,/home/gensis2/research/archx/chiplet4ai/llama/description/metric/metric.yaml,/home/gensis2/research/archx/chiplet4ai/llama/description/runs/llama_3_70b/arch_98/config_3,/home/gensis2/research/archx/chiplet4ai/llama/description/runs/llama_3_70b/arch_98/config_3/checkpoint.json
360,97,/home/gensis2/research/archx/chiplet4ai/llama/description/architecture/config_97.architecture.yaml,llama_3_70b,3,/home/gensis2/research/archx/chiplet4ai/llama/description/workload/llama_3_70b/config_3.workload.yaml,/home/gensis2/research/archx/chiplet4ai/llama/description/event/event.yaml,/home/gensis2/research/archx/chiplet4ai/llama/description/metric/metric.yaml,/home/gensis2/research/archx/chiplet4ai/llama/description/runs/llama_3_70b/arch_97/config_3,/home/gensis2/research/archx/chiplet4ai/llama/description/runs/llama_3_70b/arch_97/config_3/checkpoint.json
361,96,/home/gensis2/research/archx/chiplet4ai/llama/description/architecture/config_96.architecture.yaml,llama_3_70b,3,/home/gensis2/research/archx/chiplet4ai/llama/description/workload/llama_3_70b/config_3.workload.yaml,/home/gensis2/research/archx/chiplet4ai/llama/description/event/event.yaml,/home/gensis2/research/archx/chiplet4ai/llama/description/metric/metric.yaml,/home/gensis2/research/archx/chiplet4ai/llama/description/runs/llama_3_70b/arch_96/config_3,/home/gensis2/research/archx/chiplet4ai/llama/description/runs/llama_3_70b/arch_96/config_3/checkpoint.json
362,95,/home/gensis2/research/archx/chiplet4ai/llama/description/architecture/config_95.architecture.yaml,llama_3_70b,3,/home/gensis2/research/archx/chiplet4ai/llama/description/workload/llama_3_70b/config_3.workload.yaml,/home/gensis2/research/archx/chiplet4ai/llama/description/event/event.yaml,/home/gensis2/research/archx/chiplet4ai/llama/description/metric/metric.yaml,/home/gensis2/research/archx/chiplet4ai/llama/description/runs/llama_3_70b/arch_95/config_3,/home/gensis2/research/archx/chiplet4ai/llama/description/runs/llama_3_70b/arch_95/config_3/checkpoint.json
363,94,/home/gensis2/research/archx/chiplet4ai/llama/description/architecture/config_94.architecture.yaml,llama_3_70b,3,/home/gensis2/research/archx/chiplet4ai/llama/description/workload/llama_3_70b/config_3.workload.yaml,/home/gensis2/research/archx/chiplet4ai/llama/description/event/event.yaml,/home/gensis2/research/archx/chiplet4ai/llama/description/metric/metric.yaml,/home/gensis2/research/archx/chiplet4ai/llama/description/runs/llama_3_70b/arch_94/config_3,/home/gensis2/research/archx/chiplet4ai/llama/description/runs/llama_3_70b/arch_94/config_3/checkpoint.json
364,93,/home/gensis2/research/archx/chiplet4ai/llama/description/architecture/config_93.architecture.yaml,llama_3_70b,3,/home/gensis2/research/archx/chiplet4ai/llama/description/workload/llama_3_70b/config_3.workload.yaml,/home/gensis2/research/archx/chiplet4ai/llama/description/event/event.yaml,/home/gensis2/research/archx/chiplet4ai/llama/description/metric/metric.yaml,/home/gensis2/research/archx/chiplet4ai/llama/description/runs/llama_3_70b/arch_93/config_3,/home/gensis2/research/archx/chiplet4ai/llama/description/runs/llama_3_70b/arch_93/config_3/checkpoint.json
365,92,/home/gensis2/research/archx/chiplet4ai/llama/description/architecture/config_92.architecture.yaml,llama_3_70b,3,/home/gensis2/research/archx/chiplet4ai/llama/description/workload/llama_3_70b/config_3.workload.yaml,/home/gensis2/research/archx/chiplet4ai/llama/description/event/event.yaml,/home/gensis2/research/archx/chiplet4ai/llama/description/metric/metric.yaml,/home/gensis2/research/archx/chiplet4ai/llama/description/runs/llama_3_70b/arch_92/config_3,/home/gensis2/research/archx/chiplet4ai/llama/description/runs/llama_3_70b/arch_92/config_3/checkpoint.json
366,91,/home/gensis2/research/archx/chiplet4ai/llama/description/architecture/config_91.architecture.yaml,llama_3_70b,3,/home/gensis2/research/archx/chiplet4ai/llama/description/workload/llama_3_70b/config_3.workload.yaml,/home/gensis2/research/archx/chiplet4ai/llama/description/event/event.yaml,/home/gensis2/research/archx/chiplet4ai/llama/description/metric/metric.yaml,/home/gensis2/research/archx/chiplet4ai/llama/description/runs/llama_3_70b/arch_91/config_3,/home/gensis2/research/archx/chiplet4ai/llama/description/runs/llama_3_70b/arch_91/config_3/checkpoint.json
367,90,/home/gensis2/research/archx/chiplet4ai/llama/description/architecture/config_90.architecture.yaml,llama_3_70b,3,/home/gensis2/research/archx/chiplet4ai/llama/description/workload/llama_3_70b/config_3.workload.yaml,/home/gensis2/research/archx/chiplet4ai/llama/description/event/event.yaml,/home/gensis2/research/archx/chiplet4ai/llama/description/metric/metric.yaml,/home/gensis2/research/archx/chiplet4ai/llama/description/runs/llama_3_70b/arch_90/config_3,/home/gensis2/research/archx/chiplet4ai/llama/description/runs/llama_3_70b/arch_90/config_3/checkpoint.json
368,89,/home/gensis2/research/archx/chiplet4ai/llama/description/architecture/config_89.architecture.yaml,llama_3_70b,3,/home/gensis2/research/archx/chiplet4ai/llama/description/workload/llama_3_70b/config_3.workload.yaml,/home/gensis2/research/archx/chiplet4ai/llama/description/event/event.yaml,/home/gensis2/research/archx/chiplet4ai/llama/description/metric/metric.yaml,/home/gensis2/research/archx/chiplet4ai/llama/description/runs/llama_3_70b/arch_89/config_3,/home/gensis2/research/archx/chiplet4ai/llama/description/runs/llama_3_70b/arch_89/config_3/checkpoint.json
369,88,/home/gensis2/research/archx/chiplet4ai/llama/description/architecture/config_88.architecture.yaml,llama_3_70b,3,/home/gensis2/research/archx/chiplet4ai/llama/description/workload/llama_3_70b/config_3.workload.yaml,/home/gensis2/research/archx/chiplet4ai/llama/description/event/event.yaml,/home/gensis2/research/archx/chiplet4ai/llama/description/metric/metric.yaml,/home/gensis2/research/archx/chiplet4ai/llama/description/runs/llama_3_70b/arch_88/config_3,/home/gensis2/research/archx/chiplet4ai/llama/description/runs/llama_3_70b/arch_88/config_3/checkpoint.json
370,87,/home/gensis2/research/archx/chiplet4ai/llama/description/architecture/config_87.architecture.yaml,llama_3_70b,3,/home/gensis2/research/archx/chiplet4ai/llama/description/workload/llama_3_70b/config_3.workload.yaml,/home/gensis2/research/archx/chiplet4ai/llama/description/event/event.yaml,/home/gensis2/research/archx/chiplet4ai/llama/description/metric/metric.yaml,/home/gensis2/research/archx/chiplet4ai/llama/description/runs/llama_3_70b/arch_87/config_3,/home/gensis2/research/archx/chiplet4ai/llama/description/runs/llama_3_70b/arch_87/config_3/checkpoint.json
371,86,/home/gensis2/research/archx/chiplet4ai/llama/description/architecture/config_86.architecture.yaml,llama_3_70b,3,/home/gensis2/research/archx/chiplet4ai/llama/description/workload/llama_3_70b/config_3.workload.yaml,/home/gensis2/research/archx/chiplet4ai/llama/description/event/event.yaml,/home/gensis2/research/archx/chiplet4ai/llama/description/metric/metric.yaml,/home/gensis2/research/archx/chiplet4ai/llama/description/runs/llama_3_70b/arch_86/config_3,/home/gensis2/research/archx/chiplet4ai/llama/description/runs/llama_3_70b/arch_86/config_3/checkpoint.json
372,85,/home/gensis2/research/archx/chiplet4ai/llama/description/architecture/config_85.architecture.yaml,llama_3_70b,3,/home/gensis2/research/archx/chiplet4ai/llama/description/workload/llama_3_70b/config_3.workload.yaml,/home/gensis2/research/archx/chiplet4ai/llama/description/event/event.yaml,/home/gensis2/research/archx/chiplet4ai/llama/description/metric/metric.yaml,/home/gensis2/research/archx/chiplet4ai/llama/description/runs/llama_3_70b/arch_85/config_3,/home/gensis2/research/archx/chiplet4ai/llama/description/runs/llama_3_70b/arch_85/config_3/checkpoint.json
373,84,/home/gensis2/research/archx/chiplet4ai/llama/description/architecture/config_84.architecture.yaml,llama_3_70b,3,/home/gensis2/research/archx/chiplet4ai/llama/description/workload/llama_3_70b/config_3.workload.yaml,/home/gensis2/research/archx/chiplet4ai/llama/description/event/event.yaml,/home/gensis2/research/archx/chiplet4ai/llama/description/metric/metric.yaml,/home/gensis2/research/archx/chiplet4ai/llama/description/runs/llama_3_70b/arch_84/config_3,/home/gensis2/research/archx/chiplet4ai/llama/description/runs/llama_3_70b/arch_84/config_3/checkpoint.json
374,83,/home/gensis2/research/archx/chiplet4ai/llama/description/architecture/config_83.architecture.yaml,llama_3_70b,3,/home/gensis2/research/archx/chiplet4ai/llama/description/workload/llama_3_70b/config_3.workload.yaml,/home/gensis2/research/archx/chiplet4ai/llama/description/event/event.yaml,/home/gensis2/research/archx/chiplet4ai/llama/description/metric/metric.yaml,/home/gensis2/research/archx/chiplet4ai/llama/description/runs/llama_3_70b/arch_83/config_3,/home/gensis2/research/archx/chiplet4ai/llama/description/runs/llama_3_70b/arch_83/config_3/checkpoint.json
375,82,/home/gensis2/research/archx/chiplet4ai/llama/description/architecture/config_82.architecture.yaml,llama_3_70b,3,/home/gensis2/research/archx/chiplet4ai/llama/description/workload/llama_3_70b/config_3.workload.yaml,/home/gensis2/research/archx/chiplet4ai/llama/description/event/event.yaml,/home/gensis2/research/archx/chiplet4ai/llama/description/metric/metric.yaml,/home/gensis2/research/archx/chiplet4ai/llama/description/runs/llama_3_70b/arch_82/config_3,/home/gensis2/research/archx/chiplet4ai/llama/description/runs/llama_3_70b/arch_82/config_3/checkpoint.json
376,81,/home/gensis2/research/archx/chiplet4ai/llama/description/architecture/config_81.architecture.yaml,llama_3_70b,3,/home/gensis2/research/archx/chiplet4ai/llama/description/workload/llama_3_70b/config_3.workload.yaml,/home/gensis2/research/archx/chiplet4ai/llama/description/event/event.yaml,/home/gensis2/research/archx/chiplet4ai/llama/description/metric/metric.yaml,/home/gensis2/research/archx/chiplet4ai/llama/description/runs/llama_3_70b/arch_81/config_3,/home/gensis2/research/archx/chiplet4ai/llama/description/runs/llama_3_70b/arch_81/config_3/checkpoint.json
377,80,/home/gensis2/research/archx/chiplet4ai/llama/description/architecture/config_80.architecture.yaml,llama_3_70b,3,/home/gensis2/research/archx/chiplet4ai/llama/description/workload/llama_3_70b/config_3.workload.yaml,/home/gensis2/research/archx/chiplet4ai/llama/description/event/event.yaml,/home/gensis2/research/archx/chiplet4ai/llama/description/metric/metric.yaml,/home/gensis2/research/archx/chiplet4ai/llama/description/runs/llama_3_70b/arch_80/config_3,/home/gensis2/research/archx/chiplet4ai/llama/description/runs/llama_3_70b/arch_80/config_3/checkpoint.json
378,79,/home/gensis2/research/archx/chiplet4ai/llama/description/architecture/config_79.architecture.yaml,llama_3_70b,3,/home/gensis2/research/archx/chiplet4ai/llama/description/workload/llama_3_70b/config_3.workload.yaml,/home/gensis2/research/archx/chiplet4ai/llama/description/event/event.yaml,/home/gensis2/research/archx/chiplet4ai/llama/description/metric/metric.yaml,/home/gensis2/research/archx/chiplet4ai/llama/description/runs/llama_3_70b/arch_79/config_3,/home/gensis2/research/archx/chiplet4ai/llama/description/runs/llama_3_70b/arch_79/config_3/checkpoint.json
379,78,/home/gensis2/research/archx/chiplet4ai/llama/description/architecture/config_78.architecture.yaml,llama_3_70b,3,/home/gensis2/research/archx/chiplet4ai/llama/description/workload/llama_3_70b/config_3.workload.yaml,/home/gensis2/research/archx/chiplet4ai/llama/description/event/event.yaml,/home/gensis2/research/archx/chiplet4ai/llama/description/metric/metric.yaml,/home/gensis2/research/archx/chiplet4ai/llama/description/runs/llama_3_70b/arch_78/config_3,/home/gensis2/research/archx/chiplet4ai/llama/description/runs/llama_3_70b/arch_78/config_3/checkpoint.json
380,77,/home/gensis2/research/archx/chiplet4ai/llama/description/architecture/config_77.architecture.yaml,llama_3_70b,3,/home/gensis2/research/archx/chiplet4ai/llama/description/workload/llama_3_70b/config_3.workload.yaml,/home/gensis2/research/archx/chiplet4ai/llama/description/event/event.yaml,/home/gensis2/research/archx/chiplet4ai/llama/description/metric/metric.yaml,/home/gensis2/research/archx/chiplet4ai/llama/description/runs/llama_3_70b/arch_77/config_3,/home/gensis2/research/archx/chiplet4ai/llama/description/runs/llama_3_70b/arch_77/config_3/checkpoint.json
381,76,/home/gensis2/research/archx/chiplet4ai/llama/description/architecture/config_76.architecture.yaml,llama_3_70b,3,/home/gensis2/research/archx/chiplet4ai/llama/description/workload/llama_3_70b/config_3.workload.yaml,/home/gensis2/research/archx/chiplet4ai/llama/description/event/event.yaml,/home/gensis2/research/archx/chiplet4ai/llama/description/metric/metric.yaml,/home/gensis2/research/archx/chiplet4ai/llama/description/runs/llama_3_70b/arch_76/config_3,/home/gensis2/research/archx/chiplet4ai/llama/description/runs/llama_3_70b/arch_76/config_3/checkpoint.json
382,75,/home/gensis2/research/archx/chiplet4ai/llama/description/architecture/config_75.architecture.yaml,llama_3_70b,3,/home/gensis2/research/archx/chiplet4ai/llama/description/workload/llama_3_70b/config_3.workload.yaml,/home/gensis2/research/archx/chiplet4ai/llama/description/event/event.yaml,/home/gensis2/research/archx/chiplet4ai/llama/description/metric/metric.yaml,/home/gensis2/research/archx/chiplet4ai/llama/description/runs/llama_3_70b/arch_75/config_3,/home/gensis2/research/archx/chiplet4ai/llama/description/runs/llama_3_70b/arch_75/config_3/checkpoint.json
383,74,/home/gensis2/research/archx/chiplet4ai/llama/description/architecture/config_74.architecture.yaml,llama_3_70b,3,/home/gensis2/research/archx/chiplet4ai/llama/description/workload/llama_3_70b/config_3.workload.yaml,/home/gensis2/research/archx/chiplet4ai/llama/description/event/event.yaml,/home/gensis2/research/archx/chiplet4ai/llama/description/metric/metric.yaml,/home/gensis2/research/archx/chiplet4ai/llama/description/runs/llama_3_70b/arch_74/config_3,/home/gensis2/research/archx/chiplet4ai/llama/description/runs/llama_3_70b/arch_74/config_3/checkpoint.json
384,73,/home/gensis2/research/archx/chiplet4ai/llama/description/architecture/config_73.architecture.yaml,llama_3_70b,3,/home/gensis2/research/archx/chiplet4ai/llama/description/workload/llama_3_70b/config_3.workload.yaml,/home/gensis2/research/archx/chiplet4ai/llama/description/event/event.yaml,/home/gensis2/research/archx/chiplet4ai/llama/description/metric/metric.yaml,/home/gensis2/research/archx/chiplet4ai/llama/description/runs/llama_3_70b/arch_73/config_3,/home/gensis2/research/archx/chiplet4ai/llama/description/runs/llama_3_70b/arch_73/config_3/checkpoint.json
385,72,/home/gensis2/research/archx/chiplet4ai/llama/description/architecture/config_72.architecture.yaml,llama_3_70b,3,/home/gensis2/research/archx/chiplet4ai/llama/description/workload/llama_3_70b/config_3.workload.yaml,/home/gensis2/research/archx/chiplet4ai/llama/description/event/event.yaml,/home/gensis2/research/archx/chiplet4ai/llama/description/metric/metric.yaml,/home/gensis2/research/archx/chiplet4ai/llama/description/runs/llama_3_70b/arch_72/config_3,/home/gensis2/research/archx/chiplet4ai/llama/description/runs/llama_3_70b/arch_72/config_3/checkpoint.json
386,71,/home/gensis2/research/archx/chiplet4ai/llama/description/architecture/config_71.architecture.yaml,llama_3_70b,3,/home/gensis2/research/archx/chiplet4ai/llama/description/workload/llama_3_70b/config_3.workload.yaml,/home/gensis2/research/archx/chiplet4ai/llama/description/event/event.yaml,/home/gensis2/research/archx/chiplet4ai/llama/description/metric/metric.yaml,/home/gensis2/research/archx/chiplet4ai/llama/description/runs/llama_3_70b/arch_71/config_3,/home/gensis2/research/archx/chiplet4ai/llama/description/runs/llama_3_70b/arch_71/config_3/checkpoint.json
387,70,/home/gensis2/research/archx/chiplet4ai/llama/description/architecture/config_70.architecture.yaml,llama_3_70b,3,/home/gensis2/research/archx/chiplet4ai/llama/description/workload/llama_3_70b/config_3.workload.yaml,/home/gensis2/research/archx/chiplet4ai/llama/description/event/event.yaml,/home/gensis2/research/archx/chiplet4ai/llama/description/metric/metric.yaml,/home/gensis2/research/archx/chiplet4ai/llama/description/runs/llama_3_70b/arch_70/config_3,/home/gensis2/research/archx/chiplet4ai/llama/description/runs/llama_3_70b/arch_70/config_3/checkpoint.json
388,69,/home/gensis2/research/archx/chiplet4ai/llama/description/architecture/config_69.architecture.yaml,llama_3_70b,3,/home/gensis2/research/archx/chiplet4ai/llama/description/workload/llama_3_70b/config_3.workload.yaml,/home/gensis2/research/archx/chiplet4ai/llama/description/event/event.yaml,/home/gensis2/research/archx/chiplet4ai/llama/description/metric/metric.yaml,/home/gensis2/research/archx/chiplet4ai/llama/description/runs/llama_3_70b/arch_69/config_3,/home/gensis2/research/archx/chiplet4ai/llama/description/runs/llama_3_70b/arch_69/config_3/checkpoint.json
389,68,/home/gensis2/research/archx/chiplet4ai/llama/description/architecture/config_68.architecture.yaml,llama_3_70b,3,/home/gensis2/research/archx/chiplet4ai/llama/description/workload/llama_3_70b/config_3.workload.yaml,/home/gensis2/research/archx/chiplet4ai/llama/description/event/event.yaml,/home/gensis2/research/archx/chiplet4ai/llama/description/metric/metric.yaml,/home/gensis2/research/archx/chiplet4ai/llama/description/runs/llama_3_70b/arch_68/config_3,/home/gensis2/research/archx/chiplet4ai/llama/description/runs/llama_3_70b/arch_68/config_3/checkpoint.json
390,67,/home/gensis2/research/archx/chiplet4ai/llama/description/architecture/config_67.architecture.yaml,llama_3_70b,3,/home/gensis2/research/archx/chiplet4ai/llama/description/workload/llama_3_70b/config_3.workload.yaml,/home/gensis2/research/archx/chiplet4ai/llama/description/event/event.yaml,/home/gensis2/research/archx/chiplet4ai/llama/description/metric/metric.yaml,/home/gensis2/research/archx/chiplet4ai/llama/description/runs/llama_3_70b/arch_67/config_3,/home/gensis2/research/archx/chiplet4ai/llama/description/runs/llama_3_70b/arch_67/config_3/checkpoint.json
391,66,/home/gensis2/research/archx/chiplet4ai/llama/description/architecture/config_66.architecture.yaml,llama_3_70b,3,/home/gensis2/research/archx/chiplet4ai/llama/description/workload/llama_3_70b/config_3.workload.yaml,/home/gensis2/research/archx/chiplet4ai/llama/description/event/event.yaml,/home/gensis2/research/archx/chiplet4ai/llama/description/metric/metric.yaml,/home/gensis2/research/archx/chiplet4ai/llama/description/runs/llama_3_70b/arch_66/config_3,/home/gensis2/research/archx/chiplet4ai/llama/description/runs/llama_3_70b/arch_66/config_3/checkpoint.json
392,65,/home/gensis2/research/archx/chiplet4ai/llama/description/architecture/config_65.architecture.yaml,llama_3_70b,3,/home/gensis2/research/archx/chiplet4ai/llama/description/workload/llama_3_70b/config_3.workload.yaml,/home/gensis2/research/archx/chiplet4ai/llama/description/event/event.yaml,/home/gensis2/research/archx/chiplet4ai/llama/description/metric/metric.yaml,/home/gensis2/research/archx/chiplet4ai/llama/description/runs/llama_3_70b/arch_65/config_3,/home/gensis2/research/archx/chiplet4ai/llama/description/runs/llama_3_70b/arch_65/config_3/checkpoint.json
393,64,/home/gensis2/research/archx/chiplet4ai/llama/description/architecture/config_64.architecture.yaml,llama_3_70b,3,/home/gensis2/research/archx/chiplet4ai/llama/description/workload/llama_3_70b/config_3.workload.yaml,/home/gensis2/research/archx/chiplet4ai/llama/description/event/event.yaml,/home/gensis2/research/archx/chiplet4ai/llama/description/metric/metric.yaml,/home/gensis2/research/archx/chiplet4ai/llama/description/runs/llama_3_70b/arch_64/config_3,/home/gensis2/research/archx/chiplet4ai/llama/description/runs/llama_3_70b/arch_64/config_3/checkpoint.json
394,63,/home/gensis2/research/archx/chiplet4ai/llama/description/architecture/config_63.architecture.yaml,llama_3_70b,3,/home/gensis2/research/archx/chiplet4ai/llama/description/workload/llama_3_70b/config_3.workload.yaml,/home/gensis2/research/archx/chiplet4ai/llama/description/event/event.yaml,/home/gensis2/research/archx/chiplet4ai/llama/description/metric/metric.yaml,/home/gensis2/research/archx/chiplet4ai/llama/description/runs/llama_3_70b/arch_63/config_3,/home/gensis2/research/archx/chiplet4ai/llama/description/runs/llama_3_70b/arch_63/config_3/checkpoint.json
395,62,/home/gensis2/research/archx/chiplet4ai/llama/description/architecture/config_62.architecture.yaml,llama_3_70b,3,/home/gensis2/research/archx/chiplet4ai/llama/description/workload/llama_3_70b/config_3.workload.yaml,/home/gensis2/research/archx/chiplet4ai/llama/description/event/event.yaml,/home/gensis2/research/archx/chiplet4ai/llama/description/metric/metric.yaml,/home/gensis2/research/archx/chiplet4ai/llama/description/runs/llama_3_70b/arch_62/config_3,/home/gensis2/research/archx/chiplet4ai/llama/description/runs/llama_3_70b/arch_62/config_3/checkpoint.json
396,61,/home/gensis2/research/archx/chiplet4ai/llama/description/architecture/config_61.architecture.yaml,llama_3_70b,3,/home/gensis2/research/archx/chiplet4ai/llama/description/workload/llama_3_70b/config_3.workload.yaml,/home/gensis2/research/archx/chiplet4ai/llama/description/event/event.yaml,/home/gensis2/research/archx/chiplet4ai/llama/description/metric/metric.yaml,/home/gensis2/research/archx/chiplet4ai/llama/description/runs/llama_3_70b/arch_61/config_3,/home/gensis2/research/archx/chiplet4ai/llama/description/runs/llama_3_70b/arch_61/config_3/checkpoint.json
397,60,/home/gensis2/research/archx/chiplet4ai/llama/description/architecture/config_60.architecture.yaml,llama_3_70b,3,/home/gensis2/research/archx/chiplet4ai/llama/description/workload/llama_3_70b/config_3.workload.yaml,/home/gensis2/research/archx/chiplet4ai/llama/description/event/event.yaml,/home/gensis2/research/archx/chiplet4ai/llama/description/metric/metric.yaml,/home/gensis2/research/archx/chiplet4ai/llama/description/runs/llama_3_70b/arch_60/config_3,/home/gensis2/research/archx/chiplet4ai/llama/description/runs/llama_3_70b/arch_60/config_3/checkpoint.json
398,59,/home/gensis2/research/archx/chiplet4ai/llama/description/architecture/config_59.architecture.yaml,llama_3_70b,3,/home/gensis2/research/archx/chiplet4ai/llama/description/workload/llama_3_70b/config_3.workload.yaml,/home/gensis2/research/archx/chiplet4ai/llama/description/event/event.yaml,/home/gensis2/research/archx/chiplet4ai/llama/description/metric/metric.yaml,/home/gensis2/research/archx/chiplet4ai/llama/description/runs/llama_3_70b/arch_59/config_3,/home/gensis2/research/archx/chiplet4ai/llama/description/runs/llama_3_70b/arch_59/config_3/checkpoint.json
399,58,/home/gensis2/research/archx/chiplet4ai/llama/description/architecture/config_58.architecture.yaml,llama_3_70b,3,/home/gensis2/research/archx/chiplet4ai/llama/description/workload/llama_3_70b/config_3.workload.yaml,/home/gensis2/research/archx/chiplet4ai/llama/description/event/event.yaml,/home/gensis2/research/archx/chiplet4ai/llama/description/metric/metric.yaml,/home/gensis2/research/archx/chiplet4ai/llama/description/runs/llama_3_70b/arch_58/config_3,/home/gensis2/research/archx/chiplet4ai/llama/description/runs/llama_3_70b/arch_58/config_3/checkpoint.json
400,57,/home/gensis2/research/archx/chiplet4ai/llama/description/architecture/config_57.architecture.yaml,llama_3_70b,3,/home/gensis2/research/archx/chiplet4ai/llama/description/workload/llama_3_70b/config_3.workload.yaml,/home/gensis2/research/archx/chiplet4ai/llama/description/event/event.yaml,/home/gensis2/research/archx/chiplet4ai/llama/description/metric/metric.yaml,/home/gensis2/research/archx/chiplet4ai/llama/description/runs/llama_3_70b/arch_57/config_3,/home/gensis2/research/archx/chiplet4ai/llama/description/runs/llama_3_70b/arch_57/config_3/checkpoint.json
401,56,/home/gensis2/research/archx/chiplet4ai/llama/description/architecture/config_56.architecture.yaml,llama_3_70b,3,/home/gensis2/research/archx/chiplet4ai/llama/description/workload/llama_3_70b/config_3.workload.yaml,/home/gensis2/research/archx/chiplet4ai/llama/description/event/event.yaml,/home/gensis2/research/archx/chiplet4ai/llama/description/metric/metric.yaml,/home/gensis2/research/archx/chiplet4ai/llama/description/runs/llama_3_70b/arch_56/config_3,/home/gensis2/research/archx/chiplet4ai/llama/description/runs/llama_3_70b/arch_56/config_3/checkpoint.json
402,55,/home/gensis2/research/archx/chiplet4ai/llama/description/architecture/config_55.architecture.yaml,llama_3_70b,3,/home/gensis2/research/archx/chiplet4ai/llama/description/workload/llama_3_70b/config_3.workload.yaml,/home/gensis2/research/archx/chiplet4ai/llama/description/event/event.yaml,/home/gensis2/research/archx/chiplet4ai/llama/description/metric/metric.yaml,/home/gensis2/research/archx/chiplet4ai/llama/description/runs/llama_3_70b/arch_55/config_3,/home/gensis2/research/archx/chiplet4ai/llama/description/runs/llama_3_70b/arch_55/config_3/checkpoint.json
403,54,/home/gensis2/research/archx/chiplet4ai/llama/description/architecture/config_54.architecture.yaml,llama_3_70b,3,/home/gensis2/research/archx/chiplet4ai/llama/description/workload/llama_3_70b/config_3.workload.yaml,/home/gensis2/research/archx/chiplet4ai/llama/description/event/event.yaml,/home/gensis2/research/archx/chiplet4ai/llama/description/metric/metric.yaml,/home/gensis2/research/archx/chiplet4ai/llama/description/runs/llama_3_70b/arch_54/config_3,/home/gensis2/research/archx/chiplet4ai/llama/description/runs/llama_3_70b/arch_54/config_3/checkpoint.json
404,53,/home/gensis2/research/archx/chiplet4ai/llama/description/architecture/config_53.architecture.yaml,llama_3_70b,3,/home/gensis2/research/archx/chiplet4ai/llama/description/workload/llama_3_70b/config_3.workload.yaml,/home/gensis2/research/archx/chiplet4ai/llama/description/event/event.yaml,/home/gensis2/research/archx/chiplet4ai/llama/description/metric/metric.yaml,/home/gensis2/research/archx/chiplet4ai/llama/description/runs/llama_3_70b/arch_53/config_3,/home/gensis2/research/archx/chiplet4ai/llama/description/runs/llama_3_70b/arch_53/config_3/checkpoint.json
405,52,/home/gensis2/research/archx/chiplet4ai/llama/description/architecture/config_52.architecture.yaml,llama_3_70b,3,/home/gensis2/research/archx/chiplet4ai/llama/description/workload/llama_3_70b/config_3.workload.yaml,/home/gensis2/research/archx/chiplet4ai/llama/description/event/event.yaml,/home/gensis2/research/archx/chiplet4ai/llama/description/metric/metric.yaml,/home/gensis2/research/archx/chiplet4ai/llama/description/runs/llama_3_70b/arch_52/config_3,/home/gensis2/research/archx/chiplet4ai/llama/description/runs/llama_3_70b/arch_52/config_3/checkpoint.json
406,51,/home/gensis2/research/archx/chiplet4ai/llama/description/architecture/config_51.architecture.yaml,llama_3_70b,3,/home/gensis2/research/archx/chiplet4ai/llama/description/workload/llama_3_70b/config_3.workload.yaml,/home/gensis2/research/archx/chiplet4ai/llama/description/event/event.yaml,/home/gensis2/research/archx/chiplet4ai/llama/description/metric/metric.yaml,/home/gensis2/research/archx/chiplet4ai/llama/description/runs/llama_3_70b/arch_51/config_3,/home/gensis2/research/archx/chiplet4ai/llama/description/runs/llama_3_70b/arch_51/config_3/checkpoint.json
407,50,/home/gensis2/research/archx/chiplet4ai/llama/description/architecture/config_50.architecture.yaml,llama_3_70b,3,/home/gensis2/research/archx/chiplet4ai/llama/description/workload/llama_3_70b/config_3.workload.yaml,/home/gensis2/research/archx/chiplet4ai/llama/description/event/event.yaml,/home/gensis2/research/archx/chiplet4ai/llama/description/metric/metric.yaml,/home/gensis2/research/archx/chiplet4ai/llama/description/runs/llama_3_70b/arch_50/config_3,/home/gensis2/research/archx/chiplet4ai/llama/description/runs/llama_3_70b/arch_50/config_3/checkpoint.json
408,49,/home/gensis2/research/archx/chiplet4ai/llama/description/architecture/config_49.architecture.yaml,llama_3_70b,3,/home/gensis2/research/archx/chiplet4ai/llama/description/workload/llama_3_70b/config_3.workload.yaml,/home/gensis2/research/archx/chiplet4ai/llama/description/event/event.yaml,/home/gensis2/research/archx/chiplet4ai/llama/description/metric/metric.yaml,/home/gensis2/research/archx/chiplet4ai/llama/description/runs/llama_3_70b/arch_49/config_3,/home/gensis2/research/archx/chiplet4ai/llama/description/runs/llama_3_70b/arch_49/config_3/checkpoint.json
409,48,/home/gensis2/research/archx/chiplet4ai/llama/description/architecture/config_48.architecture.yaml,llama_3_70b,3,/home/gensis2/research/archx/chiplet4ai/llama/description/workload/llama_3_70b/config_3.workload.yaml,/home/gensis2/research/archx/chiplet4ai/llama/description/event/event.yaml,/home/gensis2/research/archx/chiplet4ai/llama/description/metric/metric.yaml,/home/gensis2/research/archx/chiplet4ai/llama/description/runs/llama_3_70b/arch_48/config_3,/home/gensis2/research/archx/chiplet4ai/llama/description/runs/llama_3_70b/arch_48/config_3/checkpoint.json
410,47,/home/gensis2/research/archx/chiplet4ai/llama/description/architecture/config_47.architecture.yaml,llama_3_70b,3,/home/gensis2/research/archx/chiplet4ai/llama/description/workload/llama_3_70b/config_3.workload.yaml,/home/gensis2/research/archx/chiplet4ai/llama/description/event/event.yaml,/home/gensis2/research/archx/chiplet4ai/llama/description/metric/metric.yaml,/home/gensis2/research/archx/chiplet4ai/llama/description/runs/llama_3_70b/arch_47/config_3,/home/gensis2/research/archx/chiplet4ai/llama/description/runs/llama_3_70b/arch_47/config_3/checkpoint.json
411,46,/home/gensis2/research/archx/chiplet4ai/llama/description/architecture/config_46.architecture.yaml,llama_3_70b,3,/home/gensis2/research/archx/chiplet4ai/llama/description/workload/llama_3_70b/config_3.workload.yaml,/home/gensis2/research/archx/chiplet4ai/llama/description/event/event.yaml,/home/gensis2/research/archx/chiplet4ai/llama/description/metric/metric.yaml,/home/gensis2/research/archx/chiplet4ai/llama/description/runs/llama_3_70b/arch_46/config_3,/home/gensis2/research/archx/chiplet4ai/llama/description/runs/llama_3_70b/arch_46/config_3/checkpoint.json
412,45,/home/gensis2/research/archx/chiplet4ai/llama/description/architecture/config_45.architecture.yaml,llama_3_70b,3,/home/gensis2/research/archx/chiplet4ai/llama/description/workload/llama_3_70b/config_3.workload.yaml,/home/gensis2/research/archx/chiplet4ai/llama/description/event/event.yaml,/home/gensis2/research/archx/chiplet4ai/llama/description/metric/metric.yaml,/home/gensis2/research/archx/chiplet4ai/llama/description/runs/llama_3_70b/arch_45/config_3,/home/gensis2/research/archx/chiplet4ai/llama/description/runs/llama_3_70b/arch_45/config_3/checkpoint.json
413,44,/home/gensis2/research/archx/chiplet4ai/llama/description/architecture/config_44.architecture.yaml,llama_3_70b,3,/home/gensis2/research/archx/chiplet4ai/llama/description/workload/llama_3_70b/config_3.workload.yaml,/home/gensis2/research/archx/chiplet4ai/llama/description/event/event.yaml,/home/gensis2/research/archx/chiplet4ai/llama/description/metric/metric.yaml,/home/gensis2/research/archx/chiplet4ai/llama/description/runs/llama_3_70b/arch_44/config_3,/home/gensis2/research/archx/chiplet4ai/llama/description/runs/llama_3_70b/arch_44/config_3/checkpoint.json
414,43,/home/gensis2/research/archx/chiplet4ai/llama/description/architecture/config_43.architecture.yaml,llama_3_70b,3,/home/gensis2/research/archx/chiplet4ai/llama/description/workload/llama_3_70b/config_3.workload.yaml,/home/gensis2/research/archx/chiplet4ai/llama/description/event/event.yaml,/home/gensis2/research/archx/chiplet4ai/llama/description/metric/metric.yaml,/home/gensis2/research/archx/chiplet4ai/llama/description/runs/llama_3_70b/arch_43/config_3,/home/gensis2/research/archx/chiplet4ai/llama/description/runs/llama_3_70b/arch_43/config_3/checkpoint.json
415,42,/home/gensis2/research/archx/chiplet4ai/llama/description/architecture/config_42.architecture.yaml,llama_3_70b,3,/home/gensis2/research/archx/chiplet4ai/llama/description/workload/llama_3_70b/config_3.workload.yaml,/home/gensis2/research/archx/chiplet4ai/llama/description/event/event.yaml,/home/gensis2/research/archx/chiplet4ai/llama/description/metric/metric.yaml,/home/gensis2/research/archx/chiplet4ai/llama/description/runs/llama_3_70b/arch_42/config_3,/home/gensis2/research/archx/chiplet4ai/llama/description/runs/llama_3_70b/arch_42/config_3/checkpoint.json
416,41,/home/gensis2/research/archx/chiplet4ai/llama/description/architecture/config_41.architecture.yaml,llama_3_70b,3,/home/gensis2/research/archx/chiplet4ai/llama/description/workload/llama_3_70b/config_3.workload.yaml,/home/gensis2/research/archx/chiplet4ai/llama/description/event/event.yaml,/home/gensis2/research/archx/chiplet4ai/llama/description/metric/metric.yaml,/home/gensis2/research/archx/chiplet4ai/llama/description/runs/llama_3_70b/arch_41/config_3,/home/gensis2/research/archx/chiplet4ai/llama/description/runs/llama_3_70b/arch_41/config_3/checkpoint.json
417,40,/home/gensis2/research/archx/chiplet4ai/llama/description/architecture/config_40.architecture.yaml,llama_3_70b,3,/home/gensis2/research/archx/chiplet4ai/llama/description/workload/llama_3_70b/config_3.workload.yaml,/home/gensis2/research/archx/chiplet4ai/llama/description/event/event.yaml,/home/gensis2/research/archx/chiplet4ai/llama/description/metric/metric.yaml,/home/gensis2/research/archx/chiplet4ai/llama/description/runs/llama_3_70b/arch_40/config_3,/home/gensis2/research/archx/chiplet4ai/llama/description/runs/llama_3_70b/arch_40/config_3/checkpoint.json
418,39,/home/gensis2/research/archx/chiplet4ai/llama/description/architecture/config_39.architecture.yaml,llama_3_70b,3,/home/gensis2/research/archx/chiplet4ai/llama/description/workload/llama_3_70b/config_3.workload.yaml,/home/gensis2/research/archx/chiplet4ai/llama/description/event/event.yaml,/home/gensis2/research/archx/chiplet4ai/llama/description/metric/metric.yaml,/home/gensis2/research/archx/chiplet4ai/llama/description/runs/llama_3_70b/arch_39/config_3,/home/gensis2/research/archx/chiplet4ai/llama/description/runs/llama_3_70b/arch_39/config_3/checkpoint.json
419,38,/home/gensis2/research/archx/chiplet4ai/llama/description/architecture/config_38.architecture.yaml,llama_3_70b,3,/home/gensis2/research/archx/chiplet4ai/llama/description/workload/llama_3_70b/config_3.workload.yaml,/home/gensis2/research/archx/chiplet4ai/llama/description/event/event.yaml,/home/gensis2/research/archx/chiplet4ai/llama/description/metric/metric.yaml,/home/gensis2/research/archx/chiplet4ai/llama/description/runs/llama_3_70b/arch_38/config_3,/home/gensis2/research/archx/chiplet4ai/llama/description/runs/llama_3_70b/arch_38/config_3/checkpoint.json
420,37,/home/gensis2/research/archx/chiplet4ai/llama/description/architecture/config_37.architecture.yaml,llama_3_70b,3,/home/gensis2/research/archx/chiplet4ai/llama/description/workload/llama_3_70b/config_3.workload.yaml,/home/gensis2/research/archx/chiplet4ai/llama/description/event/event.yaml,/home/gensis2/research/archx/chiplet4ai/llama/description/metric/metric.yaml,/home/gensis2/research/archx/chiplet4ai/llama/description/runs/llama_3_70b/arch_37/config_3,/home/gensis2/research/archx/chiplet4ai/llama/description/runs/llama_3_70b/arch_37/config_3/checkpoint.json
421,36,/home/gensis2/research/archx/chiplet4ai/llama/description/architecture/config_36.architecture.yaml,llama_3_70b,3,/home/gensis2/research/archx/chiplet4ai/llama/description/workload/llama_3_70b/config_3.workload.yaml,/home/gensis2/research/archx/chiplet4ai/llama/description/event/event.yaml,/home/gensis2/research/archx/chiplet4ai/llama/description/metric/metric.yaml,/home/gensis2/research/archx/chiplet4ai/llama/description/runs/llama_3_70b/arch_36/config_3,/home/gensis2/research/archx/chiplet4ai/llama/description/runs/llama_3_70b/arch_36/config_3/checkpoint.json
422,35,/home/gensis2/research/archx/chiplet4ai/llama/description/architecture/config_35.architecture.yaml,llama_3_70b,3,/home/gensis2/research/archx/chiplet4ai/llama/description/workload/llama_3_70b/config_3.workload.yaml,/home/gensis2/research/archx/chiplet4ai/llama/description/event/event.yaml,/home/gensis2/research/archx/chiplet4ai/llama/description/metric/metric.yaml,/home/gensis2/research/archx/chiplet4ai/llama/description/runs/llama_3_70b/arch_35/config_3,/home/gensis2/research/archx/chiplet4ai/llama/description/runs/llama_3_70b/arch_35/config_3/checkpoint.json
423,34,/home/gensis2/research/archx/chiplet4ai/llama/description/architecture/config_34.architecture.yaml,llama_3_70b,3,/home/gensis2/research/archx/chiplet4ai/llama/description/workload/llama_3_70b/config_3.workload.yaml,/home/gensis2/research/archx/chiplet4ai/llama/description/event/event.yaml,/home/gensis2/research/archx/chiplet4ai/llama/description/metric/metric.yaml,/home/gensis2/research/archx/chiplet4ai/llama/description/runs/llama_3_70b/arch_34/config_3,/home/gensis2/research/archx/chiplet4ai/llama/description/runs/llama_3_70b/arch_34/config_3/checkpoint.json
424,33,/home/gensis2/research/archx/chiplet4ai/llama/description/architecture/config_33.architecture.yaml,llama_3_70b,3,/home/gensis2/research/archx/chiplet4ai/llama/description/workload/llama_3_70b/config_3.workload.yaml,/home/gensis2/research/archx/chiplet4ai/llama/description/event/event.yaml,/home/gensis2/research/archx/chiplet4ai/llama/description/metric/metric.yaml,/home/gensis2/research/archx/chiplet4ai/llama/description/runs/llama_3_70b/arch_33/config_3,/home/gensis2/research/archx/chiplet4ai/llama/description/runs/llama_3_70b/arch_33/config_3/checkpoint.json
425,32,/home/gensis2/research/archx/chiplet4ai/llama/description/architecture/config_32.architecture.yaml,llama_3_70b,3,/home/gensis2/research/archx/chiplet4ai/llama/description/workload/llama_3_70b/config_3.workload.yaml,/home/gensis2/research/archx/chiplet4ai/llama/description/event/event.yaml,/home/gensis2/research/archx/chiplet4ai/llama/description/metric/metric.yaml,/home/gensis2/research/archx/chiplet4ai/llama/description/runs/llama_3_70b/arch_32/config_3,/home/gensis2/research/archx/chiplet4ai/llama/description/runs/llama_3_70b/arch_32/config_3/checkpoint.json
426,31,/home/gensis2/research/archx/chiplet4ai/llama/description/architecture/config_31.architecture.yaml,llama_3_70b,3,/home/gensis2/research/archx/chiplet4ai/llama/description/workload/llama_3_70b/config_3.workload.yaml,/home/gensis2/research/archx/chiplet4ai/llama/description/event/event.yaml,/home/gensis2/research/archx/chiplet4ai/llama/description/metric/metric.yaml,/home/gensis2/research/archx/chiplet4ai/llama/description/runs/llama_3_70b/arch_31/config_3,/home/gensis2/research/archx/chiplet4ai/llama/description/runs/llama_3_70b/arch_31/config_3/checkpoint.json
427,30,/home/gensis2/research/archx/chiplet4ai/llama/description/architecture/config_30.architecture.yaml,llama_3_70b,3,/home/gensis2/research/archx/chiplet4ai/llama/description/workload/llama_3_70b/config_3.workload.yaml,/home/gensis2/research/archx/chiplet4ai/llama/description/event/event.yaml,/home/gensis2/research/archx/chiplet4ai/llama/description/metric/metric.yaml,/home/gensis2/research/archx/chiplet4ai/llama/description/runs/llama_3_70b/arch_30/config_3,/home/gensis2/research/archx/chiplet4ai/llama/description/runs/llama_3_70b/arch_30/config_3/checkpoint.json
428,29,/home/gensis2/research/archx/chiplet4ai/llama/description/architecture/config_29.architecture.yaml,llama_3_70b,3,/home/gensis2/research/archx/chiplet4ai/llama/description/workload/llama_3_70b/config_3.workload.yaml,/home/gensis2/research/archx/chiplet4ai/llama/description/event/event.yaml,/home/gensis2/research/archx/chiplet4ai/llama/description/metric/metric.yaml,/home/gensis2/research/archx/chiplet4ai/llama/description/runs/llama_3_70b/arch_29/config_3,/home/gensis2/research/archx/chiplet4ai/llama/description/runs/llama_3_70b/arch_29/config_3/checkpoint.json
429,28,/home/gensis2/research/archx/chiplet4ai/llama/description/architecture/config_28.architecture.yaml,llama_3_70b,3,/home/gensis2/research/archx/chiplet4ai/llama/description/workload/llama_3_70b/config_3.workload.yaml,/home/gensis2/research/archx/chiplet4ai/llama/description/event/event.yaml,/home/gensis2/research/archx/chiplet4ai/llama/description/metric/metric.yaml,/home/gensis2/research/archx/chiplet4ai/llama/description/runs/llama_3_70b/arch_28/config_3,/home/gensis2/research/archx/chiplet4ai/llama/description/runs/llama_3_70b/arch_28/config_3/checkpoint.json
430,27,/home/gensis2/research/archx/chiplet4ai/llama/description/architecture/config_27.architecture.yaml,llama_3_70b,3,/home/gensis2/research/archx/chiplet4ai/llama/description/workload/llama_3_70b/config_3.workload.yaml,/home/gensis2/research/archx/chiplet4ai/llama/description/event/event.yaml,/home/gensis2/research/archx/chiplet4ai/llama/description/metric/metric.yaml,/home/gensis2/research/archx/chiplet4ai/llama/description/runs/llama_3_70b/arch_27/config_3,/home/gensis2/research/archx/chiplet4ai/llama/description/runs/llama_3_70b/arch_27/config_3/checkpoint.json
431,26,/home/gensis2/research/archx/chiplet4ai/llama/description/architecture/config_26.architecture.yaml,llama_3_70b,3,/home/gensis2/research/archx/chiplet4ai/llama/description/workload/llama_3_70b/config_3.workload.yaml,/home/gensis2/research/archx/chiplet4ai/llama/description/event/event.yaml,/home/gensis2/research/archx/chiplet4ai/llama/description/metric/metric.yaml,/home/gensis2/research/archx/chiplet4ai/llama/description/runs/llama_3_70b/arch_26/config_3,/home/gensis2/research/archx/chiplet4ai/llama/description/runs/llama_3_70b/arch_26/config_3/checkpoint.json
432,25,/home/gensis2/research/archx/chiplet4ai/llama/description/architecture/config_25.architecture.yaml,llama_3_70b,3,/home/gensis2/research/archx/chiplet4ai/llama/description/workload/llama_3_70b/config_3.workload.yaml,/home/gensis2/research/archx/chiplet4ai/llama/description/event/event.yaml,/home/gensis2/research/archx/chiplet4ai/llama/description/metric/metric.yaml,/home/gensis2/research/archx/chiplet4ai/llama/description/runs/llama_3_70b/arch_25/config_3,/home/gensis2/research/archx/chiplet4ai/llama/description/runs/llama_3_70b/arch_25/config_3/checkpoint.json
433,24,/home/gensis2/research/archx/chiplet4ai/llama/description/architecture/config_24.architecture.yaml,llama_3_70b,3,/home/gensis2/research/archx/chiplet4ai/llama/description/workload/llama_3_70b/config_3.workload.yaml,/home/gensis2/research/archx/chiplet4ai/llama/description/event/event.yaml,/home/gensis2/research/archx/chiplet4ai/llama/description/metric/metric.yaml,/home/gensis2/research/archx/chiplet4ai/llama/description/runs/llama_3_70b/arch_24/config_3,/home/gensis2/research/archx/chiplet4ai/llama/description/runs/llama_3_70b/arch_24/config_3/checkpoint.json
434,23,/home/gensis2/research/archx/chiplet4ai/llama/description/architecture/config_23.architecture.yaml,llama_3_70b,3,/home/gensis2/research/archx/chiplet4ai/llama/description/workload/llama_3_70b/config_3.workload.yaml,/home/gensis2/research/archx/chiplet4ai/llama/description/event/event.yaml,/home/gensis2/research/archx/chiplet4ai/llama/description/metric/metric.yaml,/home/gensis2/research/archx/chiplet4ai/llama/description/runs/llama_3_70b/arch_23/config_3,/home/gensis2/research/archx/chiplet4ai/llama/description/runs/llama_3_70b/arch_23/config_3/checkpoint.json
435,22,/home/gensis2/research/archx/chiplet4ai/llama/description/architecture/config_22.architecture.yaml,llama_3_70b,3,/home/gensis2/research/archx/chiplet4ai/llama/description/workload/llama_3_70b/config_3.workload.yaml,/home/gensis2/research/archx/chiplet4ai/llama/description/event/event.yaml,/home/gensis2/research/archx/chiplet4ai/llama/description/metric/metric.yaml,/home/gensis2/research/archx/chiplet4ai/llama/description/runs/llama_3_70b/arch_22/config_3,/home/gensis2/research/archx/chiplet4ai/llama/description/runs/llama_3_70b/arch_22/config_3/checkpoint.json
436,21,/home/gensis2/research/archx/chiplet4ai/llama/description/architecture/config_21.architecture.yaml,llama_3_70b,3,/home/gensis2/research/archx/chiplet4ai/llama/description/workload/llama_3_70b/config_3.workload.yaml,/home/gensis2/research/archx/chiplet4ai/llama/description/event/event.yaml,/home/gensis2/research/archx/chiplet4ai/llama/description/metric/metric.yaml,/home/gensis2/research/archx/chiplet4ai/llama/description/runs/llama_3_70b/arch_21/config_3,/home/gensis2/research/archx/chiplet4ai/llama/description/runs/llama_3_70b/arch_21/config_3/checkpoint.json
437,20,/home/gensis2/research/archx/chiplet4ai/llama/description/architecture/config_20.architecture.yaml,llama_3_70b,3,/home/gensis2/research/archx/chiplet4ai/llama/description/workload/llama_3_70b/config_3.workload.yaml,/home/gensis2/research/archx/chiplet4ai/llama/description/event/event.yaml,/home/gensis2/research/archx/chiplet4ai/llama/description/metric/metric.yaml,/home/gensis2/research/archx/chiplet4ai/llama/description/runs/llama_3_70b/arch_20/config_3,/home/gensis2/research/archx/chiplet4ai/llama/description/runs/llama_3_70b/arch_20/config_3/checkpoint.json
438,19,/home/gensis2/research/archx/chiplet4ai/llama/description/architecture/config_19.architecture.yaml,llama_3_70b,3,/home/gensis2/research/archx/chiplet4ai/llama/description/workload/llama_3_70b/config_3.workload.yaml,/home/gensis2/research/archx/chiplet4ai/llama/description/event/event.yaml,/home/gensis2/research/archx/chiplet4ai/llama/description/metric/metric.yaml,/home/gensis2/research/archx/chiplet4ai/llama/description/runs/llama_3_70b/arch_19/config_3,/home/gensis2/research/archx/chiplet4ai/llama/description/runs/llama_3_70b/arch_19/config_3/checkpoint.json
439,18,/home/gensis2/research/archx/chiplet4ai/llama/description/architecture/config_18.architecture.yaml,llama_3_70b,3,/home/gensis2/research/archx/chiplet4ai/llama/description/workload/llama_3_70b/config_3.workload.yaml,/home/gensis2/research/archx/chiplet4ai/llama/description/event/event.yaml,/home/gensis2/research/archx/chiplet4ai/llama/description/metric/metric.yaml,/home/gensis2/research/archx/chiplet4ai/llama/description/runs/llama_3_70b/arch_18/config_3,/home/gensis2/research/archx/chiplet4ai/llama/description/runs/llama_3_70b/arch_18/config_3/checkpoint.json
440,17,/home/gensis2/research/archx/chiplet4ai/llama/description/architecture/config_17.architecture.yaml,llama_3_70b,3,/home/gensis2/research/archx/chiplet4ai/llama/description/workload/llama_3_70b/config_3.workload.yaml,/home/gensis2/research/archx/chiplet4ai/llama/description/event/event.yaml,/home/gensis2/research/archx/chiplet4ai/llama/description/metric/metric.yaml,/home/gensis2/research/archx/chiplet4ai/llama/description/runs/llama_3_70b/arch_17/config_3,/home/gensis2/research/archx/chiplet4ai/llama/description/runs/llama_3_70b/arch_17/config_3/checkpoint.json
441,16,/home/gensis2/research/archx/chiplet4ai/llama/description/architecture/config_16.architecture.yaml,llama_3_70b,3,/home/gensis2/research/archx/chiplet4ai/llama/description/workload/llama_3_70b/config_3.workload.yaml,/home/gensis2/research/archx/chiplet4ai/llama/description/event/event.yaml,/home/gensis2/research/archx/chiplet4ai/llama/description/metric/metric.yaml,/home/gensis2/research/archx/chiplet4ai/llama/description/runs/llama_3_70b/arch_16/config_3,/home/gensis2/research/archx/chiplet4ai/llama/description/runs/llama_3_70b/arch_16/config_3/checkpoint.json
442,15,/home/gensis2/research/archx/chiplet4ai/llama/description/architecture/config_15.architecture.yaml,llama_3_70b,3,/home/gensis2/research/archx/chiplet4ai/llama/description/workload/llama_3_70b/config_3.workload.yaml,/home/gensis2/research/archx/chiplet4ai/llama/description/event/event.yaml,/home/gensis2/research/archx/chiplet4ai/llama/description/metric/metric.yaml,/home/gensis2/research/archx/chiplet4ai/llama/description/runs/llama_3_70b/arch_15/config_3,/home/gensis2/research/archx/chiplet4ai/llama/description/runs/llama_3_70b/arch_15/config_3/checkpoint.json
443,14,/home/gensis2/research/archx/chiplet4ai/llama/description/architecture/config_14.architecture.yaml,llama_3_70b,3,/home/gensis2/research/archx/chiplet4ai/llama/description/workload/llama_3_70b/config_3.workload.yaml,/home/gensis2/research/archx/chiplet4ai/llama/description/event/event.yaml,/home/gensis2/research/archx/chiplet4ai/llama/description/metric/metric.yaml,/home/gensis2/research/archx/chiplet4ai/llama/description/runs/llama_3_70b/arch_14/config_3,/home/gensis2/research/archx/chiplet4ai/llama/description/runs/llama_3_70b/arch_14/config_3/checkpoint.json
444,13,/home/gensis2/research/archx/chiplet4ai/llama/description/architecture/config_13.architecture.yaml,llama_3_70b,3,/home/gensis2/research/archx/chiplet4ai/llama/description/workload/llama_3_70b/config_3.workload.yaml,/home/gensis2/research/archx/chiplet4ai/llama/description/event/event.yaml,/home/gensis2/research/archx/chiplet4ai/llama/description/metric/metric.yaml,/home/gensis2/research/archx/chiplet4ai/llama/description/runs/llama_3_70b/arch_13/config_3,/home/gensis2/research/archx/chiplet4ai/llama/description/runs/llama_3_70b/arch_13/config_3/checkpoint.json
445,12,/home/gensis2/research/archx/chiplet4ai/llama/description/architecture/config_12.architecture.yaml,llama_3_70b,3,/home/gensis2/research/archx/chiplet4ai/llama/description/workload/llama_3_70b/config_3.workload.yaml,/home/gensis2/research/archx/chiplet4ai/llama/description/event/event.yaml,/home/gensis2/research/archx/chiplet4ai/llama/description/metric/metric.yaml,/home/gensis2/research/archx/chiplet4ai/llama/description/runs/llama_3_70b/arch_12/config_3,/home/gensis2/research/archx/chiplet4ai/llama/description/runs/llama_3_70b/arch_12/config_3/checkpoint.json
446,11,/home/gensis2/research/archx/chiplet4ai/llama/description/architecture/config_11.architecture.yaml,llama_3_70b,3,/home/gensis2/research/archx/chiplet4ai/llama/description/workload/llama_3_70b/config_3.workload.yaml,/home/gensis2/research/archx/chiplet4ai/llama/description/event/event.yaml,/home/gensis2/research/archx/chiplet4ai/llama/description/metric/metric.yaml,/home/gensis2/research/archx/chiplet4ai/llama/description/runs/llama_3_70b/arch_11/config_3,/home/gensis2/research/archx/chiplet4ai/llama/description/runs/llama_3_70b/arch_11/config_3/checkpoint.json
447,10,/home/gensis2/research/archx/chiplet4ai/llama/description/architecture/config_10.architecture.yaml,llama_3_70b,3,/home/gensis2/research/archx/chiplet4ai/llama/description/workload/llama_3_70b/config_3.workload.yaml,/home/gensis2/research/archx/chiplet4ai/llama/description/event/event.yaml,/home/gensis2/research/archx/chiplet4ai/llama/description/metric/metric.yaml,/home/gensis2/research/archx/chiplet4ai/llama/description/runs/llama_3_70b/arch_10/config_3,/home/gensis2/research/archx/chiplet4ai/llama/description/runs/llama_3_70b/arch_10/config_3/checkpoint.json
448,9,/home/gensis2/research/archx/chiplet4ai/llama/description/architecture/config_9.architecture.yaml,llama_3_70b,3,/home/gensis2/research/archx/chiplet4ai/llama/description/workload/llama_3_70b/config_3.workload.yaml,/home/gensis2/research/archx/chiplet4ai/llama/description/event/event.yaml,/home/gensis2/research/archx/chiplet4ai/llama/description/metric/metric.yaml,/home/gensis2/research/archx/chiplet4ai/llama/description/runs/llama_3_70b/arch_9/config_3,/home/gensis2/research/archx/chiplet4ai/llama/description/runs/llama_3_70b/arch_9/config_3/checkpoint.json
449,8,/home/gensis2/research/archx/chiplet4ai/llama/description/architecture/config_8.architecture.yaml,llama_3_70b,3,/home/gensis2/research/archx/chiplet4ai/llama/description/workload/llama_3_70b/config_3.workload.yaml,/home/gensis2/research/archx/chiplet4ai/llama/description/event/event.yaml,/home/gensis2/research/archx/chiplet4ai/llama/description/metric/metric.yaml,/home/gensis2/research/archx/chiplet4ai/llama/description/runs/llama_3_70b/arch_8/config_3,/home/gensis2/research/archx/chiplet4ai/llama/description/runs/llama_3_70b/arch_8/config_3/checkpoint.json
450,7,/home/gensis2/research/archx/chiplet4ai/llama/description/architecture/config_7.architecture.yaml,llama_3_70b,3,/home/gensis2/research/archx/chiplet4ai/llama/description/workload/llama_3_70b/config_3.workload.yaml,/home/gensis2/research/archx/chiplet4ai/llama/description/event/event.yaml,/home/gensis2/research/archx/chiplet4ai/llama/description/metric/metric.yaml,/home/gensis2/research/archx/chiplet4ai/llama/description/runs/llama_3_70b/arch_7/config_3,/home/gensis2/research/archx/chiplet4ai/llama/description/runs/llama_3_70b/arch_7/config_3/checkpoint.json
451,6,/home/gensis2/research/archx/chiplet4ai/llama/description/architecture/config_6.architecture.yaml,llama_3_70b,3,/home/gensis2/research/archx/chiplet4ai/llama/description/workload/llama_3_70b/config_3.workload.yaml,/home/gensis2/research/archx/chiplet4ai/llama/description/event/event.yaml,/home/gensis2/research/archx/chiplet4ai/llama/description/metric/metric.yaml,/home/gensis2/research/archx/chiplet4ai/llama/description/runs/llama_3_70b/arch_6/config_3,/home/gensis2/research/archx/chiplet4ai/llama/description/runs/llama_3_70b/arch_6/config_3/checkpoint.json
452,5,/home/gensis2/research/archx/chiplet4ai/llama/description/architecture/config_5.architecture.yaml,llama_3_70b,3,/home/gensis2/research/archx/chiplet4ai/llama/description/workload/llama_3_70b/config_3.workload.yaml,/home/gensis2/research/archx/chiplet4ai/llama/description/event/event.yaml,/home/gensis2/research/archx/chiplet4ai/llama/description/metric/metric.yaml,/home/gensis2/research/archx/chiplet4ai/llama/description/runs/llama_3_70b/arch_5/config_3,/home/gensis2/research/archx/chiplet4ai/llama/description/runs/llama_3_70b/arch_5/config_3/checkpoint.json
453,4,/home/gensis2/research/archx/chiplet4ai/llama/description/architecture/config_4.architecture.yaml,llama_3_70b,3,/home/gensis2/research/archx/chiplet4ai/llama/description/workload/llama_3_70b/config_3.workload.yaml,/home/gensis2/research/archx/chiplet4ai/llama/description/event/event.yaml,/home/gensis2/research/archx/chiplet4ai/llama/description/metric/metric.yaml,/home/gensis2/research/archx/chiplet4ai/llama/description/runs/llama_3_70b/arch_4/config_3,/home/gensis2/research/archx/chiplet4ai/llama/description/runs/llama_3_70b/arch_4/config_3/checkpoint.json
454,3,/home/gensis2/research/archx/chiplet4ai/llama/description/architecture/config_3.architecture.yaml,llama_3_70b,3,/home/gensis2/research/archx/chiplet4ai/llama/description/workload/llama_3_70b/config_3.workload.yaml,/home/gensis2/research/archx/chiplet4ai/llama/description/event/event.yaml,/home/gensis2/research/archx/chiplet4ai/llama/description/metric/metric.yaml,/home/gensis2/research/archx/chiplet4ai/llama/description/runs/llama_3_70b/arch_3/config_3,/home/gensis2/research/archx/chiplet4ai/llama/description/runs/llama_3_70b/arch_3/config_3/checkpoint.json
455,2,/home/gensis2/research/archx/chiplet4ai/llama/description/architecture/config_2.architecture.yaml,llama_3_70b,3,/home/gensis2/research/archx/chiplet4ai/llama/description/workload/llama_3_70b/config_3.workload.yaml,/home/gensis2/research/archx/chiplet4ai/llama/description/event/event.yaml,/home/gensis2/research/archx/chiplet4ai/llama/description/metric/metric.yaml,/home/gensis2/research/archx/chiplet4ai/llama/description/runs/llama_3_70b/arch_2/config_3,/home/gensis2/research/archx/chiplet4ai/llama/description/runs/llama_3_70b/arch_2/config_3/checkpoint.json
456,1,/home/gensis2/research/archx/chiplet4ai/llama/description/architecture/config_1.architecture.yaml,llama_3_70b,3,/home/gensis2/research/archx/chiplet4ai/llama/description/workload/llama_3_70b/config_3.workload.yaml,/home/gensis2/research/archx/chiplet4ai/llama/description/event/event.yaml,/home/gensis2/research/archx/chiplet4ai/llama/description/metric/metric.yaml,/home/gensis2/research/archx/chiplet4ai/llama/description/runs/llama_3_70b/arch_1/config_3,/home/gensis2/research/archx/chiplet4ai/llama/description/runs/llama_3_70b/arch_1/config_3/checkpoint.json
457,0,/home/gensis2/research/archx/chiplet4ai/llama/description/architecture/config_0.architecture.yaml,llama_3_70b,3,/home/gensis2/research/archx/chiplet4ai/llama/description/workload/llama_3_70b/config_3.workload.yaml,/home/gensis2/research/archx/chiplet4ai/llama/description/event/event.yaml,/home/gensis2/research/archx/chiplet4ai/llama/description/metric/metric.yaml,/home/gensis2/research/archx/chiplet4ai/llama/description/runs/llama_3_70b/arch_0/config_3,/home/gensis2/research/archx/chiplet4ai/llama/description/runs/llama_3_70b/arch_0/config_3/checkpoint.json
458,101,/home/gensis2/research/archx/chiplet4ai/llama/description/architecture/config_101.architecture.yaml,llama_3_70b,3,/home/gensis2/research/archx/chiplet4ai/llama/description/workload/llama_3_70b/config_3.workload.yaml,/home/gensis2/research/archx/chiplet4ai/llama/description/event/event.yaml,/home/gensis2/research/archx/chiplet4ai/llama/description/metric/metric.yaml,/home/gensis2/research/archx/chiplet4ai/llama/description/runs/llama_3_70b/arch_101/config_3,/home/gensis2/research/archx/chiplet4ai/llama/description/runs/llama_3_70b/arch_101/config_3/checkpoint.json
459,102,/home/gensis2/research/archx/chiplet4ai/llama/description/architecture/config_102.architecture.yaml,llama_3_70b,3,/home/gensis2/research/archx/chiplet4ai/llama/description/workload/llama_3_70b/config_3.workload.yaml,/home/gensis2/research/archx/chiplet4ai/llama/description/event/event.yaml,/home/gensis2/research/archx/chiplet4ai/llama/description/metric/metric.yaml,/home/gensis2/research/archx/chiplet4ai/llama/description/runs/llama_3_70b/arch_102/config_3,/home/gensis2/research/archx/chiplet4ai/llama/description/runs/llama_3_70b/arch_102/config_3/checkpoint.json
460,103,/home/gensis2/research/archx/chiplet4ai/llama/description/architecture/config_103.architecture.yaml,llama_3_70b,3,/home/gensis2/research/archx/chiplet4ai/llama/description/workload/llama_3_70b/config_3.workload.yaml,/home/gensis2/research/archx/chiplet4ai/llama/description/event/event.yaml,/home/gensis2/research/archx/chiplet4ai/llama/description/metric/metric.yaml,/home/gensis2/research/archx/chiplet4ai/llama/description/runs/llama_3_70b/arch_103/config_3,/home/gensis2/research/archx/chiplet4ai/llama/description/runs/llama_3_70b/arch_103/config_3/checkpoint.json
461,104,/home/gensis2/research/archx/chiplet4ai/llama/description/architecture/config_104.architecture.yaml,llama_3_70b,3,/home/gensis2/research/archx/chiplet4ai/llama/description/workload/llama_3_70b/config_3.workload.yaml,/home/gensis2/research/archx/chiplet4ai/llama/description/event/event.yaml,/home/gensis2/research/archx/chiplet4ai/llama/description/metric/metric.yaml,/home/gensis2/research/archx/chiplet4ai/llama/description/runs/llama_3_70b/arch_104/config_3,/home/gensis2/research/archx/chiplet4ai/llama/description/runs/llama_3_70b/arch_104/config_3/checkpoint.json
462,105,/home/gensis2/research/archx/chiplet4ai/llama/description/architecture/config_105.architecture.yaml,llama_3_70b,3,/home/gensis2/research/archx/chiplet4ai/llama/description/workload/llama_3_70b/config_3.workload.yaml,/home/gensis2/research/archx/chiplet4ai/llama/description/event/event.yaml,/home/gensis2/research/archx/chiplet4ai/llama/description/metric/metric.yaml,/home/gensis2/research/archx/chiplet4ai/llama/description/runs/llama_3_70b/arch_105/config_3,/home/gensis2/research/archx/chiplet4ai/llama/description/runs/llama_3_70b/arch_105/config_3/checkpoint.json
463,106,/home/gensis2/research/archx/chiplet4ai/llama/description/architecture/config_106.architecture.yaml,llama_3_70b,3,/home/gensis2/research/archx/chiplet4ai/llama/description/workload/llama_3_70b/config_3.workload.yaml,/home/gensis2/research/archx/chiplet4ai/llama/description/event/event.yaml,/home/gensis2/research/archx/chiplet4ai/llama/description/metric/metric.yaml,/home/gensis2/research/archx/chiplet4ai/llama/description/runs/llama_3_70b/arch_106/config_3,/home/gensis2/research/archx/chiplet4ai/llama/description/runs/llama_3_70b/arch_106/config_3/checkpoint.json
464,107,/home/gensis2/research/archx/chiplet4ai/llama/description/architecture/config_107.architecture.yaml,llama_3_70b,3,/home/gensis2/research/archx/chiplet4ai/llama/description/workload/llama_3_70b/config_3.workload.yaml,/home/gensis2/research/archx/chiplet4ai/llama/description/event/event.yaml,/home/gensis2/research/archx/chiplet4ai/llama/description/metric/metric.yaml,/home/gensis2/research/archx/chiplet4ai/llama/description/runs/llama_3_70b/arch_107/config_3,/home/gensis2/research/archx/chiplet4ai/llama/description/runs/llama_3_70b/arch_107/config_3/checkpoint.json
465,108,/home/gensis2/research/archx/chiplet4ai/llama/description/architecture/config_108.architecture.yaml,llama_3_70b,3,/home/gensis2/research/archx/chiplet4ai/llama/description/workload/llama_3_70b/config_3.workload.yaml,/home/gensis2/research/archx/chiplet4ai/llama/description/event/event.yaml,/home/gensis2/research/archx/chiplet4ai/llama/description/metric/metric.yaml,/home/gensis2/research/archx/chiplet4ai/llama/description/runs/llama_3_70b/arch_108/config_3,/home/gensis2/research/archx/chiplet4ai/llama/description/runs/llama_3_70b/arch_108/config_3/checkpoint.json
466,109,/home/gensis2/research/archx/chiplet4ai/llama/description/architecture/config_109.architecture.yaml,llama_3_70b,3,/home/gensis2/research/archx/chiplet4ai/llama/description/workload/llama_3_70b/config_3.workload.yaml,/home/gensis2/research/archx/chiplet4ai/llama/description/event/event.yaml,/home/gensis2/research/archx/chiplet4ai/llama/description/metric/metric.yaml,/home/gensis2/research/archx/chiplet4ai/llama/description/runs/llama_3_70b/arch_109/config_3,/home/gensis2/research/archx/chiplet4ai/llama/description/runs/llama_3_70b/arch_109/config_3/checkpoint.json
467,110,/home/gensis2/research/archx/chiplet4ai/llama/description/architecture/config_110.architecture.yaml,llama_3_70b,3,/home/gensis2/research/archx/chiplet4ai/llama/description/workload/llama_3_70b/config_3.workload.yaml,/home/gensis2/research/archx/chiplet4ai/llama/description/event/event.yaml,/home/gensis2/research/archx/chiplet4ai/llama/description/metric/metric.yaml,/home/gensis2/research/archx/chiplet4ai/llama/description/runs/llama_3_70b/arch_110/config_3,/home/gensis2/research/archx/chiplet4ai/llama/description/runs/llama_3_70b/arch_110/config_3/checkpoint.json
468,111,/home/gensis2/research/archx/chiplet4ai/llama/description/architecture/config_111.architecture.yaml,llama_3_70b,3,/home/gensis2/research/archx/chiplet4ai/llama/description/workload/llama_3_70b/config_3.workload.yaml,/home/gensis2/research/archx/chiplet4ai/llama/description/event/event.yaml,/home/gensis2/research/archx/chiplet4ai/llama/description/metric/metric.yaml,/home/gensis2/research/archx/chiplet4ai/llama/description/runs/llama_3_70b/arch_111/config_3,/home/gensis2/research/archx/chiplet4ai/llama/description/runs/llama_3_70b/arch_111/config_3/checkpoint.json
469,112,/home/gensis2/research/archx/chiplet4ai/llama/description/architecture/config_112.architecture.yaml,llama_3_70b,3,/home/gensis2/research/archx/chiplet4ai/llama/description/workload/llama_3_70b/config_3.workload.yaml,/home/gensis2/research/archx/chiplet4ai/llama/description/event/event.yaml,/home/gensis2/research/archx/chiplet4ai/llama/description/metric/metric.yaml,/home/gensis2/research/archx/chiplet4ai/llama/description/runs/llama_3_70b/arch_112/config_3,/home/gensis2/research/archx/chiplet4ai/llama/description/runs/llama_3_70b/arch_112/config_3/checkpoint.json
470,113,/home/gensis2/research/archx/chiplet4ai/llama/description/architecture/config_113.architecture.yaml,llama_3_70b,3,/home/gensis2/research/archx/chiplet4ai/llama/description/workload/llama_3_70b/config_3.workload.yaml,/home/gensis2/research/archx/chiplet4ai/llama/description/event/event.yaml,/home/gensis2/research/archx/chiplet4ai/llama/description/metric/metric.yaml,/home/gensis2/research/archx/chiplet4ai/llama/description/runs/llama_3_70b/arch_113/config_3,/home/gensis2/research/archx/chiplet4ai/llama/description/runs/llama_3_70b/arch_113/config_3/checkpoint.json
471,114,/home/gensis2/research/archx/chiplet4ai/llama/description/architecture/config_114.architecture.yaml,llama_3_70b,3,/home/gensis2/research/archx/chiplet4ai/llama/description/workload/llama_3_70b/config_3.workload.yaml,/home/gensis2/research/archx/chiplet4ai/llama/description/event/event.yaml,/home/gensis2/research/archx/chiplet4ai/llama/description/metric/metric.yaml,/home/gensis2/research/archx/chiplet4ai/llama/description/runs/llama_3_70b/arch_114/config_3,/home/gensis2/research/archx/chiplet4ai/llama/description/runs/llama_3_70b/arch_114/config_3/checkpoint.json
472,115,/home/gensis2/research/archx/chiplet4ai/llama/description/architecture/config_115.architecture.yaml,llama_3_70b,3,/home/gensis2/research/archx/chiplet4ai/llama/description/workload/llama_3_70b/config_3.workload.yaml,/home/gensis2/research/archx/chiplet4ai/llama/description/event/event.yaml,/home/gensis2/research/archx/chiplet4ai/llama/description/metric/metric.yaml,/home/gensis2/research/archx/chiplet4ai/llama/description/runs/llama_3_70b/arch_115/config_3,/home/gensis2/research/archx/chiplet4ai/llama/description/runs/llama_3_70b/arch_115/config_3/checkpoint.json
473,116,/home/gensis2/research/archx/chiplet4ai/llama/description/architecture/config_116.architecture.yaml,llama_3_70b,3,/home/gensis2/research/archx/chiplet4ai/llama/description/workload/llama_3_70b/config_3.workload.yaml,/home/gensis2/research/archx/chiplet4ai/llama/description/event/event.yaml,/home/gensis2/research/archx/chiplet4ai/llama/description/metric/metric.yaml,/home/gensis2/research/archx/chiplet4ai/llama/description/runs/llama_3_70b/arch_116/config_3,/home/gensis2/research/archx/chiplet4ai/llama/description/runs/llama_3_70b/arch_116/config_3/checkpoint.json
474,117,/home/gensis2/research/archx/chiplet4ai/llama/description/architecture/config_117.architecture.yaml,llama_3_70b,3,/home/gensis2/research/archx/chiplet4ai/llama/description/workload/llama_3_70b/config_3.workload.yaml,/home/gensis2/research/archx/chiplet4ai/llama/description/event/event.yaml,/home/gensis2/research/archx/chiplet4ai/llama/description/metric/metric.yaml,/home/gensis2/research/archx/chiplet4ai/llama/description/runs/llama_3_70b/arch_117/config_3,/home/gensis2/research/archx/chiplet4ai/llama/description/runs/llama_3_70b/arch_117/config_3/checkpoint.json
475,118,/home/gensis2/research/archx/chiplet4ai/llama/description/architecture/config_118.architecture.yaml,llama_3_70b,3,/home/gensis2/research/archx/chiplet4ai/llama/description/workload/llama_3_70b/config_3.workload.yaml,/home/gensis2/research/archx/chiplet4ai/llama/description/event/event.yaml,/home/gensis2/research/archx/chiplet4ai/llama/description/metric/metric.yaml,/home/gensis2/research/archx/chiplet4ai/llama/description/runs/llama_3_70b/arch_118/config_3,/home/gensis2/research/archx/chiplet4ai/llama/description/runs/llama_3_70b/arch_118/config_3/checkpoint.json
476,100,/home/gensis2/research/archx/chiplet4ai/llama/description/architecture/config_100.architecture.yaml,llama_3_8b,4,/home/gensis2/research/archx/chiplet4ai/llama/description/workload/llama_3_8b/config_4.workload.yaml,/home/gensis2/research/archx/chiplet4ai/llama/description/event/event.yaml,/home/gensis2/research/archx/chiplet4ai/llama/description/metric/metric.yaml,/home/gensis2/research/archx/chiplet4ai/llama/description/runs/llama_3_8b/arch_100/config_4,/home/gensis2/research/archx/chiplet4ai/llama/description/runs/llama_3_8b/arch_100/config_4/checkpoint.json
477,99,/home/gensis2/research/archx/chiplet4ai/llama/description/architecture/config_99.architecture.yaml,llama_3_8b,4,/home/gensis2/research/archx/chiplet4ai/llama/description/workload/llama_3_8b/config_4.workload.yaml,/home/gensis2/research/archx/chiplet4ai/llama/description/event/event.yaml,/home/gensis2/research/archx/chiplet4ai/llama/description/metric/metric.yaml,/home/gensis2/research/archx/chiplet4ai/llama/description/runs/llama_3_8b/arch_99/config_4,/home/gensis2/research/archx/chiplet4ai/llama/description/runs/llama_3_8b/arch_99/config_4/checkpoint.json
478,98,/home/gensis2/research/archx/chiplet4ai/llama/description/architecture/config_98.architecture.yaml,llama_3_8b,4,/home/gensis2/research/archx/chiplet4ai/llama/description/workload/llama_3_8b/config_4.workload.yaml,/home/gensis2/research/archx/chiplet4ai/llama/description/event/event.yaml,/home/gensis2/research/archx/chiplet4ai/llama/description/metric/metric.yaml,/home/gensis2/research/archx/chiplet4ai/llama/description/runs/llama_3_8b/arch_98/config_4,/home/gensis2/research/archx/chiplet4ai/llama/description/runs/llama_3_8b/arch_98/config_4/checkpoint.json
479,97,/home/gensis2/research/archx/chiplet4ai/llama/description/architecture/config_97.architecture.yaml,llama_3_8b,4,/home/gensis2/research/archx/chiplet4ai/llama/description/workload/llama_3_8b/config_4.workload.yaml,/home/gensis2/research/archx/chiplet4ai/llama/description/event/event.yaml,/home/gensis2/research/archx/chiplet4ai/llama/description/metric/metric.yaml,/home/gensis2/research/archx/chiplet4ai/llama/description/runs/llama_3_8b/arch_97/config_4,/home/gensis2/research/archx/chiplet4ai/llama/description/runs/llama_3_8b/arch_97/config_4/checkpoint.json
480,96,/home/gensis2/research/archx/chiplet4ai/llama/description/architecture/config_96.architecture.yaml,llama_3_8b,4,/home/gensis2/research/archx/chiplet4ai/llama/description/workload/llama_3_8b/config_4.workload.yaml,/home/gensis2/research/archx/chiplet4ai/llama/description/event/event.yaml,/home/gensis2/research/archx/chiplet4ai/llama/description/metric/metric.yaml,/home/gensis2/research/archx/chiplet4ai/llama/description/runs/llama_3_8b/arch_96/config_4,/home/gensis2/research/archx/chiplet4ai/llama/description/runs/llama_3_8b/arch_96/config_4/checkpoint.json
481,95,/home/gensis2/research/archx/chiplet4ai/llama/description/architecture/config_95.architecture.yaml,llama_3_8b,4,/home/gensis2/research/archx/chiplet4ai/llama/description/workload/llama_3_8b/config_4.workload.yaml,/home/gensis2/research/archx/chiplet4ai/llama/description/event/event.yaml,/home/gensis2/research/archx/chiplet4ai/llama/description/metric/metric.yaml,/home/gensis2/research/archx/chiplet4ai/llama/description/runs/llama_3_8b/arch_95/config_4,/home/gensis2/research/archx/chiplet4ai/llama/description/runs/llama_3_8b/arch_95/config_4/checkpoint.json
482,94,/home/gensis2/research/archx/chiplet4ai/llama/description/architecture/config_94.architecture.yaml,llama_3_8b,4,/home/gensis2/research/archx/chiplet4ai/llama/description/workload/llama_3_8b/config_4.workload.yaml,/home/gensis2/research/archx/chiplet4ai/llama/description/event/event.yaml,/home/gensis2/research/archx/chiplet4ai/llama/description/metric/metric.yaml,/home/gensis2/research/archx/chiplet4ai/llama/description/runs/llama_3_8b/arch_94/config_4,/home/gensis2/research/archx/chiplet4ai/llama/description/runs/llama_3_8b/arch_94/config_4/checkpoint.json
483,93,/home/gensis2/research/archx/chiplet4ai/llama/description/architecture/config_93.architecture.yaml,llama_3_8b,4,/home/gensis2/research/archx/chiplet4ai/llama/description/workload/llama_3_8b/config_4.workload.yaml,/home/gensis2/research/archx/chiplet4ai/llama/description/event/event.yaml,/home/gensis2/research/archx/chiplet4ai/llama/description/metric/metric.yaml,/home/gensis2/research/archx/chiplet4ai/llama/description/runs/llama_3_8b/arch_93/config_4,/home/gensis2/research/archx/chiplet4ai/llama/description/runs/llama_3_8b/arch_93/config_4/checkpoint.json
484,92,/home/gensis2/research/archx/chiplet4ai/llama/description/architecture/config_92.architecture.yaml,llama_3_8b,4,/home/gensis2/research/archx/chiplet4ai/llama/description/workload/llama_3_8b/config_4.workload.yaml,/home/gensis2/research/archx/chiplet4ai/llama/description/event/event.yaml,/home/gensis2/research/archx/chiplet4ai/llama/description/metric/metric.yaml,/home/gensis2/research/archx/chiplet4ai/llama/description/runs/llama_3_8b/arch_92/config_4,/home/gensis2/research/archx/chiplet4ai/llama/description/runs/llama_3_8b/arch_92/config_4/checkpoint.json
485,91,/home/gensis2/research/archx/chiplet4ai/llama/description/architecture/config_91.architecture.yaml,llama_3_8b,4,/home/gensis2/research/archx/chiplet4ai/llama/description/workload/llama_3_8b/config_4.workload.yaml,/home/gensis2/research/archx/chiplet4ai/llama/description/event/event.yaml,/home/gensis2/research/archx/chiplet4ai/llama/description/metric/metric.yaml,/home/gensis2/research/archx/chiplet4ai/llama/description/runs/llama_3_8b/arch_91/config_4,/home/gensis2/research/archx/chiplet4ai/llama/description/runs/llama_3_8b/arch_91/config_4/checkpoint.json
486,90,/home/gensis2/research/archx/chiplet4ai/llama/description/architecture/config_90.architecture.yaml,llama_3_8b,4,/home/gensis2/research/archx/chiplet4ai/llama/description/workload/llama_3_8b/config_4.workload.yaml,/home/gensis2/research/archx/chiplet4ai/llama/description/event/event.yaml,/home/gensis2/research/archx/chiplet4ai/llama/description/metric/metric.yaml,/home/gensis2/research/archx/chiplet4ai/llama/description/runs/llama_3_8b/arch_90/config_4,/home/gensis2/research/archx/chiplet4ai/llama/description/runs/llama_3_8b/arch_90/config_4/checkpoint.json
487,89,/home/gensis2/research/archx/chiplet4ai/llama/description/architecture/config_89.architecture.yaml,llama_3_8b,4,/home/gensis2/research/archx/chiplet4ai/llama/description/workload/llama_3_8b/config_4.workload.yaml,/home/gensis2/research/archx/chiplet4ai/llama/description/event/event.yaml,/home/gensis2/research/archx/chiplet4ai/llama/description/metric/metric.yaml,/home/gensis2/research/archx/chiplet4ai/llama/description/runs/llama_3_8b/arch_89/config_4,/home/gensis2/research/archx/chiplet4ai/llama/description/runs/llama_3_8b/arch_89/config_4/checkpoint.json
488,88,/home/gensis2/research/archx/chiplet4ai/llama/description/architecture/config_88.architecture.yaml,llama_3_8b,4,/home/gensis2/research/archx/chiplet4ai/llama/description/workload/llama_3_8b/config_4.workload.yaml,/home/gensis2/research/archx/chiplet4ai/llama/description/event/event.yaml,/home/gensis2/research/archx/chiplet4ai/llama/description/metric/metric.yaml,/home/gensis2/research/archx/chiplet4ai/llama/description/runs/llama_3_8b/arch_88/config_4,/home/gensis2/research/archx/chiplet4ai/llama/description/runs/llama_3_8b/arch_88/config_4/checkpoint.json
489,87,/home/gensis2/research/archx/chiplet4ai/llama/description/architecture/config_87.architecture.yaml,llama_3_8b,4,/home/gensis2/research/archx/chiplet4ai/llama/description/workload/llama_3_8b/config_4.workload.yaml,/home/gensis2/research/archx/chiplet4ai/llama/description/event/event.yaml,/home/gensis2/research/archx/chiplet4ai/llama/description/metric/metric.yaml,/home/gensis2/research/archx/chiplet4ai/llama/description/runs/llama_3_8b/arch_87/config_4,/home/gensis2/research/archx/chiplet4ai/llama/description/runs/llama_3_8b/arch_87/config_4/checkpoint.json
490,86,/home/gensis2/research/archx/chiplet4ai/llama/description/architecture/config_86.architecture.yaml,llama_3_8b,4,/home/gensis2/research/archx/chiplet4ai/llama/description/workload/llama_3_8b/config_4.workload.yaml,/home/gensis2/research/archx/chiplet4ai/llama/description/event/event.yaml,/home/gensis2/research/archx/chiplet4ai/llama/description/metric/metric.yaml,/home/gensis2/research/archx/chiplet4ai/llama/description/runs/llama_3_8b/arch_86/config_4,/home/gensis2/research/archx/chiplet4ai/llama/description/runs/llama_3_8b/arch_86/config_4/checkpoint.json
491,85,/home/gensis2/research/archx/chiplet4ai/llama/description/architecture/config_85.architecture.yaml,llama_3_8b,4,/home/gensis2/research/archx/chiplet4ai/llama/description/workload/llama_3_8b/config_4.workload.yaml,/home/gensis2/research/archx/chiplet4ai/llama/description/event/event.yaml,/home/gensis2/research/archx/chiplet4ai/llama/description/metric/metric.yaml,/home/gensis2/research/archx/chiplet4ai/llama/description/runs/llama_3_8b/arch_85/config_4,/home/gensis2/research/archx/chiplet4ai/llama/description/runs/llama_3_8b/arch_85/config_4/checkpoint.json
492,84,/home/gensis2/research/archx/chiplet4ai/llama/description/architecture/config_84.architecture.yaml,llama_3_8b,4,/home/gensis2/research/archx/chiplet4ai/llama/description/workload/llama_3_8b/config_4.workload.yaml,/home/gensis2/research/archx/chiplet4ai/llama/description/event/event.yaml,/home/gensis2/research/archx/chiplet4ai/llama/description/metric/metric.yaml,/home/gensis2/research/archx/chiplet4ai/llama/description/runs/llama_3_8b/arch_84/config_4,/home/gensis2/research/archx/chiplet4ai/llama/description/runs/llama_3_8b/arch_84/config_4/checkpoint.json
493,83,/home/gensis2/research/archx/chiplet4ai/llama/description/architecture/config_83.architecture.yaml,llama_3_8b,4,/home/gensis2/research/archx/chiplet4ai/llama/description/workload/llama_3_8b/config_4.workload.yaml,/home/gensis2/research/archx/chiplet4ai/llama/description/event/event.yaml,/home/gensis2/research/archx/chiplet4ai/llama/description/metric/metric.yaml,/home/gensis2/research/archx/chiplet4ai/llama/description/runs/llama_3_8b/arch_83/config_4,/home/gensis2/research/archx/chiplet4ai/llama/description/runs/llama_3_8b/arch_83/config_4/checkpoint.json
494,82,/home/gensis2/research/archx/chiplet4ai/llama/description/architecture/config_82.architecture.yaml,llama_3_8b,4,/home/gensis2/research/archx/chiplet4ai/llama/description/workload/llama_3_8b/config_4.workload.yaml,/home/gensis2/research/archx/chiplet4ai/llama/description/event/event.yaml,/home/gensis2/research/archx/chiplet4ai/llama/description/metric/metric.yaml,/home/gensis2/research/archx/chiplet4ai/llama/description/runs/llama_3_8b/arch_82/config_4,/home/gensis2/research/archx/chiplet4ai/llama/description/runs/llama_3_8b/arch_82/config_4/checkpoint.json
495,81,/home/gensis2/research/archx/chiplet4ai/llama/description/architecture/config_81.architecture.yaml,llama_3_8b,4,/home/gensis2/research/archx/chiplet4ai/llama/description/workload/llama_3_8b/config_4.workload.yaml,/home/gensis2/research/archx/chiplet4ai/llama/description/event/event.yaml,/home/gensis2/research/archx/chiplet4ai/llama/description/metric/metric.yaml,/home/gensis2/research/archx/chiplet4ai/llama/description/runs/llama_3_8b/arch_81/config_4,/home/gensis2/research/archx/chiplet4ai/llama/description/runs/llama_3_8b/arch_81/config_4/checkpoint.json
496,80,/home/gensis2/research/archx/chiplet4ai/llama/description/architecture/config_80.architecture.yaml,llama_3_8b,4,/home/gensis2/research/archx/chiplet4ai/llama/description/workload/llama_3_8b/config_4.workload.yaml,/home/gensis2/research/archx/chiplet4ai/llama/description/event/event.yaml,/home/gensis2/research/archx/chiplet4ai/llama/description/metric/metric.yaml,/home/gensis2/research/archx/chiplet4ai/llama/description/runs/llama_3_8b/arch_80/config_4,/home/gensis2/research/archx/chiplet4ai/llama/description/runs/llama_3_8b/arch_80/config_4/checkpoint.json
497,79,/home/gensis2/research/archx/chiplet4ai/llama/description/architecture/config_79.architecture.yaml,llama_3_8b,4,/home/gensis2/research/archx/chiplet4ai/llama/description/workload/llama_3_8b/config_4.workload.yaml,/home/gensis2/research/archx/chiplet4ai/llama/description/event/event.yaml,/home/gensis2/research/archx/chiplet4ai/llama/description/metric/metric.yaml,/home/gensis2/research/archx/chiplet4ai/llama/description/runs/llama_3_8b/arch_79/config_4,/home/gensis2/research/archx/chiplet4ai/llama/description/runs/llama_3_8b/arch_79/config_4/checkpoint.json
498,78,/home/gensis2/research/archx/chiplet4ai/llama/description/architecture/config_78.architecture.yaml,llama_3_8b,4,/home/gensis2/research/archx/chiplet4ai/llama/description/workload/llama_3_8b/config_4.workload.yaml,/home/gensis2/research/archx/chiplet4ai/llama/description/event/event.yaml,/home/gensis2/research/archx/chiplet4ai/llama/description/metric/metric.yaml,/home/gensis2/research/archx/chiplet4ai/llama/description/runs/llama_3_8b/arch_78/config_4,/home/gensis2/research/archx/chiplet4ai/llama/description/runs/llama_3_8b/arch_78/config_4/checkpoint.json
499,77,/home/gensis2/research/archx/chiplet4ai/llama/description/architecture/config_77.architecture.yaml,llama_3_8b,4,/home/gensis2/research/archx/chiplet4ai/llama/description/workload/llama_3_8b/config_4.workload.yaml,/home/gensis2/research/archx/chiplet4ai/llama/description/event/event.yaml,/home/gensis2/research/archx/chiplet4ai/llama/description/metric/metric.yaml,/home/gensis2/research/archx/chiplet4ai/llama/description/runs/llama_3_8b/arch_77/config_4,/home/gensis2/research/archx/chiplet4ai/llama/description/runs/llama_3_8b/arch_77/config_4/checkpoint.json
500,76,/home/gensis2/research/archx/chiplet4ai/llama/description/architecture/config_76.architecture.yaml,llama_3_8b,4,/home/gensis2/research/archx/chiplet4ai/llama/description/workload/llama_3_8b/config_4.workload.yaml,/home/gensis2/research/archx/chiplet4ai/llama/description/event/event.yaml,/home/gensis2/research/archx/chiplet4ai/llama/description/metric/metric.yaml,/home/gensis2/research/archx/chiplet4ai/llama/description/runs/llama_3_8b/arch_76/config_4,/home/gensis2/research/archx/chiplet4ai/llama/description/runs/llama_3_8b/arch_76/config_4/checkpoint.json
501,75,/home/gensis2/research/archx/chiplet4ai/llama/description/architecture/config_75.architecture.yaml,llama_3_8b,4,/home/gensis2/research/archx/chiplet4ai/llama/description/workload/llama_3_8b/config_4.workload.yaml,/home/gensis2/research/archx/chiplet4ai/llama/description/event/event.yaml,/home/gensis2/research/archx/chiplet4ai/llama/description/metric/metric.yaml,/home/gensis2/research/archx/chiplet4ai/llama/description/runs/llama_3_8b/arch_75/config_4,/home/gensis2/research/archx/chiplet4ai/llama/description/runs/llama_3_8b/arch_75/config_4/checkpoint.json
502,74,/home/gensis2/research/archx/chiplet4ai/llama/description/architecture/config_74.architecture.yaml,llama_3_8b,4,/home/gensis2/research/archx/chiplet4ai/llama/description/workload/llama_3_8b/config_4.workload.yaml,/home/gensis2/research/archx/chiplet4ai/llama/description/event/event.yaml,/home/gensis2/research/archx/chiplet4ai/llama/description/metric/metric.yaml,/home/gensis2/research/archx/chiplet4ai/llama/description/runs/llama_3_8b/arch_74/config_4,/home/gensis2/research/archx/chiplet4ai/llama/description/runs/llama_3_8b/arch_74/config_4/checkpoint.json
503,73,/home/gensis2/research/archx/chiplet4ai/llama/description/architecture/config_73.architecture.yaml,llama_3_8b,4,/home/gensis2/research/archx/chiplet4ai/llama/description/workload/llama_3_8b/config_4.workload.yaml,/home/gensis2/research/archx/chiplet4ai/llama/description/event/event.yaml,/home/gensis2/research/archx/chiplet4ai/llama/description/metric/metric.yaml,/home/gensis2/research/archx/chiplet4ai/llama/description/runs/llama_3_8b/arch_73/config_4,/home/gensis2/research/archx/chiplet4ai/llama/description/runs/llama_3_8b/arch_73/config_4/checkpoint.json
504,72,/home/gensis2/research/archx/chiplet4ai/llama/description/architecture/config_72.architecture.yaml,llama_3_8b,4,/home/gensis2/research/archx/chiplet4ai/llama/description/workload/llama_3_8b/config_4.workload.yaml,/home/gensis2/research/archx/chiplet4ai/llama/description/event/event.yaml,/home/gensis2/research/archx/chiplet4ai/llama/description/metric/metric.yaml,/home/gensis2/research/archx/chiplet4ai/llama/description/runs/llama_3_8b/arch_72/config_4,/home/gensis2/research/archx/chiplet4ai/llama/description/runs/llama_3_8b/arch_72/config_4/checkpoint.json
505,71,/home/gensis2/research/archx/chiplet4ai/llama/description/architecture/config_71.architecture.yaml,llama_3_8b,4,/home/gensis2/research/archx/chiplet4ai/llama/description/workload/llama_3_8b/config_4.workload.yaml,/home/gensis2/research/archx/chiplet4ai/llama/description/event/event.yaml,/home/gensis2/research/archx/chiplet4ai/llama/description/metric/metric.yaml,/home/gensis2/research/archx/chiplet4ai/llama/description/runs/llama_3_8b/arch_71/config_4,/home/gensis2/research/archx/chiplet4ai/llama/description/runs/llama_3_8b/arch_71/config_4/checkpoint.json
506,70,/home/gensis2/research/archx/chiplet4ai/llama/description/architecture/config_70.architecture.yaml,llama_3_8b,4,/home/gensis2/research/archx/chiplet4ai/llama/description/workload/llama_3_8b/config_4.workload.yaml,/home/gensis2/research/archx/chiplet4ai/llama/description/event/event.yaml,/home/gensis2/research/archx/chiplet4ai/llama/description/metric/metric.yaml,/home/gensis2/research/archx/chiplet4ai/llama/description/runs/llama_3_8b/arch_70/config_4,/home/gensis2/research/archx/chiplet4ai/llama/description/runs/llama_3_8b/arch_70/config_4/checkpoint.json
507,69,/home/gensis2/research/archx/chiplet4ai/llama/description/architecture/config_69.architecture.yaml,llama_3_8b,4,/home/gensis2/research/archx/chiplet4ai/llama/description/workload/llama_3_8b/config_4.workload.yaml,/home/gensis2/research/archx/chiplet4ai/llama/description/event/event.yaml,/home/gensis2/research/archx/chiplet4ai/llama/description/metric/metric.yaml,/home/gensis2/research/archx/chiplet4ai/llama/description/runs/llama_3_8b/arch_69/config_4,/home/gensis2/research/archx/chiplet4ai/llama/description/runs/llama_3_8b/arch_69/config_4/checkpoint.json
508,68,/home/gensis2/research/archx/chiplet4ai/llama/description/architecture/config_68.architecture.yaml,llama_3_8b,4,/home/gensis2/research/archx/chiplet4ai/llama/description/workload/llama_3_8b/config_4.workload.yaml,/home/gensis2/research/archx/chiplet4ai/llama/description/event/event.yaml,/home/gensis2/research/archx/chiplet4ai/llama/description/metric/metric.yaml,/home/gensis2/research/archx/chiplet4ai/llama/description/runs/llama_3_8b/arch_68/config_4,/home/gensis2/research/archx/chiplet4ai/llama/description/runs/llama_3_8b/arch_68/config_4/checkpoint.json
509,67,/home/gensis2/research/archx/chiplet4ai/llama/description/architecture/config_67.architecture.yaml,llama_3_8b,4,/home/gensis2/research/archx/chiplet4ai/llama/description/workload/llama_3_8b/config_4.workload.yaml,/home/gensis2/research/archx/chiplet4ai/llama/description/event/event.yaml,/home/gensis2/research/archx/chiplet4ai/llama/description/metric/metric.yaml,/home/gensis2/research/archx/chiplet4ai/llama/description/runs/llama_3_8b/arch_67/config_4,/home/gensis2/research/archx/chiplet4ai/llama/description/runs/llama_3_8b/arch_67/config_4/checkpoint.json
510,66,/home/gensis2/research/archx/chiplet4ai/llama/description/architecture/config_66.architecture.yaml,llama_3_8b,4,/home/gensis2/research/archx/chiplet4ai/llama/description/workload/llama_3_8b/config_4.workload.yaml,/home/gensis2/research/archx/chiplet4ai/llama/description/event/event.yaml,/home/gensis2/research/archx/chiplet4ai/llama/description/metric/metric.yaml,/home/gensis2/research/archx/chiplet4ai/llama/description/runs/llama_3_8b/arch_66/config_4,/home/gensis2/research/archx/chiplet4ai/llama/description/runs/llama_3_8b/arch_66/config_4/checkpoint.json
511,65,/home/gensis2/research/archx/chiplet4ai/llama/description/architecture/config_65.architecture.yaml,llama_3_8b,4,/home/gensis2/research/archx/chiplet4ai/llama/description/workload/llama_3_8b/config_4.workload.yaml,/home/gensis2/research/archx/chiplet4ai/llama/description/event/event.yaml,/home/gensis2/research/archx/chiplet4ai/llama/description/metric/metric.yaml,/home/gensis2/research/archx/chiplet4ai/llama/description/runs/llama_3_8b/arch_65/config_4,/home/gensis2/research/archx/chiplet4ai/llama/description/runs/llama_3_8b/arch_65/config_4/checkpoint.json
512,64,/home/gensis2/research/archx/chiplet4ai/llama/description/architecture/config_64.architecture.yaml,llama_3_8b,4,/home/gensis2/research/archx/chiplet4ai/llama/description/workload/llama_3_8b/config_4.workload.yaml,/home/gensis2/research/archx/chiplet4ai/llama/description/event/event.yaml,/home/gensis2/research/archx/chiplet4ai/llama/description/metric/metric.yaml,/home/gensis2/research/archx/chiplet4ai/llama/description/runs/llama_3_8b/arch_64/config_4,/home/gensis2/research/archx/chiplet4ai/llama/description/runs/llama_3_8b/arch_64/config_4/checkpoint.json
513,63,/home/gensis2/research/archx/chiplet4ai/llama/description/architecture/config_63.architecture.yaml,llama_3_8b,4,/home/gensis2/research/archx/chiplet4ai/llama/description/workload/llama_3_8b/config_4.workload.yaml,/home/gensis2/research/archx/chiplet4ai/llama/description/event/event.yaml,/home/gensis2/research/archx/chiplet4ai/llama/description/metric/metric.yaml,/home/gensis2/research/archx/chiplet4ai/llama/description/runs/llama_3_8b/arch_63/config_4,/home/gensis2/research/archx/chiplet4ai/llama/description/runs/llama_3_8b/arch_63/config_4/checkpoint.json
514,62,/home/gensis2/research/archx/chiplet4ai/llama/description/architecture/config_62.architecture.yaml,llama_3_8b,4,/home/gensis2/research/archx/chiplet4ai/llama/description/workload/llama_3_8b/config_4.workload.yaml,/home/gensis2/research/archx/chiplet4ai/llama/description/event/event.yaml,/home/gensis2/research/archx/chiplet4ai/llama/description/metric/metric.yaml,/home/gensis2/research/archx/chiplet4ai/llama/description/runs/llama_3_8b/arch_62/config_4,/home/gensis2/research/archx/chiplet4ai/llama/description/runs/llama_3_8b/arch_62/config_4/checkpoint.json
515,61,/home/gensis2/research/archx/chiplet4ai/llama/description/architecture/config_61.architecture.yaml,llama_3_8b,4,/home/gensis2/research/archx/chiplet4ai/llama/description/workload/llama_3_8b/config_4.workload.yaml,/home/gensis2/research/archx/chiplet4ai/llama/description/event/event.yaml,/home/gensis2/research/archx/chiplet4ai/llama/description/metric/metric.yaml,/home/gensis2/research/archx/chiplet4ai/llama/description/runs/llama_3_8b/arch_61/config_4,/home/gensis2/research/archx/chiplet4ai/llama/description/runs/llama_3_8b/arch_61/config_4/checkpoint.json
516,60,/home/gensis2/research/archx/chiplet4ai/llama/description/architecture/config_60.architecture.yaml,llama_3_8b,4,/home/gensis2/research/archx/chiplet4ai/llama/description/workload/llama_3_8b/config_4.workload.yaml,/home/gensis2/research/archx/chiplet4ai/llama/description/event/event.yaml,/home/gensis2/research/archx/chiplet4ai/llama/description/metric/metric.yaml,/home/gensis2/research/archx/chiplet4ai/llama/description/runs/llama_3_8b/arch_60/config_4,/home/gensis2/research/archx/chiplet4ai/llama/description/runs/llama_3_8b/arch_60/config_4/checkpoint.json
517,59,/home/gensis2/research/archx/chiplet4ai/llama/description/architecture/config_59.architecture.yaml,llama_3_8b,4,/home/gensis2/research/archx/chiplet4ai/llama/description/workload/llama_3_8b/config_4.workload.yaml,/home/gensis2/research/archx/chiplet4ai/llama/description/event/event.yaml,/home/gensis2/research/archx/chiplet4ai/llama/description/metric/metric.yaml,/home/gensis2/research/archx/chiplet4ai/llama/description/runs/llama_3_8b/arch_59/config_4,/home/gensis2/research/archx/chiplet4ai/llama/description/runs/llama_3_8b/arch_59/config_4/checkpoint.json
518,58,/home/gensis2/research/archx/chiplet4ai/llama/description/architecture/config_58.architecture.yaml,llama_3_8b,4,/home/gensis2/research/archx/chiplet4ai/llama/description/workload/llama_3_8b/config_4.workload.yaml,/home/gensis2/research/archx/chiplet4ai/llama/description/event/event.yaml,/home/gensis2/research/archx/chiplet4ai/llama/description/metric/metric.yaml,/home/gensis2/research/archx/chiplet4ai/llama/description/runs/llama_3_8b/arch_58/config_4,/home/gensis2/research/archx/chiplet4ai/llama/description/runs/llama_3_8b/arch_58/config_4/checkpoint.json
519,57,/home/gensis2/research/archx/chiplet4ai/llama/description/architecture/config_57.architecture.yaml,llama_3_8b,4,/home/gensis2/research/archx/chiplet4ai/llama/description/workload/llama_3_8b/config_4.workload.yaml,/home/gensis2/research/archx/chiplet4ai/llama/description/event/event.yaml,/home/gensis2/research/archx/chiplet4ai/llama/description/metric/metric.yaml,/home/gensis2/research/archx/chiplet4ai/llama/description/runs/llama_3_8b/arch_57/config_4,/home/gensis2/research/archx/chiplet4ai/llama/description/runs/llama_3_8b/arch_57/config_4/checkpoint.json
520,56,/home/gensis2/research/archx/chiplet4ai/llama/description/architecture/config_56.architecture.yaml,llama_3_8b,4,/home/gensis2/research/archx/chiplet4ai/llama/description/workload/llama_3_8b/config_4.workload.yaml,/home/gensis2/research/archx/chiplet4ai/llama/description/event/event.yaml,/home/gensis2/research/archx/chiplet4ai/llama/description/metric/metric.yaml,/home/gensis2/research/archx/chiplet4ai/llama/description/runs/llama_3_8b/arch_56/config_4,/home/gensis2/research/archx/chiplet4ai/llama/description/runs/llama_3_8b/arch_56/config_4/checkpoint.json
521,55,/home/gensis2/research/archx/chiplet4ai/llama/description/architecture/config_55.architecture.yaml,llama_3_8b,4,/home/gensis2/research/archx/chiplet4ai/llama/description/workload/llama_3_8b/config_4.workload.yaml,/home/gensis2/research/archx/chiplet4ai/llama/description/event/event.yaml,/home/gensis2/research/archx/chiplet4ai/llama/description/metric/metric.yaml,/home/gensis2/research/archx/chiplet4ai/llama/description/runs/llama_3_8b/arch_55/config_4,/home/gensis2/research/archx/chiplet4ai/llama/description/runs/llama_3_8b/arch_55/config_4/checkpoint.json
522,54,/home/gensis2/research/archx/chiplet4ai/llama/description/architecture/config_54.architecture.yaml,llama_3_8b,4,/home/gensis2/research/archx/chiplet4ai/llama/description/workload/llama_3_8b/config_4.workload.yaml,/home/gensis2/research/archx/chiplet4ai/llama/description/event/event.yaml,/home/gensis2/research/archx/chiplet4ai/llama/description/metric/metric.yaml,/home/gensis2/research/archx/chiplet4ai/llama/description/runs/llama_3_8b/arch_54/config_4,/home/gensis2/research/archx/chiplet4ai/llama/description/runs/llama_3_8b/arch_54/config_4/checkpoint.json
523,53,/home/gensis2/research/archx/chiplet4ai/llama/description/architecture/config_53.architecture.yaml,llama_3_8b,4,/home/gensis2/research/archx/chiplet4ai/llama/description/workload/llama_3_8b/config_4.workload.yaml,/home/gensis2/research/archx/chiplet4ai/llama/description/event/event.yaml,/home/gensis2/research/archx/chiplet4ai/llama/description/metric/metric.yaml,/home/gensis2/research/archx/chiplet4ai/llama/description/runs/llama_3_8b/arch_53/config_4,/home/gensis2/research/archx/chiplet4ai/llama/description/runs/llama_3_8b/arch_53/config_4/checkpoint.json
524,52,/home/gensis2/research/archx/chiplet4ai/llama/description/architecture/config_52.architecture.yaml,llama_3_8b,4,/home/gensis2/research/archx/chiplet4ai/llama/description/workload/llama_3_8b/config_4.workload.yaml,/home/gensis2/research/archx/chiplet4ai/llama/description/event/event.yaml,/home/gensis2/research/archx/chiplet4ai/llama/description/metric/metric.yaml,/home/gensis2/research/archx/chiplet4ai/llama/description/runs/llama_3_8b/arch_52/config_4,/home/gensis2/research/archx/chiplet4ai/llama/description/runs/llama_3_8b/arch_52/config_4/checkpoint.json
525,51,/home/gensis2/research/archx/chiplet4ai/llama/description/architecture/config_51.architecture.yaml,llama_3_8b,4,/home/gensis2/research/archx/chiplet4ai/llama/description/workload/llama_3_8b/config_4.workload.yaml,/home/gensis2/research/archx/chiplet4ai/llama/description/event/event.yaml,/home/gensis2/research/archx/chiplet4ai/llama/description/metric/metric.yaml,/home/gensis2/research/archx/chiplet4ai/llama/description/runs/llama_3_8b/arch_51/config_4,/home/gensis2/research/archx/chiplet4ai/llama/description/runs/llama_3_8b/arch_51/config_4/checkpoint.json
526,50,/home/gensis2/research/archx/chiplet4ai/llama/description/architecture/config_50.architecture.yaml,llama_3_8b,4,/home/gensis2/research/archx/chiplet4ai/llama/description/workload/llama_3_8b/config_4.workload.yaml,/home/gensis2/research/archx/chiplet4ai/llama/description/event/event.yaml,/home/gensis2/research/archx/chiplet4ai/llama/description/metric/metric.yaml,/home/gensis2/research/archx/chiplet4ai/llama/description/runs/llama_3_8b/arch_50/config_4,/home/gensis2/research/archx/chiplet4ai/llama/description/runs/llama_3_8b/arch_50/config_4/checkpoint.json
527,49,/home/gensis2/research/archx/chiplet4ai/llama/description/architecture/config_49.architecture.yaml,llama_3_8b,4,/home/gensis2/research/archx/chiplet4ai/llama/description/workload/llama_3_8b/config_4.workload.yaml,/home/gensis2/research/archx/chiplet4ai/llama/description/event/event.yaml,/home/gensis2/research/archx/chiplet4ai/llama/description/metric/metric.yaml,/home/gensis2/research/archx/chiplet4ai/llama/description/runs/llama_3_8b/arch_49/config_4,/home/gensis2/research/archx/chiplet4ai/llama/description/runs/llama_3_8b/arch_49/config_4/checkpoint.json
528,48,/home/gensis2/research/archx/chiplet4ai/llama/description/architecture/config_48.architecture.yaml,llama_3_8b,4,/home/gensis2/research/archx/chiplet4ai/llama/description/workload/llama_3_8b/config_4.workload.yaml,/home/gensis2/research/archx/chiplet4ai/llama/description/event/event.yaml,/home/gensis2/research/archx/chiplet4ai/llama/description/metric/metric.yaml,/home/gensis2/research/archx/chiplet4ai/llama/description/runs/llama_3_8b/arch_48/config_4,/home/gensis2/research/archx/chiplet4ai/llama/description/runs/llama_3_8b/arch_48/config_4/checkpoint.json
529,47,/home/gensis2/research/archx/chiplet4ai/llama/description/architecture/config_47.architecture.yaml,llama_3_8b,4,/home/gensis2/research/archx/chiplet4ai/llama/description/workload/llama_3_8b/config_4.workload.yaml,/home/gensis2/research/archx/chiplet4ai/llama/description/event/event.yaml,/home/gensis2/research/archx/chiplet4ai/llama/description/metric/metric.yaml,/home/gensis2/research/archx/chiplet4ai/llama/description/runs/llama_3_8b/arch_47/config_4,/home/gensis2/research/archx/chiplet4ai/llama/description/runs/llama_3_8b/arch_47/config_4/checkpoint.json
530,46,/home/gensis2/research/archx/chiplet4ai/llama/description/architecture/config_46.architecture.yaml,llama_3_8b,4,/home/gensis2/research/archx/chiplet4ai/llama/description/workload/llama_3_8b/config_4.workload.yaml,/home/gensis2/research/archx/chiplet4ai/llama/description/event/event.yaml,/home/gensis2/research/archx/chiplet4ai/llama/description/metric/metric.yaml,/home/gensis2/research/archx/chiplet4ai/llama/description/runs/llama_3_8b/arch_46/config_4,/home/gensis2/research/archx/chiplet4ai/llama/description/runs/llama_3_8b/arch_46/config_4/checkpoint.json
531,45,/home/gensis2/research/archx/chiplet4ai/llama/description/architecture/config_45.architecture.yaml,llama_3_8b,4,/home/gensis2/research/archx/chiplet4ai/llama/description/workload/llama_3_8b/config_4.workload.yaml,/home/gensis2/research/archx/chiplet4ai/llama/description/event/event.yaml,/home/gensis2/research/archx/chiplet4ai/llama/description/metric/metric.yaml,/home/gensis2/research/archx/chiplet4ai/llama/description/runs/llama_3_8b/arch_45/config_4,/home/gensis2/research/archx/chiplet4ai/llama/description/runs/llama_3_8b/arch_45/config_4/checkpoint.json
532,44,/home/gensis2/research/archx/chiplet4ai/llama/description/architecture/config_44.architecture.yaml,llama_3_8b,4,/home/gensis2/research/archx/chiplet4ai/llama/description/workload/llama_3_8b/config_4.workload.yaml,/home/gensis2/research/archx/chiplet4ai/llama/description/event/event.yaml,/home/gensis2/research/archx/chiplet4ai/llama/description/metric/metric.yaml,/home/gensis2/research/archx/chiplet4ai/llama/description/runs/llama_3_8b/arch_44/config_4,/home/gensis2/research/archx/chiplet4ai/llama/description/runs/llama_3_8b/arch_44/config_4/checkpoint.json
533,43,/home/gensis2/research/archx/chiplet4ai/llama/description/architecture/config_43.architecture.yaml,llama_3_8b,4,/home/gensis2/research/archx/chiplet4ai/llama/description/workload/llama_3_8b/config_4.workload.yaml,/home/gensis2/research/archx/chiplet4ai/llama/description/event/event.yaml,/home/gensis2/research/archx/chiplet4ai/llama/description/metric/metric.yaml,/home/gensis2/research/archx/chiplet4ai/llama/description/runs/llama_3_8b/arch_43/config_4,/home/gensis2/research/archx/chiplet4ai/llama/description/runs/llama_3_8b/arch_43/config_4/checkpoint.json
534,42,/home/gensis2/research/archx/chiplet4ai/llama/description/architecture/config_42.architecture.yaml,llama_3_8b,4,/home/gensis2/research/archx/chiplet4ai/llama/description/workload/llama_3_8b/config_4.workload.yaml,/home/gensis2/research/archx/chiplet4ai/llama/description/event/event.yaml,/home/gensis2/research/archx/chiplet4ai/llama/description/metric/metric.yaml,/home/gensis2/research/archx/chiplet4ai/llama/description/runs/llama_3_8b/arch_42/config_4,/home/gensis2/research/archx/chiplet4ai/llama/description/runs/llama_3_8b/arch_42/config_4/checkpoint.json
535,41,/home/gensis2/research/archx/chiplet4ai/llama/description/architecture/config_41.architecture.yaml,llama_3_8b,4,/home/gensis2/research/archx/chiplet4ai/llama/description/workload/llama_3_8b/config_4.workload.yaml,/home/gensis2/research/archx/chiplet4ai/llama/description/event/event.yaml,/home/gensis2/research/archx/chiplet4ai/llama/description/metric/metric.yaml,/home/gensis2/research/archx/chiplet4ai/llama/description/runs/llama_3_8b/arch_41/config_4,/home/gensis2/research/archx/chiplet4ai/llama/description/runs/llama_3_8b/arch_41/config_4/checkpoint.json
536,40,/home/gensis2/research/archx/chiplet4ai/llama/description/architecture/config_40.architecture.yaml,llama_3_8b,4,/home/gensis2/research/archx/chiplet4ai/llama/description/workload/llama_3_8b/config_4.workload.yaml,/home/gensis2/research/archx/chiplet4ai/llama/description/event/event.yaml,/home/gensis2/research/archx/chiplet4ai/llama/description/metric/metric.yaml,/home/gensis2/research/archx/chiplet4ai/llama/description/runs/llama_3_8b/arch_40/config_4,/home/gensis2/research/archx/chiplet4ai/llama/description/runs/llama_3_8b/arch_40/config_4/checkpoint.json
537,39,/home/gensis2/research/archx/chiplet4ai/llama/description/architecture/config_39.architecture.yaml,llama_3_8b,4,/home/gensis2/research/archx/chiplet4ai/llama/description/workload/llama_3_8b/config_4.workload.yaml,/home/gensis2/research/archx/chiplet4ai/llama/description/event/event.yaml,/home/gensis2/research/archx/chiplet4ai/llama/description/metric/metric.yaml,/home/gensis2/research/archx/chiplet4ai/llama/description/runs/llama_3_8b/arch_39/config_4,/home/gensis2/research/archx/chiplet4ai/llama/description/runs/llama_3_8b/arch_39/config_4/checkpoint.json
538,38,/home/gensis2/research/archx/chiplet4ai/llama/description/architecture/config_38.architecture.yaml,llama_3_8b,4,/home/gensis2/research/archx/chiplet4ai/llama/description/workload/llama_3_8b/config_4.workload.yaml,/home/gensis2/research/archx/chiplet4ai/llama/description/event/event.yaml,/home/gensis2/research/archx/chiplet4ai/llama/description/metric/metric.yaml,/home/gensis2/research/archx/chiplet4ai/llama/description/runs/llama_3_8b/arch_38/config_4,/home/gensis2/research/archx/chiplet4ai/llama/description/runs/llama_3_8b/arch_38/config_4/checkpoint.json
539,37,/home/gensis2/research/archx/chiplet4ai/llama/description/architecture/config_37.architecture.yaml,llama_3_8b,4,/home/gensis2/research/archx/chiplet4ai/llama/description/workload/llama_3_8b/config_4.workload.yaml,/home/gensis2/research/archx/chiplet4ai/llama/description/event/event.yaml,/home/gensis2/research/archx/chiplet4ai/llama/description/metric/metric.yaml,/home/gensis2/research/archx/chiplet4ai/llama/description/runs/llama_3_8b/arch_37/config_4,/home/gensis2/research/archx/chiplet4ai/llama/description/runs/llama_3_8b/arch_37/config_4/checkpoint.json
540,36,/home/gensis2/research/archx/chiplet4ai/llama/description/architecture/config_36.architecture.yaml,llama_3_8b,4,/home/gensis2/research/archx/chiplet4ai/llama/description/workload/llama_3_8b/config_4.workload.yaml,/home/gensis2/research/archx/chiplet4ai/llama/description/event/event.yaml,/home/gensis2/research/archx/chiplet4ai/llama/description/metric/metric.yaml,/home/gensis2/research/archx/chiplet4ai/llama/description/runs/llama_3_8b/arch_36/config_4,/home/gensis2/research/archx/chiplet4ai/llama/description/runs/llama_3_8b/arch_36/config_4/checkpoint.json
541,35,/home/gensis2/research/archx/chiplet4ai/llama/description/architecture/config_35.architecture.yaml,llama_3_8b,4,/home/gensis2/research/archx/chiplet4ai/llama/description/workload/llama_3_8b/config_4.workload.yaml,/home/gensis2/research/archx/chiplet4ai/llama/description/event/event.yaml,/home/gensis2/research/archx/chiplet4ai/llama/description/metric/metric.yaml,/home/gensis2/research/archx/chiplet4ai/llama/description/runs/llama_3_8b/arch_35/config_4,/home/gensis2/research/archx/chiplet4ai/llama/description/runs/llama_3_8b/arch_35/config_4/checkpoint.json
542,34,/home/gensis2/research/archx/chiplet4ai/llama/description/architecture/config_34.architecture.yaml,llama_3_8b,4,/home/gensis2/research/archx/chiplet4ai/llama/description/workload/llama_3_8b/config_4.workload.yaml,/home/gensis2/research/archx/chiplet4ai/llama/description/event/event.yaml,/home/gensis2/research/archx/chiplet4ai/llama/description/metric/metric.yaml,/home/gensis2/research/archx/chiplet4ai/llama/description/runs/llama_3_8b/arch_34/config_4,/home/gensis2/research/archx/chiplet4ai/llama/description/runs/llama_3_8b/arch_34/config_4/checkpoint.json
543,33,/home/gensis2/research/archx/chiplet4ai/llama/description/architecture/config_33.architecture.yaml,llama_3_8b,4,/home/gensis2/research/archx/chiplet4ai/llama/description/workload/llama_3_8b/config_4.workload.yaml,/home/gensis2/research/archx/chiplet4ai/llama/description/event/event.yaml,/home/gensis2/research/archx/chiplet4ai/llama/description/metric/metric.yaml,/home/gensis2/research/archx/chiplet4ai/llama/description/runs/llama_3_8b/arch_33/config_4,/home/gensis2/research/archx/chiplet4ai/llama/description/runs/llama_3_8b/arch_33/config_4/checkpoint.json
544,32,/home/gensis2/research/archx/chiplet4ai/llama/description/architecture/config_32.architecture.yaml,llama_3_8b,4,/home/gensis2/research/archx/chiplet4ai/llama/description/workload/llama_3_8b/config_4.workload.yaml,/home/gensis2/research/archx/chiplet4ai/llama/description/event/event.yaml,/home/gensis2/research/archx/chiplet4ai/llama/description/metric/metric.yaml,/home/gensis2/research/archx/chiplet4ai/llama/description/runs/llama_3_8b/arch_32/config_4,/home/gensis2/research/archx/chiplet4ai/llama/description/runs/llama_3_8b/arch_32/config_4/checkpoint.json
545,31,/home/gensis2/research/archx/chiplet4ai/llama/description/architecture/config_31.architecture.yaml,llama_3_8b,4,/home/gensis2/research/archx/chiplet4ai/llama/description/workload/llama_3_8b/config_4.workload.yaml,/home/gensis2/research/archx/chiplet4ai/llama/description/event/event.yaml,/home/gensis2/research/archx/chiplet4ai/llama/description/metric/metric.yaml,/home/gensis2/research/archx/chiplet4ai/llama/description/runs/llama_3_8b/arch_31/config_4,/home/gensis2/research/archx/chiplet4ai/llama/description/runs/llama_3_8b/arch_31/config_4/checkpoint.json
546,30,/home/gensis2/research/archx/chiplet4ai/llama/description/architecture/config_30.architecture.yaml,llama_3_8b,4,/home/gensis2/research/archx/chiplet4ai/llama/description/workload/llama_3_8b/config_4.workload.yaml,/home/gensis2/research/archx/chiplet4ai/llama/description/event/event.yaml,/home/gensis2/research/archx/chiplet4ai/llama/description/metric/metric.yaml,/home/gensis2/research/archx/chiplet4ai/llama/description/runs/llama_3_8b/arch_30/config_4,/home/gensis2/research/archx/chiplet4ai/llama/description/runs/llama_3_8b/arch_30/config_4/checkpoint.json
547,29,/home/gensis2/research/archx/chiplet4ai/llama/description/architecture/config_29.architecture.yaml,llama_3_8b,4,/home/gensis2/research/archx/chiplet4ai/llama/description/workload/llama_3_8b/config_4.workload.yaml,/home/gensis2/research/archx/chiplet4ai/llama/description/event/event.yaml,/home/gensis2/research/archx/chiplet4ai/llama/description/metric/metric.yaml,/home/gensis2/research/archx/chiplet4ai/llama/description/runs/llama_3_8b/arch_29/config_4,/home/gensis2/research/archx/chiplet4ai/llama/description/runs/llama_3_8b/arch_29/config_4/checkpoint.json
548,28,/home/gensis2/research/archx/chiplet4ai/llama/description/architecture/config_28.architecture.yaml,llama_3_8b,4,/home/gensis2/research/archx/chiplet4ai/llama/description/workload/llama_3_8b/config_4.workload.yaml,/home/gensis2/research/archx/chiplet4ai/llama/description/event/event.yaml,/home/gensis2/research/archx/chiplet4ai/llama/description/metric/metric.yaml,/home/gensis2/research/archx/chiplet4ai/llama/description/runs/llama_3_8b/arch_28/config_4,/home/gensis2/research/archx/chiplet4ai/llama/description/runs/llama_3_8b/arch_28/config_4/checkpoint.json
549,27,/home/gensis2/research/archx/chiplet4ai/llama/description/architecture/config_27.architecture.yaml,llama_3_8b,4,/home/gensis2/research/archx/chiplet4ai/llama/description/workload/llama_3_8b/config_4.workload.yaml,/home/gensis2/research/archx/chiplet4ai/llama/description/event/event.yaml,/home/gensis2/research/archx/chiplet4ai/llama/description/metric/metric.yaml,/home/gensis2/research/archx/chiplet4ai/llama/description/runs/llama_3_8b/arch_27/config_4,/home/gensis2/research/archx/chiplet4ai/llama/description/runs/llama_3_8b/arch_27/config_4/checkpoint.json
550,26,/home/gensis2/research/archx/chiplet4ai/llama/description/architecture/config_26.architecture.yaml,llama_3_8b,4,/home/gensis2/research/archx/chiplet4ai/llama/description/workload/llama_3_8b/config_4.workload.yaml,/home/gensis2/research/archx/chiplet4ai/llama/description/event/event.yaml,/home/gensis2/research/archx/chiplet4ai/llama/description/metric/metric.yaml,/home/gensis2/research/archx/chiplet4ai/llama/description/runs/llama_3_8b/arch_26/config_4,/home/gensis2/research/archx/chiplet4ai/llama/description/runs/llama_3_8b/arch_26/config_4/checkpoint.json
551,25,/home/gensis2/research/archx/chiplet4ai/llama/description/architecture/config_25.architecture.yaml,llama_3_8b,4,/home/gensis2/research/archx/chiplet4ai/llama/description/workload/llama_3_8b/config_4.workload.yaml,/home/gensis2/research/archx/chiplet4ai/llama/description/event/event.yaml,/home/gensis2/research/archx/chiplet4ai/llama/description/metric/metric.yaml,/home/gensis2/research/archx/chiplet4ai/llama/description/runs/llama_3_8b/arch_25/config_4,/home/gensis2/research/archx/chiplet4ai/llama/description/runs/llama_3_8b/arch_25/config_4/checkpoint.json
552,24,/home/gensis2/research/archx/chiplet4ai/llama/description/architecture/config_24.architecture.yaml,llama_3_8b,4,/home/gensis2/research/archx/chiplet4ai/llama/description/workload/llama_3_8b/config_4.workload.yaml,/home/gensis2/research/archx/chiplet4ai/llama/description/event/event.yaml,/home/gensis2/research/archx/chiplet4ai/llama/description/metric/metric.yaml,/home/gensis2/research/archx/chiplet4ai/llama/description/runs/llama_3_8b/arch_24/config_4,/home/gensis2/research/archx/chiplet4ai/llama/description/runs/llama_3_8b/arch_24/config_4/checkpoint.json
553,23,/home/gensis2/research/archx/chiplet4ai/llama/description/architecture/config_23.architecture.yaml,llama_3_8b,4,/home/gensis2/research/archx/chiplet4ai/llama/description/workload/llama_3_8b/config_4.workload.yaml,/home/gensis2/research/archx/chiplet4ai/llama/description/event/event.yaml,/home/gensis2/research/archx/chiplet4ai/llama/description/metric/metric.yaml,/home/gensis2/research/archx/chiplet4ai/llama/description/runs/llama_3_8b/arch_23/config_4,/home/gensis2/research/archx/chiplet4ai/llama/description/runs/llama_3_8b/arch_23/config_4/checkpoint.json
554,22,/home/gensis2/research/archx/chiplet4ai/llama/description/architecture/config_22.architecture.yaml,llama_3_8b,4,/home/gensis2/research/archx/chiplet4ai/llama/description/workload/llama_3_8b/config_4.workload.yaml,/home/gensis2/research/archx/chiplet4ai/llama/description/event/event.yaml,/home/gensis2/research/archx/chiplet4ai/llama/description/metric/metric.yaml,/home/gensis2/research/archx/chiplet4ai/llama/description/runs/llama_3_8b/arch_22/config_4,/home/gensis2/research/archx/chiplet4ai/llama/description/runs/llama_3_8b/arch_22/config_4/checkpoint.json
555,21,/home/gensis2/research/archx/chiplet4ai/llama/description/architecture/config_21.architecture.yaml,llama_3_8b,4,/home/gensis2/research/archx/chiplet4ai/llama/description/workload/llama_3_8b/config_4.workload.yaml,/home/gensis2/research/archx/chiplet4ai/llama/description/event/event.yaml,/home/gensis2/research/archx/chiplet4ai/llama/description/metric/metric.yaml,/home/gensis2/research/archx/chiplet4ai/llama/description/runs/llama_3_8b/arch_21/config_4,/home/gensis2/research/archx/chiplet4ai/llama/description/runs/llama_3_8b/arch_21/config_4/checkpoint.json
556,20,/home/gensis2/research/archx/chiplet4ai/llama/description/architecture/config_20.architecture.yaml,llama_3_8b,4,/home/gensis2/research/archx/chiplet4ai/llama/description/workload/llama_3_8b/config_4.workload.yaml,/home/gensis2/research/archx/chiplet4ai/llama/description/event/event.yaml,/home/gensis2/research/archx/chiplet4ai/llama/description/metric/metric.yaml,/home/gensis2/research/archx/chiplet4ai/llama/description/runs/llama_3_8b/arch_20/config_4,/home/gensis2/research/archx/chiplet4ai/llama/description/runs/llama_3_8b/arch_20/config_4/checkpoint.json
557,19,/home/gensis2/research/archx/chiplet4ai/llama/description/architecture/config_19.architecture.yaml,llama_3_8b,4,/home/gensis2/research/archx/chiplet4ai/llama/description/workload/llama_3_8b/config_4.workload.yaml,/home/gensis2/research/archx/chiplet4ai/llama/description/event/event.yaml,/home/gensis2/research/archx/chiplet4ai/llama/description/metric/metric.yaml,/home/gensis2/research/archx/chiplet4ai/llama/description/runs/llama_3_8b/arch_19/config_4,/home/gensis2/research/archx/chiplet4ai/llama/description/runs/llama_3_8b/arch_19/config_4/checkpoint.json
558,18,/home/gensis2/research/archx/chiplet4ai/llama/description/architecture/config_18.architecture.yaml,llama_3_8b,4,/home/gensis2/research/archx/chiplet4ai/llama/description/workload/llama_3_8b/config_4.workload.yaml,/home/gensis2/research/archx/chiplet4ai/llama/description/event/event.yaml,/home/gensis2/research/archx/chiplet4ai/llama/description/metric/metric.yaml,/home/gensis2/research/archx/chiplet4ai/llama/description/runs/llama_3_8b/arch_18/config_4,/home/gensis2/research/archx/chiplet4ai/llama/description/runs/llama_3_8b/arch_18/config_4/checkpoint.json
559,17,/home/gensis2/research/archx/chiplet4ai/llama/description/architecture/config_17.architecture.yaml,llama_3_8b,4,/home/gensis2/research/archx/chiplet4ai/llama/description/workload/llama_3_8b/config_4.workload.yaml,/home/gensis2/research/archx/chiplet4ai/llama/description/event/event.yaml,/home/gensis2/research/archx/chiplet4ai/llama/description/metric/metric.yaml,/home/gensis2/research/archx/chiplet4ai/llama/description/runs/llama_3_8b/arch_17/config_4,/home/gensis2/research/archx/chiplet4ai/llama/description/runs/llama_3_8b/arch_17/config_4/checkpoint.json
560,16,/home/gensis2/research/archx/chiplet4ai/llama/description/architecture/config_16.architecture.yaml,llama_3_8b,4,/home/gensis2/research/archx/chiplet4ai/llama/description/workload/llama_3_8b/config_4.workload.yaml,/home/gensis2/research/archx/chiplet4ai/llama/description/event/event.yaml,/home/gensis2/research/archx/chiplet4ai/llama/description/metric/metric.yaml,/home/gensis2/research/archx/chiplet4ai/llama/description/runs/llama_3_8b/arch_16/config_4,/home/gensis2/research/archx/chiplet4ai/llama/description/runs/llama_3_8b/arch_16/config_4/checkpoint.json
561,15,/home/gensis2/research/archx/chiplet4ai/llama/description/architecture/config_15.architecture.yaml,llama_3_8b,4,/home/gensis2/research/archx/chiplet4ai/llama/description/workload/llama_3_8b/config_4.workload.yaml,/home/gensis2/research/archx/chiplet4ai/llama/description/event/event.yaml,/home/gensis2/research/archx/chiplet4ai/llama/description/metric/metric.yaml,/home/gensis2/research/archx/chiplet4ai/llama/description/runs/llama_3_8b/arch_15/config_4,/home/gensis2/research/archx/chiplet4ai/llama/description/runs/llama_3_8b/arch_15/config_4/checkpoint.json
562,14,/home/gensis2/research/archx/chiplet4ai/llama/description/architecture/config_14.architecture.yaml,llama_3_8b,4,/home/gensis2/research/archx/chiplet4ai/llama/description/workload/llama_3_8b/config_4.workload.yaml,/home/gensis2/research/archx/chiplet4ai/llama/description/event/event.yaml,/home/gensis2/research/archx/chiplet4ai/llama/description/metric/metric.yaml,/home/gensis2/research/archx/chiplet4ai/llama/description/runs/llama_3_8b/arch_14/config_4,/home/gensis2/research/archx/chiplet4ai/llama/description/runs/llama_3_8b/arch_14/config_4/checkpoint.json
563,13,/home/gensis2/research/archx/chiplet4ai/llama/description/architecture/config_13.architecture.yaml,llama_3_8b,4,/home/gensis2/research/archx/chiplet4ai/llama/description/workload/llama_3_8b/config_4.workload.yaml,/home/gensis2/research/archx/chiplet4ai/llama/description/event/event.yaml,/home/gensis2/research/archx/chiplet4ai/llama/description/metric/metric.yaml,/home/gensis2/research/archx/chiplet4ai/llama/description/runs/llama_3_8b/arch_13/config_4,/home/gensis2/research/archx/chiplet4ai/llama/description/runs/llama_3_8b/arch_13/config_4/checkpoint.json
564,12,/home/gensis2/research/archx/chiplet4ai/llama/description/architecture/config_12.architecture.yaml,llama_3_8b,4,/home/gensis2/research/archx/chiplet4ai/llama/description/workload/llama_3_8b/config_4.workload.yaml,/home/gensis2/research/archx/chiplet4ai/llama/description/event/event.yaml,/home/gensis2/research/archx/chiplet4ai/llama/description/metric/metric.yaml,/home/gensis2/research/archx/chiplet4ai/llama/description/runs/llama_3_8b/arch_12/config_4,/home/gensis2/research/archx/chiplet4ai/llama/description/runs/llama_3_8b/arch_12/config_4/checkpoint.json
565,11,/home/gensis2/research/archx/chiplet4ai/llama/description/architecture/config_11.architecture.yaml,llama_3_8b,4,/home/gensis2/research/archx/chiplet4ai/llama/description/workload/llama_3_8b/config_4.workload.yaml,/home/gensis2/research/archx/chiplet4ai/llama/description/event/event.yaml,/home/gensis2/research/archx/chiplet4ai/llama/description/metric/metric.yaml,/home/gensis2/research/archx/chiplet4ai/llama/description/runs/llama_3_8b/arch_11/config_4,/home/gensis2/research/archx/chiplet4ai/llama/description/runs/llama_3_8b/arch_11/config_4/checkpoint.json
566,10,/home/gensis2/research/archx/chiplet4ai/llama/description/architecture/config_10.architecture.yaml,llama_3_8b,4,/home/gensis2/research/archx/chiplet4ai/llama/description/workload/llama_3_8b/config_4.workload.yaml,/home/gensis2/research/archx/chiplet4ai/llama/description/event/event.yaml,/home/gensis2/research/archx/chiplet4ai/llama/description/metric/metric.yaml,/home/gensis2/research/archx/chiplet4ai/llama/description/runs/llama_3_8b/arch_10/config_4,/home/gensis2/research/archx/chiplet4ai/llama/description/runs/llama_3_8b/arch_10/config_4/checkpoint.json
567,9,/home/gensis2/research/archx/chiplet4ai/llama/description/architecture/config_9.architecture.yaml,llama_3_8b,4,/home/gensis2/research/archx/chiplet4ai/llama/description/workload/llama_3_8b/config_4.workload.yaml,/home/gensis2/research/archx/chiplet4ai/llama/description/event/event.yaml,/home/gensis2/research/archx/chiplet4ai/llama/description/metric/metric.yaml,/home/gensis2/research/archx/chiplet4ai/llama/description/runs/llama_3_8b/arch_9/config_4,/home/gensis2/research/archx/chiplet4ai/llama/description/runs/llama_3_8b/arch_9/config_4/checkpoint.json
568,8,/home/gensis2/research/archx/chiplet4ai/llama/description/architecture/config_8.architecture.yaml,llama_3_8b,4,/home/gensis2/research/archx/chiplet4ai/llama/description/workload/llama_3_8b/config_4.workload.yaml,/home/gensis2/research/archx/chiplet4ai/llama/description/event/event.yaml,/home/gensis2/research/archx/chiplet4ai/llama/description/metric/metric.yaml,/home/gensis2/research/archx/chiplet4ai/llama/description/runs/llama_3_8b/arch_8/config_4,/home/gensis2/research/archx/chiplet4ai/llama/description/runs/llama_3_8b/arch_8/config_4/checkpoint.json
569,7,/home/gensis2/research/archx/chiplet4ai/llama/description/architecture/config_7.architecture.yaml,llama_3_8b,4,/home/gensis2/research/archx/chiplet4ai/llama/description/workload/llama_3_8b/config_4.workload.yaml,/home/gensis2/research/archx/chiplet4ai/llama/description/event/event.yaml,/home/gensis2/research/archx/chiplet4ai/llama/description/metric/metric.yaml,/home/gensis2/research/archx/chiplet4ai/llama/description/runs/llama_3_8b/arch_7/config_4,/home/gensis2/research/archx/chiplet4ai/llama/description/runs/llama_3_8b/arch_7/config_4/checkpoint.json
570,6,/home/gensis2/research/archx/chiplet4ai/llama/description/architecture/config_6.architecture.yaml,llama_3_8b,4,/home/gensis2/research/archx/chiplet4ai/llama/description/workload/llama_3_8b/config_4.workload.yaml,/home/gensis2/research/archx/chiplet4ai/llama/description/event/event.yaml,/home/gensis2/research/archx/chiplet4ai/llama/description/metric/metric.yaml,/home/gensis2/research/archx/chiplet4ai/llama/description/runs/llama_3_8b/arch_6/config_4,/home/gensis2/research/archx/chiplet4ai/llama/description/runs/llama_3_8b/arch_6/config_4/checkpoint.json
571,5,/home/gensis2/research/archx/chiplet4ai/llama/description/architecture/config_5.architecture.yaml,llama_3_8b,4,/home/gensis2/research/archx/chiplet4ai/llama/description/workload/llama_3_8b/config_4.workload.yaml,/home/gensis2/research/archx/chiplet4ai/llama/description/event/event.yaml,/home/gensis2/research/archx/chiplet4ai/llama/description/metric/metric.yaml,/home/gensis2/research/archx/chiplet4ai/llama/description/runs/llama_3_8b/arch_5/config_4,/home/gensis2/research/archx/chiplet4ai/llama/description/runs/llama_3_8b/arch_5/config_4/checkpoint.json
572,4,/home/gensis2/research/archx/chiplet4ai/llama/description/architecture/config_4.architecture.yaml,llama_3_8b,4,/home/gensis2/research/archx/chiplet4ai/llama/description/workload/llama_3_8b/config_4.workload.yaml,/home/gensis2/research/archx/chiplet4ai/llama/description/event/event.yaml,/home/gensis2/research/archx/chiplet4ai/llama/description/metric/metric.yaml,/home/gensis2/research/archx/chiplet4ai/llama/description/runs/llama_3_8b/arch_4/config_4,/home/gensis2/research/archx/chiplet4ai/llama/description/runs/llama_3_8b/arch_4/config_4/checkpoint.json
573,3,/home/gensis2/research/archx/chiplet4ai/llama/description/architecture/config_3.architecture.yaml,llama_3_8b,4,/home/gensis2/research/archx/chiplet4ai/llama/description/workload/llama_3_8b/config_4.workload.yaml,/home/gensis2/research/archx/chiplet4ai/llama/description/event/event.yaml,/home/gensis2/research/archx/chiplet4ai/llama/description/metric/metric.yaml,/home/gensis2/research/archx/chiplet4ai/llama/description/runs/llama_3_8b/arch_3/config_4,/home/gensis2/research/archx/chiplet4ai/llama/description/runs/llama_3_8b/arch_3/config_4/checkpoint.json
574,2,/home/gensis2/research/archx/chiplet4ai/llama/description/architecture/config_2.architecture.yaml,llama_3_8b,4,/home/gensis2/research/archx/chiplet4ai/llama/description/workload/llama_3_8b/config_4.workload.yaml,/home/gensis2/research/archx/chiplet4ai/llama/description/event/event.yaml,/home/gensis2/research/archx/chiplet4ai/llama/description/metric/metric.yaml,/home/gensis2/research/archx/chiplet4ai/llama/description/runs/llama_3_8b/arch_2/config_4,/home/gensis2/research/archx/chiplet4ai/llama/description/runs/llama_3_8b/arch_2/config_4/checkpoint.json
575,1,/home/gensis2/research/archx/chiplet4ai/llama/description/architecture/config_1.architecture.yaml,llama_3_8b,4,/home/gensis2/research/archx/chiplet4ai/llama/description/workload/llama_3_8b/config_4.workload.yaml,/home/gensis2/research/archx/chiplet4ai/llama/description/event/event.yaml,/home/gensis2/research/archx/chiplet4ai/llama/description/metric/metric.yaml,/home/gensis2/research/archx/chiplet4ai/llama/description/runs/llama_3_8b/arch_1/config_4,/home/gensis2/research/archx/chiplet4ai/llama/description/runs/llama_3_8b/arch_1/config_4/checkpoint.json
576,0,/home/gensis2/research/archx/chiplet4ai/llama/description/architecture/config_0.architecture.yaml,llama_3_8b,4,/home/gensis2/research/archx/chiplet4ai/llama/description/workload/llama_3_8b/config_4.workload.yaml,/home/gensis2/research/archx/chiplet4ai/llama/description/event/event.yaml,/home/gensis2/research/archx/chiplet4ai/llama/description/metric/metric.yaml,/home/gensis2/research/archx/chiplet4ai/llama/description/runs/llama_3_8b/arch_0/config_4,/home/gensis2/research/archx/chiplet4ai/llama/description/runs/llama_3_8b/arch_0/config_4/checkpoint.json
577,101,/home/gensis2/research/archx/chiplet4ai/llama/description/architecture/config_101.architecture.yaml,llama_3_8b,4,/home/gensis2/research/archx/chiplet4ai/llama/description/workload/llama_3_8b/config_4.workload.yaml,/home/gensis2/research/archx/chiplet4ai/llama/description/event/event.yaml,/home/gensis2/research/archx/chiplet4ai/llama/description/metric/metric.yaml,/home/gensis2/research/archx/chiplet4ai/llama/description/runs/llama_3_8b/arch_101/config_4,/home/gensis2/research/archx/chiplet4ai/llama/description/runs/llama_3_8b/arch_101/config_4/checkpoint.json
578,102,/home/gensis2/research/archx/chiplet4ai/llama/description/architecture/config_102.architecture.yaml,llama_3_8b,4,/home/gensis2/research/archx/chiplet4ai/llama/description/workload/llama_3_8b/config_4.workload.yaml,/home/gensis2/research/archx/chiplet4ai/llama/description/event/event.yaml,/home/gensis2/research/archx/chiplet4ai/llama/description/metric/metric.yaml,/home/gensis2/research/archx/chiplet4ai/llama/description/runs/llama_3_8b/arch_102/config_4,/home/gensis2/research/archx/chiplet4ai/llama/description/runs/llama_3_8b/arch_102/config_4/checkpoint.json
579,103,/home/gensis2/research/archx/chiplet4ai/llama/description/architecture/config_103.architecture.yaml,llama_3_8b,4,/home/gensis2/research/archx/chiplet4ai/llama/description/workload/llama_3_8b/config_4.workload.yaml,/home/gensis2/research/archx/chiplet4ai/llama/description/event/event.yaml,/home/gensis2/research/archx/chiplet4ai/llama/description/metric/metric.yaml,/home/gensis2/research/archx/chiplet4ai/llama/description/runs/llama_3_8b/arch_103/config_4,/home/gensis2/research/archx/chiplet4ai/llama/description/runs/llama_3_8b/arch_103/config_4/checkpoint.json
580,104,/home/gensis2/research/archx/chiplet4ai/llama/description/architecture/config_104.architecture.yaml,llama_3_8b,4,/home/gensis2/research/archx/chiplet4ai/llama/description/workload/llama_3_8b/config_4.workload.yaml,/home/gensis2/research/archx/chiplet4ai/llama/description/event/event.yaml,/home/gensis2/research/archx/chiplet4ai/llama/description/metric/metric.yaml,/home/gensis2/research/archx/chiplet4ai/llama/description/runs/llama_3_8b/arch_104/config_4,/home/gensis2/research/archx/chiplet4ai/llama/description/runs/llama_3_8b/arch_104/config_4/checkpoint.json
581,105,/home/gensis2/research/archx/chiplet4ai/llama/description/architecture/config_105.architecture.yaml,llama_3_8b,4,/home/gensis2/research/archx/chiplet4ai/llama/description/workload/llama_3_8b/config_4.workload.yaml,/home/gensis2/research/archx/chiplet4ai/llama/description/event/event.yaml,/home/gensis2/research/archx/chiplet4ai/llama/description/metric/metric.yaml,/home/gensis2/research/archx/chiplet4ai/llama/description/runs/llama_3_8b/arch_105/config_4,/home/gensis2/research/archx/chiplet4ai/llama/description/runs/llama_3_8b/arch_105/config_4/checkpoint.json
582,106,/home/gensis2/research/archx/chiplet4ai/llama/description/architecture/config_106.architecture.yaml,llama_3_8b,4,/home/gensis2/research/archx/chiplet4ai/llama/description/workload/llama_3_8b/config_4.workload.yaml,/home/gensis2/research/archx/chiplet4ai/llama/description/event/event.yaml,/home/gensis2/research/archx/chiplet4ai/llama/description/metric/metric.yaml,/home/gensis2/research/archx/chiplet4ai/llama/description/runs/llama_3_8b/arch_106/config_4,/home/gensis2/research/archx/chiplet4ai/llama/description/runs/llama_3_8b/arch_106/config_4/checkpoint.json
583,107,/home/gensis2/research/archx/chiplet4ai/llama/description/architecture/config_107.architecture.yaml,llama_3_8b,4,/home/gensis2/research/archx/chiplet4ai/llama/description/workload/llama_3_8b/config_4.workload.yaml,/home/gensis2/research/archx/chiplet4ai/llama/description/event/event.yaml,/home/gensis2/research/archx/chiplet4ai/llama/description/metric/metric.yaml,/home/gensis2/research/archx/chiplet4ai/llama/description/runs/llama_3_8b/arch_107/config_4,/home/gensis2/research/archx/chiplet4ai/llama/description/runs/llama_3_8b/arch_107/config_4/checkpoint.json
584,108,/home/gensis2/research/archx/chiplet4ai/llama/description/architecture/config_108.architecture.yaml,llama_3_8b,4,/home/gensis2/research/archx/chiplet4ai/llama/description/workload/llama_3_8b/config_4.workload.yaml,/home/gensis2/research/archx/chiplet4ai/llama/description/event/event.yaml,/home/gensis2/research/archx/chiplet4ai/llama/description/metric/metric.yaml,/home/gensis2/research/archx/chiplet4ai/llama/description/runs/llama_3_8b/arch_108/config_4,/home/gensis2/research/archx/chiplet4ai/llama/description/runs/llama_3_8b/arch_108/config_4/checkpoint.json
585,109,/home/gensis2/research/archx/chiplet4ai/llama/description/architecture/config_109.architecture.yaml,llama_3_8b,4,/home/gensis2/research/archx/chiplet4ai/llama/description/workload/llama_3_8b/config_4.workload.yaml,/home/gensis2/research/archx/chiplet4ai/llama/description/event/event.yaml,/home/gensis2/research/archx/chiplet4ai/llama/description/metric/metric.yaml,/home/gensis2/research/archx/chiplet4ai/llama/description/runs/llama_3_8b/arch_109/config_4,/home/gensis2/research/archx/chiplet4ai/llama/description/runs/llama_3_8b/arch_109/config_4/checkpoint.json
586,110,/home/gensis2/research/archx/chiplet4ai/llama/description/architecture/config_110.architecture.yaml,llama_3_8b,4,/home/gensis2/research/archx/chiplet4ai/llama/description/workload/llama_3_8b/config_4.workload.yaml,/home/gensis2/research/archx/chiplet4ai/llama/description/event/event.yaml,/home/gensis2/research/archx/chiplet4ai/llama/description/metric/metric.yaml,/home/gensis2/research/archx/chiplet4ai/llama/description/runs/llama_3_8b/arch_110/config_4,/home/gensis2/research/archx/chiplet4ai/llama/description/runs/llama_3_8b/arch_110/config_4/checkpoint.json
587,111,/home/gensis2/research/archx/chiplet4ai/llama/description/architecture/config_111.architecture.yaml,llama_3_8b,4,/home/gensis2/research/archx/chiplet4ai/llama/description/workload/llama_3_8b/config_4.workload.yaml,/home/gensis2/research/archx/chiplet4ai/llama/description/event/event.yaml,/home/gensis2/research/archx/chiplet4ai/llama/description/metric/metric.yaml,/home/gensis2/research/archx/chiplet4ai/llama/description/runs/llama_3_8b/arch_111/config_4,/home/gensis2/research/archx/chiplet4ai/llama/description/runs/llama_3_8b/arch_111/config_4/checkpoint.json
588,112,/home/gensis2/research/archx/chiplet4ai/llama/description/architecture/config_112.architecture.yaml,llama_3_8b,4,/home/gensis2/research/archx/chiplet4ai/llama/description/workload/llama_3_8b/config_4.workload.yaml,/home/gensis2/research/archx/chiplet4ai/llama/description/event/event.yaml,/home/gensis2/research/archx/chiplet4ai/llama/description/metric/metric.yaml,/home/gensis2/research/archx/chiplet4ai/llama/description/runs/llama_3_8b/arch_112/config_4,/home/gensis2/research/archx/chiplet4ai/llama/description/runs/llama_3_8b/arch_112/config_4/checkpoint.json
589,113,/home/gensis2/research/archx/chiplet4ai/llama/description/architecture/config_113.architecture.yaml,llama_3_8b,4,/home/gensis2/research/archx/chiplet4ai/llama/description/workload/llama_3_8b/config_4.workload.yaml,/home/gensis2/research/archx/chiplet4ai/llama/description/event/event.yaml,/home/gensis2/research/archx/chiplet4ai/llama/description/metric/metric.yaml,/home/gensis2/research/archx/chiplet4ai/llama/description/runs/llama_3_8b/arch_113/config_4,/home/gensis2/research/archx/chiplet4ai/llama/description/runs/llama_3_8b/arch_113/config_4/checkpoint.json
590,114,/home/gensis2/research/archx/chiplet4ai/llama/description/architecture/config_114.architecture.yaml,llama_3_8b,4,/home/gensis2/research/archx/chiplet4ai/llama/description/workload/llama_3_8b/config_4.workload.yaml,/home/gensis2/research/archx/chiplet4ai/llama/description/event/event.yaml,/home/gensis2/research/archx/chiplet4ai/llama/description/metric/metric.yaml,/home/gensis2/research/archx/chiplet4ai/llama/description/runs/llama_3_8b/arch_114/config_4,/home/gensis2/research/archx/chiplet4ai/llama/description/runs/llama_3_8b/arch_114/config_4/checkpoint.json
591,115,/home/gensis2/research/archx/chiplet4ai/llama/description/architecture/config_115.architecture.yaml,llama_3_8b,4,/home/gensis2/research/archx/chiplet4ai/llama/description/workload/llama_3_8b/config_4.workload.yaml,/home/gensis2/research/archx/chiplet4ai/llama/description/event/event.yaml,/home/gensis2/research/archx/chiplet4ai/llama/description/metric/metric.yaml,/home/gensis2/research/archx/chiplet4ai/llama/description/runs/llama_3_8b/arch_115/config_4,/home/gensis2/research/archx/chiplet4ai/llama/description/runs/llama_3_8b/arch_115/config_4/checkpoint.json
592,116,/home/gensis2/research/archx/chiplet4ai/llama/description/architecture/config_116.architecture.yaml,llama_3_8b,4,/home/gensis2/research/archx/chiplet4ai/llama/description/workload/llama_3_8b/config_4.workload.yaml,/home/gensis2/research/archx/chiplet4ai/llama/description/event/event.yaml,/home/gensis2/research/archx/chiplet4ai/llama/description/metric/metric.yaml,/home/gensis2/research/archx/chiplet4ai/llama/description/runs/llama_3_8b/arch_116/config_4,/home/gensis2/research/archx/chiplet4ai/llama/description/runs/llama_3_8b/arch_116/config_4/checkpoint.json
593,117,/home/gensis2/research/archx/chiplet4ai/llama/description/architecture/config_117.architecture.yaml,llama_3_8b,4,/home/gensis2/research/archx/chiplet4ai/llama/description/workload/llama_3_8b/config_4.workload.yaml,/home/gensis2/research/archx/chiplet4ai/llama/description/event/event.yaml,/home/gensis2/research/archx/chiplet4ai/llama/description/metric/metric.yaml,/home/gensis2/research/archx/chiplet4ai/llama/description/runs/llama_3_8b/arch_117/config_4,/home/gensis2/research/archx/chiplet4ai/llama/description/runs/llama_3_8b/arch_117/config_4/checkpoint.json
594,118,/home/gensis2/research/archx/chiplet4ai/llama/description/architecture/config_118.architecture.yaml,llama_3_8b,4,/home/gensis2/research/archx/chiplet4ai/llama/description/workload/llama_3_8b/config_4.workload.yaml,/home/gensis2/research/archx/chiplet4ai/llama/description/event/event.yaml,/home/gensis2/research/archx/chiplet4ai/llama/description/metric/metric.yaml,/home/gensis2/research/archx/chiplet4ai/llama/description/runs/llama_3_8b/arch_118/config_4,/home/gensis2/research/archx/chiplet4ai/llama/description/runs/llama_3_8b/arch_118/config_4/checkpoint.json
595,73,/home/gensis2/research/archx/chiplet4ai/llama/description/architecture/config_73.architecture.yaml,llama_3_8b,5,/home/gensis2/research/archx/chiplet4ai/llama/description/workload/llama_3_8b/config_5.workload.yaml,/home/gensis2/research/archx/chiplet4ai/llama/description/event/event.yaml,/home/gensis2/research/archx/chiplet4ai/llama/description/metric/metric.yaml,/home/gensis2/research/archx/chiplet4ai/llama/description/runs/llama_3_8b/arch_73/config_5,/home/gensis2/research/archx/chiplet4ai/llama/description/runs/llama_3_8b/arch_73/config_5/checkpoint.json
596,73,/home/gensis2/research/archx/chiplet4ai/llama/description/architecture/config_73.architecture.yaml,llama_3_8b,6,/home/gensis2/research/archx/chiplet4ai/llama/description/workload/llama_3_8b/config_6.workload.yaml,/home/gensis2/research/archx/chiplet4ai/llama/description/event/event.yaml,/home/gensis2/research/archx/chiplet4ai/llama/description/metric/metric.yaml,/home/gensis2/research/archx/chiplet4ai/llama/description/runs/llama_3_8b/arch_73/config_6,/home/gensis2/research/archx/chiplet4ai/llama/description/runs/llama_3_8b/arch_73/config_6/checkpoint.json
597,8,/home/gensis2/research/archx/chiplet4ai/llama/description/architecture/config_8.architecture.yaml,llama_3_8b,5,/home/gensis2/research/archx/chiplet4ai/llama/description/workload/llama_3_8b/config_5.workload.yaml,/home/gensis2/research/archx/chiplet4ai/llama/description/event/event.yaml,/home/gensis2/research/archx/chiplet4ai/llama/description/metric/metric.yaml,/home/gensis2/research/archx/chiplet4ai/llama/description/runs/llama_3_8b/arch_8/config_5,/home/gensis2/research/archx/chiplet4ai/llama/description/runs/llama_3_8b/arch_8/config_5/checkpoint.json
598,8,/home/gensis2/research/archx/chiplet4ai/llama/description/architecture/config_8.architecture.yaml,llama_3_8b,6,/home/gensis2/research/archx/chiplet4ai/llama/description/workload/llama_3_8b/config_6.workload.yaml,/home/gensis2/research/archx/chiplet4ai/llama/description/event/event.yaml,/home/gensis2/research/archx/chiplet4ai/llama/description/metric/metric.yaml,/home/gensis2/research/archx/chiplet4ai/llama/description/runs/llama_3_8b/arch_8/config_6,/home/gensis2/research/archx/chiplet4ai/llama/description/runs/llama_3_8b/arch_8/config_6/checkpoint.json
599,68,/home/gensis2/research/archx/chiplet4ai/llama/description/architecture/config_68.architecture.yaml,llama_3_8b,5,/home/gensis2/research/archx/chiplet4ai/llama/description/workload/llama_3_8b/config_5.workload.yaml,/home/gensis2/research/archx/chiplet4ai/llama/description/event/event.yaml,/home/gensis2/research/archx/chiplet4ai/llama/description/metric/metric.yaml,/home/gensis2/research/archx/chiplet4ai/llama/description/runs/llama_3_8b/arch_68/config_5,/home/gensis2/research/archx/chiplet4ai/llama/description/runs/llama_3_8b/arch_68/config_5/checkpoint.json
600,68,/home/gensis2/research/archx/chiplet4ai/llama/description/architecture/config_68.architecture.yaml,llama_3_8b,6,/home/gensis2/research/archx/chiplet4ai/llama/description/workload/llama_3_8b/config_6.workload.yaml,/home/gensis2/research/archx/chiplet4ai/llama/description/event/event.yaml,/home/gensis2/research/archx/chiplet4ai/llama/description/metric/metric.yaml,/home/gensis2/research/archx/chiplet4ai/llama/description/runs/llama_3_8b/arch_68/config_6,/home/gensis2/research/archx/chiplet4ai/llama/description/runs/llama_3_8b/arch_68/config_6/checkpoint.json
601,53,/home/gensis2/research/archx/chiplet4ai/llama/description/architecture/config_53.architecture.yaml,llama_3_8b,5,/home/gensis2/research/archx/chiplet4ai/llama/description/workload/llama_3_8b/config_5.workload.yaml,/home/gensis2/research/archx/chiplet4ai/llama/description/event/event.yaml,/home/gensis2/research/archx/chiplet4ai/llama/description/metric/metric.yaml,/home/gensis2/research/archx/chiplet4ai/llama/description/runs/llama_3_8b/arch_53/config_5,/home/gensis2/research/archx/chiplet4ai/llama/description/runs/llama_3_8b/arch_53/config_5/checkpoint.json
602,53,/home/gensis2/research/archx/chiplet4ai/llama/description/architecture/config_53.architecture.yaml,llama_3_8b,6,/home/gensis2/research/archx/chiplet4ai/llama/description/workload/llama_3_8b/config_6.workload.yaml,/home/gensis2/research/archx/chiplet4ai/llama/description/event/event.yaml,/home/gensis2/research/archx/chiplet4ai/llama/description/metric/metric.yaml,/home/gensis2/research/archx/chiplet4ai/llama/description/runs/llama_3_8b/arch_53/config_6,/home/gensis2/research/archx/chiplet4ai/llama/description/runs/llama_3_8b/arch_53/config_6/checkpoint.json
603,48,/home/gensis2/research/archx/chiplet4ai/llama/description/architecture/config_48.architecture.yaml,llama_3_8b,5,/home/gensis2/research/archx/chiplet4ai/llama/description/workload/llama_3_8b/config_5.workload.yaml,/home/gensis2/research/archx/chiplet4ai/llama/description/event/event.yaml,/home/gensis2/research/archx/chiplet4ai/llama/description/metric/metric.yaml,/home/gensis2/research/archx/chiplet4ai/llama/description/runs/llama_3_8b/arch_48/config_5,/home/gensis2/research/archx/chiplet4ai/llama/description/runs/llama_3_8b/arch_48/config_5/checkpoint.json
604,48,/home/gensis2/research/archx/chiplet4ai/llama/description/architecture/config_48.architecture.yaml,llama_3_8b,6,/home/gensis2/research/archx/chiplet4ai/llama/description/workload/llama_3_8b/config_6.workload.yaml,/home/gensis2/research/archx/chiplet4ai/llama/description/event/event.yaml,/home/gensis2/research/archx/chiplet4ai/llama/description/metric/metric.yaml,/home/gensis2/research/archx/chiplet4ai/llama/description/runs/llama_3_8b/arch_48/config_6,/home/gensis2/research/archx/chiplet4ai/llama/description/runs/llama_3_8b/arch_48/config_6/checkpoint.json
605,33,/home/gensis2/research/archx/chiplet4ai/llama/description/architecture/config_33.architecture.yaml,llama_3_8b,5,/home/gensis2/research/archx/chiplet4ai/llama/description/workload/llama_3_8b/config_5.workload.yaml,/home/gensis2/research/archx/chiplet4ai/llama/description/event/event.yaml,/home/gensis2/research/archx/chiplet4ai/llama/description/metric/metric.yaml,/home/gensis2/research/archx/chiplet4ai/llama/description/runs/llama_3_8b/arch_33/config_5,/home/gensis2/research/archx/chiplet4ai/llama/description/runs/llama_3_8b/arch_33/config_5/checkpoint.json
606,33,/home/gensis2/research/archx/chiplet4ai/llama/description/architecture/config_33.architecture.yaml,llama_3_8b,6,/home/gensis2/research/archx/chiplet4ai/llama/description/workload/llama_3_8b/config_6.workload.yaml,/home/gensis2/research/archx/chiplet4ai/llama/description/event/event.yaml,/home/gensis2/research/archx/chiplet4ai/llama/description/metric/metric.yaml,/home/gensis2/research/archx/chiplet4ai/llama/description/runs/llama_3_8b/arch_33/config_6,/home/gensis2/research/archx/chiplet4ai/llama/description/runs/llama_3_8b/arch_33/config_6/checkpoint.json
607,28,/home/gensis2/research/archx/chiplet4ai/llama/description/architecture/config_28.architecture.yaml,llama_3_8b,5,/home/gensis2/research/archx/chiplet4ai/llama/description/workload/llama_3_8b/config_5.workload.yaml,/home/gensis2/research/archx/chiplet4ai/llama/description/event/event.yaml,/home/gensis2/research/archx/chiplet4ai/llama/description/metric/metric.yaml,/home/gensis2/research/archx/chiplet4ai/llama/description/runs/llama_3_8b/arch_28/config_5,/home/gensis2/research/archx/chiplet4ai/llama/description/runs/llama_3_8b/arch_28/config_5/checkpoint.json
608,28,/home/gensis2/research/archx/chiplet4ai/llama/description/architecture/config_28.architecture.yaml,llama_3_8b,6,/home/gensis2/research/archx/chiplet4ai/llama/description/workload/llama_3_8b/config_6.workload.yaml,/home/gensis2/research/archx/chiplet4ai/llama/description/event/event.yaml,/home/gensis2/research/archx/chiplet4ai/llama/description/metric/metric.yaml,/home/gensis2/research/archx/chiplet4ai/llama/description/runs/llama_3_8b/arch_28/config_6,/home/gensis2/research/archx/chiplet4ai/llama/description/runs/llama_3_8b/arch_28/config_6/checkpoint.json
609,13,/home/gensis2/research/archx/chiplet4ai/llama/description/architecture/config_13.architecture.yaml,llama_3_8b,5,/home/gensis2/research/archx/chiplet4ai/llama/description/workload/llama_3_8b/config_5.workload.yaml,/home/gensis2/research/archx/chiplet4ai/llama/description/event/event.yaml,/home/gensis2/research/archx/chiplet4ai/llama/description/metric/metric.yaml,/home/gensis2/research/archx/chiplet4ai/llama/description/runs/llama_3_8b/arch_13/config_5,/home/gensis2/research/archx/chiplet4ai/llama/description/runs/llama_3_8b/arch_13/config_5/checkpoint.json
610,13,/home/gensis2/research/archx/chiplet4ai/llama/description/architecture/config_13.architecture.yaml,llama_3_8b,6,/home/gensis2/research/archx/chiplet4ai/llama/description/workload/llama_3_8b/config_6.workload.yaml,/home/gensis2/research/archx/chiplet4ai/llama/description/event/event.yaml,/home/gensis2/research/archx/chiplet4ai/llama/description/metric/metric.yaml,/home/gensis2/research/archx/chiplet4ai/llama/description/runs/llama_3_8b/arch_13/config_6,/home/gensis2/research/archx/chiplet4ai/llama/description/runs/llama_3_8b/arch_13/config_6/checkpoint.json
611,12,/home/gensis2/research/archx/chiplet4ai/llama/description/architecture/config_12.architecture.yaml,llama_3_8b,5,/home/gensis2/research/archx/chiplet4ai/llama/description/workload/llama_3_8b/config_5.workload.yaml,/home/gensis2/research/archx/chiplet4ai/llama/description/event/event.yaml,/home/gensis2/research/archx/chiplet4ai/llama/description/metric/metric.yaml,/home/gensis2/research/archx/chiplet4ai/llama/description/runs/llama_3_8b/arch_12/config_5,/home/gensis2/research/archx/chiplet4ai/llama/description/runs/llama_3_8b/arch_12/config_5/checkpoint.json
612,12,/home/gensis2/research/archx/chiplet4ai/llama/description/architecture/config_12.architecture.yaml,llama_3_8b,6,/home/gensis2/research/archx/chiplet4ai/llama/description/workload/llama_3_8b/config_6.workload.yaml,/home/gensis2/research/archx/chiplet4ai/llama/description/event/event.yaml,/home/gensis2/research/archx/chiplet4ai/llama/description/metric/metric.yaml,/home/gensis2/research/archx/chiplet4ai/llama/description/runs/llama_3_8b/arch_12/config_6,/home/gensis2/research/archx/chiplet4ai/llama/description/runs/llama_3_8b/arch_12/config_6/checkpoint.json
613,11,/home/gensis2/research/archx/chiplet4ai/llama/description/architecture/config_11.architecture.yaml,llama_3_8b,5,/home/gensis2/research/archx/chiplet4ai/llama/description/workload/llama_3_8b/config_5.workload.yaml,/home/gensis2/research/archx/chiplet4ai/llama/description/event/event.yaml,/home/gensis2/research/archx/chiplet4ai/llama/description/metric/metric.yaml,/home/gensis2/research/archx/chiplet4ai/llama/description/runs/llama_3_8b/arch_11/config_5,/home/gensis2/research/archx/chiplet4ai/llama/description/runs/llama_3_8b/arch_11/config_5/checkpoint.json
614,11,/home/gensis2/research/archx/chiplet4ai/llama/description/architecture/config_11.architecture.yaml,llama_3_8b,6,/home/gensis2/research/archx/chiplet4ai/llama/description/workload/llama_3_8b/config_6.workload.yaml,/home/gensis2/research/archx/chiplet4ai/llama/description/event/event.yaml,/home/gensis2/research/archx/chiplet4ai/llama/description/metric/metric.yaml,/home/gensis2/research/archx/chiplet4ai/llama/description/runs/llama_3_8b/arch_11/config_6,/home/gensis2/research/archx/chiplet4ai/llama/description/runs/llama_3_8b/arch_11/config_6/checkpoint.json
615,10,/home/gensis2/research/archx/chiplet4ai/llama/description/architecture/config_10.architecture.yaml,llama_3_8b,5,/home/gensis2/research/archx/chiplet4ai/llama/description/workload/llama_3_8b/config_5.workload.yaml,/home/gensis2/research/archx/chiplet4ai/llama/description/event/event.yaml,/home/gensis2/research/archx/chiplet4ai/llama/description/metric/metric.yaml,/home/gensis2/research/archx/chiplet4ai/llama/description/runs/llama_3_8b/arch_10/config_5,/home/gensis2/research/archx/chiplet4ai/llama/description/runs/llama_3_8b/arch_10/config_5/checkpoint.json
616,10,/home/gensis2/research/archx/chiplet4ai/llama/description/architecture/config_10.architecture.yaml,llama_3_8b,6,/home/gensis2/research/archx/chiplet4ai/llama/description/workload/llama_3_8b/config_6.workload.yaml,/home/gensis2/research/archx/chiplet4ai/llama/description/event/event.yaml,/home/gensis2/research/archx/chiplet4ai/llama/description/metric/metric.yaml,/home/gensis2/research/archx/chiplet4ai/llama/description/runs/llama_3_8b/arch_10/config_6,/home/gensis2/research/archx/chiplet4ai/llama/description/runs/llama_3_8b/arch_10/config_6/checkpoint.json
617,9,/home/gensis2/research/archx/chiplet4ai/llama/description/architecture/config_9.architecture.yaml,llama_3_8b,5,/home/gensis2/research/archx/chiplet4ai/llama/description/workload/llama_3_8b/config_5.workload.yaml,/home/gensis2/research/archx/chiplet4ai/llama/description/event/event.yaml,/home/gensis2/research/archx/chiplet4ai/llama/description/metric/metric.yaml,/home/gensis2/research/archx/chiplet4ai/llama/description/runs/llama_3_8b/arch_9/config_5,/home/gensis2/research/archx/chiplet4ai/llama/description/runs/llama_3_8b/arch_9/config_5/checkpoint.json
618,9,/home/gensis2/research/archx/chiplet4ai/llama/description/architecture/config_9.architecture.yaml,llama_3_8b,6,/home/gensis2/research/archx/chiplet4ai/llama/description/workload/llama_3_8b/config_6.workload.yaml,/home/gensis2/research/archx/chiplet4ai/llama/description/event/event.yaml,/home/gensis2/research/archx/chiplet4ai/llama/description/metric/metric.yaml,/home/gensis2/research/archx/chiplet4ai/llama/description/runs/llama_3_8b/arch_9/config_6,/home/gensis2/research/archx/chiplet4ai/llama/description/runs/llama_3_8b/arch_9/config_6/checkpoint.json
619,72,/home/gensis2/research/archx/chiplet4ai/llama/description/architecture/config_72.architecture.yaml,llama_3_8b,5,/home/gensis2/research/archx/chiplet4ai/llama/description/workload/llama_3_8b/config_5.workload.yaml,/home/gensis2/research/archx/chiplet4ai/llama/description/event/event.yaml,/home/gensis2/research/archx/chiplet4ai/llama/description/metric/metric.yaml,/home/gensis2/research/archx/chiplet4ai/llama/description/runs/llama_3_8b/arch_72/config_5,/home/gensis2/research/archx/chiplet4ai/llama/description/runs/llama_3_8b/arch_72/config_5/checkpoint.json
620,72,/home/gensis2/research/archx/chiplet4ai/llama/description/architecture/config_72.architecture.yaml,llama_3_8b,6,/home/gensis2/research/archx/chiplet4ai/llama/description/workload/llama_3_8b/config_6.workload.yaml,/home/gensis2/research/archx/chiplet4ai/llama/description/event/event.yaml,/home/gensis2/research/archx/chiplet4ai/llama/description/metric/metric.yaml,/home/gensis2/research/archx/chiplet4ai/llama/description/runs/llama_3_8b/arch_72/config_6,/home/gensis2/research/archx/chiplet4ai/llama/description/runs/llama_3_8b/arch_72/config_6/checkpoint.json
621,71,/home/gensis2/research/archx/chiplet4ai/llama/description/architecture/config_71.architecture.yaml,llama_3_8b,5,/home/gensis2/research/archx/chiplet4ai/llama/description/workload/llama_3_8b/config_5.workload.yaml,/home/gensis2/research/archx/chiplet4ai/llama/description/event/event.yaml,/home/gensis2/research/archx/chiplet4ai/llama/description/metric/metric.yaml,/home/gensis2/research/archx/chiplet4ai/llama/description/runs/llama_3_8b/arch_71/config_5,/home/gensis2/research/archx/chiplet4ai/llama/description/runs/llama_3_8b/arch_71/config_5/checkpoint.json
622,71,/home/gensis2/research/archx/chiplet4ai/llama/description/architecture/config_71.architecture.yaml,llama_3_8b,6,/home/gensis2/research/archx/chiplet4ai/llama/description/workload/llama_3_8b/config_6.workload.yaml,/home/gensis2/research/archx/chiplet4ai/llama/description/event/event.yaml,/home/gensis2/research/archx/chiplet4ai/llama/description/metric/metric.yaml,/home/gensis2/research/archx/chiplet4ai/llama/description/runs/llama_3_8b/arch_71/config_6,/home/gensis2/research/archx/chiplet4ai/llama/description/runs/llama_3_8b/arch_71/config_6/checkpoint.json
623,70,/home/gensis2/research/archx/chiplet4ai/llama/description/architecture/config_70.architecture.yaml,llama_3_8b,5,/home/gensis2/research/archx/chiplet4ai/llama/description/workload/llama_3_8b/config_5.workload.yaml,/home/gensis2/research/archx/chiplet4ai/llama/description/event/event.yaml,/home/gensis2/research/archx/chiplet4ai/llama/description/metric/metric.yaml,/home/gensis2/research/archx/chiplet4ai/llama/description/runs/llama_3_8b/arch_70/config_5,/home/gensis2/research/archx/chiplet4ai/llama/description/runs/llama_3_8b/arch_70/config_5/checkpoint.json
624,70,/home/gensis2/research/archx/chiplet4ai/llama/description/architecture/config_70.architecture.yaml,llama_3_8b,6,/home/gensis2/research/archx/chiplet4ai/llama/description/workload/llama_3_8b/config_6.workload.yaml,/home/gensis2/research/archx/chiplet4ai/llama/description/event/event.yaml,/home/gensis2/research/archx/chiplet4ai/llama/description/metric/metric.yaml,/home/gensis2/research/archx/chiplet4ai/llama/description/runs/llama_3_8b/arch_70/config_6,/home/gensis2/research/archx/chiplet4ai/llama/description/runs/llama_3_8b/arch_70/config_6/checkpoint.json
625,69,/home/gensis2/research/archx/chiplet4ai/llama/description/architecture/config_69.architecture.yaml,llama_3_8b,5,/home/gensis2/research/archx/chiplet4ai/llama/description/workload/llama_3_8b/config_5.workload.yaml,/home/gensis2/research/archx/chiplet4ai/llama/description/event/event.yaml,/home/gensis2/research/archx/chiplet4ai/llama/description/metric/metric.yaml,/home/gensis2/research/archx/chiplet4ai/llama/description/runs/llama_3_8b/arch_69/config_5,/home/gensis2/research/archx/chiplet4ai/llama/description/runs/llama_3_8b/arch_69/config_5/checkpoint.json
626,69,/home/gensis2/research/archx/chiplet4ai/llama/description/architecture/config_69.architecture.yaml,llama_3_8b,6,/home/gensis2/research/archx/chiplet4ai/llama/description/workload/llama_3_8b/config_6.workload.yaml,/home/gensis2/research/archx/chiplet4ai/llama/description/event/event.yaml,/home/gensis2/research/archx/chiplet4ai/llama/description/metric/metric.yaml,/home/gensis2/research/archx/chiplet4ai/llama/description/runs/llama_3_8b/arch_69/config_6,/home/gensis2/research/archx/chiplet4ai/llama/description/runs/llama_3_8b/arch_69/config_6/checkpoint.json
627,52,/home/gensis2/research/archx/chiplet4ai/llama/description/architecture/config_52.architecture.yaml,llama_3_8b,5,/home/gensis2/research/archx/chiplet4ai/llama/description/workload/llama_3_8b/config_5.workload.yaml,/home/gensis2/research/archx/chiplet4ai/llama/description/event/event.yaml,/home/gensis2/research/archx/chiplet4ai/llama/description/metric/metric.yaml,/home/gensis2/research/archx/chiplet4ai/llama/description/runs/llama_3_8b/arch_52/config_5,/home/gensis2/research/archx/chiplet4ai/llama/description/runs/llama_3_8b/arch_52/config_5/checkpoint.json
628,52,/home/gensis2/research/archx/chiplet4ai/llama/description/architecture/config_52.architecture.yaml,llama_3_8b,6,/home/gensis2/research/archx/chiplet4ai/llama/description/workload/llama_3_8b/config_6.workload.yaml,/home/gensis2/research/archx/chiplet4ai/llama/description/event/event.yaml,/home/gensis2/research/archx/chiplet4ai/llama/description/metric/metric.yaml,/home/gensis2/research/archx/chiplet4ai/llama/description/runs/llama_3_8b/arch_52/config_6,/home/gensis2/research/archx/chiplet4ai/llama/description/runs/llama_3_8b/arch_52/config_6/checkpoint.json
629,51,/home/gensis2/research/archx/chiplet4ai/llama/description/architecture/config_51.architecture.yaml,llama_3_8b,5,/home/gensis2/research/archx/chiplet4ai/llama/description/workload/llama_3_8b/config_5.workload.yaml,/home/gensis2/research/archx/chiplet4ai/llama/description/event/event.yaml,/home/gensis2/research/archx/chiplet4ai/llama/description/metric/metric.yaml,/home/gensis2/research/archx/chiplet4ai/llama/description/runs/llama_3_8b/arch_51/config_5,/home/gensis2/research/archx/chiplet4ai/llama/description/runs/llama_3_8b/arch_51/config_5/checkpoint.json
630,51,/home/gensis2/research/archx/chiplet4ai/llama/description/architecture/config_51.architecture.yaml,llama_3_8b,6,/home/gensis2/research/archx/chiplet4ai/llama/description/workload/llama_3_8b/config_6.workload.yaml,/home/gensis2/research/archx/chiplet4ai/llama/description/event/event.yaml,/home/gensis2/research/archx/chiplet4ai/llama/description/metric/metric.yaml,/home/gensis2/research/archx/chiplet4ai/llama/description/runs/llama_3_8b/arch_51/config_6,/home/gensis2/research/archx/chiplet4ai/llama/description/runs/llama_3_8b/arch_51/config_6/checkpoint.json
631,50,/home/gensis2/research/archx/chiplet4ai/llama/description/architecture/config_50.architecture.yaml,llama_3_8b,5,/home/gensis2/research/archx/chiplet4ai/llama/description/workload/llama_3_8b/config_5.workload.yaml,/home/gensis2/research/archx/chiplet4ai/llama/description/event/event.yaml,/home/gensis2/research/archx/chiplet4ai/llama/description/metric/metric.yaml,/home/gensis2/research/archx/chiplet4ai/llama/description/runs/llama_3_8b/arch_50/config_5,/home/gensis2/research/archx/chiplet4ai/llama/description/runs/llama_3_8b/arch_50/config_5/checkpoint.json
632,50,/home/gensis2/research/archx/chiplet4ai/llama/description/architecture/config_50.architecture.yaml,llama_3_8b,6,/home/gensis2/research/archx/chiplet4ai/llama/description/workload/llama_3_8b/config_6.workload.yaml,/home/gensis2/research/archx/chiplet4ai/llama/description/event/event.yaml,/home/gensis2/research/archx/chiplet4ai/llama/description/metric/metric.yaml,/home/gensis2/research/archx/chiplet4ai/llama/description/runs/llama_3_8b/arch_50/config_6,/home/gensis2/research/archx/chiplet4ai/llama/description/runs/llama_3_8b/arch_50/config_6/checkpoint.json
633,49,/home/gensis2/research/archx/chiplet4ai/llama/description/architecture/config_49.architecture.yaml,llama_3_8b,5,/home/gensis2/research/archx/chiplet4ai/llama/description/workload/llama_3_8b/config_5.workload.yaml,/home/gensis2/research/archx/chiplet4ai/llama/description/event/event.yaml,/home/gensis2/research/archx/chiplet4ai/llama/description/metric/metric.yaml,/home/gensis2/research/archx/chiplet4ai/llama/description/runs/llama_3_8b/arch_49/config_5,/home/gensis2/research/archx/chiplet4ai/llama/description/runs/llama_3_8b/arch_49/config_5/checkpoint.json
634,49,/home/gensis2/research/archx/chiplet4ai/llama/description/architecture/config_49.architecture.yaml,llama_3_8b,6,/home/gensis2/research/archx/chiplet4ai/llama/description/workload/llama_3_8b/config_6.workload.yaml,/home/gensis2/research/archx/chiplet4ai/llama/description/event/event.yaml,/home/gensis2/research/archx/chiplet4ai/llama/description/metric/metric.yaml,/home/gensis2/research/archx/chiplet4ai/llama/description/runs/llama_3_8b/arch_49/config_6,/home/gensis2/research/archx/chiplet4ai/llama/description/runs/llama_3_8b/arch_49/config_6/checkpoint.json
635,32,/home/gensis2/research/archx/chiplet4ai/llama/description/architecture/config_32.architecture.yaml,llama_3_8b,5,/home/gensis2/research/archx/chiplet4ai/llama/description/workload/llama_3_8b/config_5.workload.yaml,/home/gensis2/research/archx/chiplet4ai/llama/description/event/event.yaml,/home/gensis2/research/archx/chiplet4ai/llama/description/metric/metric.yaml,/home/gensis2/research/archx/chiplet4ai/llama/description/runs/llama_3_8b/arch_32/config_5,/home/gensis2/research/archx/chiplet4ai/llama/description/runs/llama_3_8b/arch_32/config_5/checkpoint.json
636,32,/home/gensis2/research/archx/chiplet4ai/llama/description/architecture/config_32.architecture.yaml,llama_3_8b,6,/home/gensis2/research/archx/chiplet4ai/llama/description/workload/llama_3_8b/config_6.workload.yaml,/home/gensis2/research/archx/chiplet4ai/llama/description/event/event.yaml,/home/gensis2/research/archx/chiplet4ai/llama/description/metric/metric.yaml,/home/gensis2/research/archx/chiplet4ai/llama/description/runs/llama_3_8b/arch_32/config_6,/home/gensis2/research/archx/chiplet4ai/llama/description/runs/llama_3_8b/arch_32/config_6/checkpoint.json
637,31,/home/gensis2/research/archx/chiplet4ai/llama/description/architecture/config_31.architecture.yaml,llama_3_8b,5,/home/gensis2/research/archx/chiplet4ai/llama/description/workload/llama_3_8b/config_5.workload.yaml,/home/gensis2/research/archx/chiplet4ai/llama/description/event/event.yaml,/home/gensis2/research/archx/chiplet4ai/llama/description/metric/metric.yaml,/home/gensis2/research/archx/chiplet4ai/llama/description/runs/llama_3_8b/arch_31/config_5,/home/gensis2/research/archx/chiplet4ai/llama/description/runs/llama_3_8b/arch_31/config_5/checkpoint.json
638,31,/home/gensis2/research/archx/chiplet4ai/llama/description/architecture/config_31.architecture.yaml,llama_3_8b,6,/home/gensis2/research/archx/chiplet4ai/llama/description/workload/llama_3_8b/config_6.workload.yaml,/home/gensis2/research/archx/chiplet4ai/llama/description/event/event.yaml,/home/gensis2/research/archx/chiplet4ai/llama/description/metric/metric.yaml,/home/gensis2/research/archx/chiplet4ai/llama/description/runs/llama_3_8b/arch_31/config_6,/home/gensis2/research/archx/chiplet4ai/llama/description/runs/llama_3_8b/arch_31/config_6/checkpoint.json
639,30,/home/gensis2/research/archx/chiplet4ai/llama/description/architecture/config_30.architecture.yaml,llama_3_8b,5,/home/gensis2/research/archx/chiplet4ai/llama/description/workload/llama_3_8b/config_5.workload.yaml,/home/gensis2/research/archx/chiplet4ai/llama/description/event/event.yaml,/home/gensis2/research/archx/chiplet4ai/llama/description/metric/metric.yaml,/home/gensis2/research/archx/chiplet4ai/llama/description/runs/llama_3_8b/arch_30/config_5,/home/gensis2/research/archx/chiplet4ai/llama/description/runs/llama_3_8b/arch_30/config_5/checkpoint.json
640,30,/home/gensis2/research/archx/chiplet4ai/llama/description/architecture/config_30.architecture.yaml,llama_3_8b,6,/home/gensis2/research/archx/chiplet4ai/llama/description/workload/llama_3_8b/config_6.workload.yaml,/home/gensis2/research/archx/chiplet4ai/llama/description/event/event.yaml,/home/gensis2/research/archx/chiplet4ai/llama/description/metric/metric.yaml,/home/gensis2/research/archx/chiplet4ai/llama/description/runs/llama_3_8b/arch_30/config_6,/home/gensis2/research/archx/chiplet4ai/llama/description/runs/llama_3_8b/arch_30/config_6/checkpoint.json
641,29,/home/gensis2/research/archx/chiplet4ai/llama/description/architecture/config_29.architecture.yaml,llama_3_8b,5,/home/gensis2/research/archx/chiplet4ai/llama/description/workload/llama_3_8b/config_5.workload.yaml,/home/gensis2/research/archx/chiplet4ai/llama/description/event/event.yaml,/home/gensis2/research/archx/chiplet4ai/llama/description/metric/metric.yaml,/home/gensis2/research/archx/chiplet4ai/llama/description/runs/llama_3_8b/arch_29/config_5,/home/gensis2/research/archx/chiplet4ai/llama/description/runs/llama_3_8b/arch_29/config_5/checkpoint.json
642,29,/home/gensis2/research/archx/chiplet4ai/llama/description/architecture/config_29.architecture.yaml,llama_3_8b,6,/home/gensis2/research/archx/chiplet4ai/llama/description/workload/llama_3_8b/config_6.workload.yaml,/home/gensis2/research/archx/chiplet4ai/llama/description/event/event.yaml,/home/gensis2/research/archx/chiplet4ai/llama/description/metric/metric.yaml,/home/gensis2/research/archx/chiplet4ai/llama/description/runs/llama_3_8b/arch_29/config_6,/home/gensis2/research/archx/chiplet4ai/llama/description/runs/llama_3_8b/arch_29/config_6/checkpoint.json
643,97,/home/gensis2/research/archx/chiplet4ai/llama/description/architecture/config_97.architecture.yaml,llama_3_8b,5,/home/gensis2/research/archx/chiplet4ai/llama/description/workload/llama_3_8b/config_5.workload.yaml,/home/gensis2/research/archx/chiplet4ai/llama/description/event/event.yaml,/home/gensis2/research/archx/chiplet4ai/llama/description/metric/metric.yaml,/home/gensis2/research/archx/chiplet4ai/llama/description/runs/llama_3_8b/arch_97/config_5,/home/gensis2/research/archx/chiplet4ai/llama/description/runs/llama_3_8b/arch_97/config_5/checkpoint.json
644,97,/home/gensis2/research/archx/chiplet4ai/llama/description/architecture/config_97.architecture.yaml,llama_3_8b,6,/home/gensis2/research/archx/chiplet4ai/llama/description/workload/llama_3_8b/config_6.workload.yaml,/home/gensis2/research/archx/chiplet4ai/llama/description/event/event.yaml,/home/gensis2/research/archx/chiplet4ai/llama/description/metric/metric.yaml,/home/gensis2/research/archx/chiplet4ai/llama/description/runs/llama_3_8b/arch_97/config_6,/home/gensis2/research/archx/chiplet4ai/llama/description/runs/llama_3_8b/arch_97/config_6/checkpoint.json
645,98,/home/gensis2/research/archx/chiplet4ai/llama/description/architecture/config_98.architecture.yaml,llama_3_8b,5,/home/gensis2/research/archx/chiplet4ai/llama/description/workload/llama_3_8b/config_5.workload.yaml,/home/gensis2/research/archx/chiplet4ai/llama/description/event/event.yaml,/home/gensis2/research/archx/chiplet4ai/llama/description/metric/metric.yaml,/home/gensis2/research/archx/chiplet4ai/llama/description/runs/llama_3_8b/arch_98/config_5,/home/gensis2/research/archx/chiplet4ai/llama/description/runs/llama_3_8b/arch_98/config_5/checkpoint.json
646,98,/home/gensis2/research/archx/chiplet4ai/llama/description/architecture/config_98.architecture.yaml,llama_3_8b,6,/home/gensis2/research/archx/chiplet4ai/llama/description/workload/llama_3_8b/config_6.workload.yaml,/home/gensis2/research/archx/chiplet4ai/llama/description/event/event.yaml,/home/gensis2/research/archx/chiplet4ai/llama/description/metric/metric.yaml,/home/gensis2/research/archx/chiplet4ai/llama/description/runs/llama_3_8b/arch_98/config_6,/home/gensis2/research/archx/chiplet4ai/llama/description/runs/llama_3_8b/arch_98/config_6/checkpoint.json
647,99,/home/gensis2/research/archx/chiplet4ai/llama/description/architecture/config_99.architecture.yaml,llama_3_8b,5,/home/gensis2/research/archx/chiplet4ai/llama/description/workload/llama_3_8b/config_5.workload.yaml,/home/gensis2/research/archx/chiplet4ai/llama/description/event/event.yaml,/home/gensis2/research/archx/chiplet4ai/llama/description/metric/metric.yaml,/home/gensis2/research/archx/chiplet4ai/llama/description/runs/llama_3_8b/arch_99/config_5,/home/gensis2/research/archx/chiplet4ai/llama/description/runs/llama_3_8b/arch_99/config_5/checkpoint.json
648,99,/home/gensis2/research/archx/chiplet4ai/llama/description/architecture/config_99.architecture.yaml,llama_3_8b,6,/home/gensis2/research/archx/chiplet4ai/llama/description/workload/llama_3_8b/config_6.workload.yaml,/home/gensis2/research/archx/chiplet4ai/llama/description/event/event.yaml,/home/gensis2/research/archx/chiplet4ai/llama/description/metric/metric.yaml,/home/gensis2/research/archx/chiplet4ai/llama/description/runs/llama_3_8b/arch_99/config_6,/home/gensis2/research/archx/chiplet4ai/llama/description/runs/llama_3_8b/arch_99/config_6/checkpoint.json
649,100,/home/gensis2/research/archx/chiplet4ai/llama/description/architecture/config_100.architecture.yaml,llama_3_8b,5,/home/gensis2/research/archx/chiplet4ai/llama/description/workload/llama_3_8b/config_5.workload.yaml,/home/gensis2/research/archx/chiplet4ai/llama/description/event/event.yaml,/home/gensis2/research/archx/chiplet4ai/llama/description/metric/metric.yaml,/home/gensis2/research/archx/chiplet4ai/llama/description/runs/llama_3_8b/arch_100/config_5,/home/gensis2/research/archx/chiplet4ai/llama/description/runs/llama_3_8b/arch_100/config_5/checkpoint.json
650,100,/home/gensis2/research/archx/chiplet4ai/llama/description/architecture/config_100.architecture.yaml,llama_3_8b,6,/home/gensis2/research/archx/chiplet4ai/llama/description/workload/llama_3_8b/config_6.workload.yaml,/home/gensis2/research/archx/chiplet4ai/llama/description/event/event.yaml,/home/gensis2/research/archx/chiplet4ai/llama/description/metric/metric.yaml,/home/gensis2/research/archx/chiplet4ai/llama/description/runs/llama_3_8b/arch_100/config_6,/home/gensis2/research/archx/chiplet4ai/llama/description/runs/llama_3_8b/arch_100/config_6/checkpoint.json
651,95,/home/gensis2/research/archx/chiplet4ai/llama/description/architecture/config_95.architecture.yaml,llama_3_8b,5,/home/gensis2/research/archx/chiplet4ai/llama/description/workload/llama_3_8b/config_5.workload.yaml,/home/gensis2/research/archx/chiplet4ai/llama/description/event/event.yaml,/home/gensis2/research/archx/chiplet4ai/llama/description/metric/metric.yaml,/home/gensis2/research/archx/chiplet4ai/llama/description/runs/llama_3_8b/arch_95/config_5,/home/gensis2/research/archx/chiplet4ai/llama/description/runs/llama_3_8b/arch_95/config_5/checkpoint.json
652,95,/home/gensis2/research/archx/chiplet4ai/llama/description/architecture/config_95.architecture.yaml,llama_3_8b,6,/home/gensis2/research/archx/chiplet4ai/llama/description/workload/llama_3_8b/config_6.workload.yaml,/home/gensis2/research/archx/chiplet4ai/llama/description/event/event.yaml,/home/gensis2/research/archx/chiplet4ai/llama/description/metric/metric.yaml,/home/gensis2/research/archx/chiplet4ai/llama/description/runs/llama_3_8b/arch_95/config_6,/home/gensis2/research/archx/chiplet4ai/llama/description/runs/llama_3_8b/arch_95/config_6/checkpoint.json
653,96,/home/gensis2/research/archx/chiplet4ai/llama/description/architecture/config_96.architecture.yaml,llama_3_8b,5,/home/gensis2/research/archx/chiplet4ai/llama/description/workload/llama_3_8b/config_5.workload.yaml,/home/gensis2/research/archx/chiplet4ai/llama/description/event/event.yaml,/home/gensis2/research/archx/chiplet4ai/llama/description/metric/metric.yaml,/home/gensis2/research/archx/chiplet4ai/llama/description/runs/llama_3_8b/arch_96/config_5,/home/gensis2/research/archx/chiplet4ai/llama/description/runs/llama_3_8b/arch_96/config_5/checkpoint.json
654,96,/home/gensis2/research/archx/chiplet4ai/llama/description/architecture/config_96.architecture.yaml,llama_3_8b,6,/home/gensis2/research/archx/chiplet4ai/llama/description/workload/llama_3_8b/config_6.workload.yaml,/home/gensis2/research/archx/chiplet4ai/llama/description/event/event.yaml,/home/gensis2/research/archx/chiplet4ai/llama/description/metric/metric.yaml,/home/gensis2/research/archx/chiplet4ai/llama/description/runs/llama_3_8b/arch_96/config_6,/home/gensis2/research/archx/chiplet4ai/llama/description/runs/llama_3_8b/arch_96/config_6/checkpoint.json
655,97,/home/gensis2/research/archx/chiplet4ai/llama/description/architecture/config_97.architecture.yaml,llama_3_70b,7,/home/gensis2/research/archx/chiplet4ai/llama/description/workload/llama_3_70b/config_7.workload.yaml,/home/gensis2/research/archx/chiplet4ai/llama/description/event/event.yaml,/home/gensis2/research/archx/chiplet4ai/llama/description/metric/metric.yaml,/home/gensis2/research/archx/chiplet4ai/llama/description/runs/llama_3_70b/arch_97/config_7,/home/gensis2/research/archx/chiplet4ai/llama/description/runs/llama_3_70b/arch_97/config_7/checkpoint.json
656,97,/home/gensis2/research/archx/chiplet4ai/llama/description/architecture/config_97.architecture.yaml,llama_3_70b,8,/home/gensis2/research/archx/chiplet4ai/llama/description/workload/llama_3_70b/config_8.workload.yaml,/home/gensis2/research/archx/chiplet4ai/llama/description/event/event.yaml,/home/gensis2/research/archx/chiplet4ai/llama/description/metric/metric.yaml,/home/gensis2/research/archx/chiplet4ai/llama/description/runs/llama_3_70b/arch_97/config_8,/home/gensis2/research/archx/chiplet4ai/llama/description/runs/llama_3_70b/arch_97/config_8/checkpoint.json
657,97,/home/gensis2/research/archx/chiplet4ai/llama/description/architecture/config_97.architecture.yaml,llama_3_70b,9,/home/gensis2/research/archx/chiplet4ai/llama/description/workload/llama_3_70b/config_9.workload.yaml,/home/gensis2/research/archx/chiplet4ai/llama/description/event/event.yaml,/home/gensis2/research/archx/chiplet4ai/llama/description/metric/metric.yaml,/home/gensis2/research/archx/chiplet4ai/llama/description/runs/llama_3_70b/arch_97/config_9,/home/gensis2/research/archx/chiplet4ai/llama/description/runs/llama_3_70b/arch_97/config_9/checkpoint.json
658,98,/home/gensis2/research/archx/chiplet4ai/llama/description/architecture/config_98.architecture.yaml,llama_3_70b,9,/home/gensis2/research/archx/chiplet4ai/llama/description/workload/llama_3_70b/config_9.workload.yaml,/home/gensis2/research/archx/chiplet4ai/llama/description/event/event.yaml,/home/gensis2/research/archx/chiplet4ai/llama/description/metric/metric.yaml,/home/gensis2/research/archx/chiplet4ai/llama/description/runs/llama_3_70b/arch_98/config_9,/home/gensis2/research/archx/chiplet4ai/llama/description/runs/llama_3_70b/arch_98/config_9/checkpoint.json
659,98,/home/gensis2/research/archx/chiplet4ai/llama/description/architecture/config_98.architecture.yaml,llama_3_70b,8,/home/gensis2/research/archx/chiplet4ai/llama/description/workload/llama_3_70b/config_8.workload.yaml,/home/gensis2/research/archx/chiplet4ai/llama/description/event/event.yaml,/home/gensis2/research/archx/chiplet4ai/llama/description/metric/metric.yaml,/home/gensis2/research/archx/chiplet4ai/llama/description/runs/llama_3_70b/arch_98/config_8,/home/gensis2/research/archx/chiplet4ai/llama/description/runs/llama_3_70b/arch_98/config_8/checkpoint.json
660,98,/home/gensis2/research/archx/chiplet4ai/llama/description/architecture/config_98.architecture.yaml,llama_3_70b,7,/home/gensis2/research/archx/chiplet4ai/llama/description/workload/llama_3_70b/config_7.workload.yaml,/home/gensis2/research/archx/chiplet4ai/llama/description/event/event.yaml,/home/gensis2/research/archx/chiplet4ai/llama/description/metric/metric.yaml,/home/gensis2/research/archx/chiplet4ai/llama/description/runs/llama_3_70b/arch_98/config_7,/home/gensis2/research/archx/chiplet4ai/llama/description/runs/llama_3_70b/arch_98/config_7/checkpoint.json
661,99,/home/gensis2/research/archx/chiplet4ai/llama/description/architecture/config_99.architecture.yaml,llama_3_70b,8,/home/gensis2/research/archx/chiplet4ai/llama/description/workload/llama_3_70b/config_8.workload.yaml,/home/gensis2/research/archx/chiplet4ai/llama/description/event/event.yaml,/home/gensis2/research/archx/chiplet4ai/llama/description/metric/metric.yaml,/home/gensis2/research/archx/chiplet4ai/llama/description/runs/llama_3_70b/arch_99/config_8,/home/gensis2/research/archx/chiplet4ai/llama/description/runs/llama_3_70b/arch_99/config_8/checkpoint.json
662,99,/home/gensis2/research/archx/chiplet4ai/llama/description/architecture/config_99.architecture.yaml,llama_3_70b,9,/home/gensis2/research/archx/chiplet4ai/llama/description/workload/llama_3_70b/config_9.workload.yaml,/home/gensis2/research/archx/chiplet4ai/llama/description/event/event.yaml,/home/gensis2/research/archx/chiplet4ai/llama/description/metric/metric.yaml,/home/gensis2/research/archx/chiplet4ai/llama/description/runs/llama_3_70b/arch_99/config_9,/home/gensis2/research/archx/chiplet4ai/llama/description/runs/llama_3_70b/arch_99/config_9/checkpoint.json
663,99,/home/gensis2/research/archx/chiplet4ai/llama/description/architecture/config_99.architecture.yaml,llama_3_70b,7,/home/gensis2/research/archx/chiplet4ai/llama/description/workload/llama_3_70b/config_7.workload.yaml,/home/gensis2/research/archx/chiplet4ai/llama/description/event/event.yaml,/home/gensis2/research/archx/chiplet4ai/llama/description/metric/metric.yaml,/home/gensis2/research/archx/chiplet4ai/llama/description/runs/llama_3_70b/arch_99/config_7,/home/gensis2/research/archx/chiplet4ai/llama/description/runs/llama_3_70b/arch_99/config_7/checkpoint.json
664,100,/home/gensis2/research/archx/chiplet4ai/llama/description/architecture/config_100.architecture.yaml,llama_3_70b,9,/home/gensis2/research/archx/chiplet4ai/llama/description/workload/llama_3_70b/config_9.workload.yaml,/home/gensis2/research/archx/chiplet4ai/llama/description/event/event.yaml,/home/gensis2/research/archx/chiplet4ai/llama/description/metric/metric.yaml,/home/gensis2/research/archx/chiplet4ai/llama/description/runs/llama_3_70b/arch_100/config_9,/home/gensis2/research/archx/chiplet4ai/llama/description/runs/llama_3_70b/arch_100/config_9/checkpoint.json
665,100,/home/gensis2/research/archx/chiplet4ai/llama/description/architecture/config_100.architecture.yaml,llama_3_70b,8,/home/gensis2/research/archx/chiplet4ai/llama/description/workload/llama_3_70b/config_8.workload.yaml,/home/gensis2/research/archx/chiplet4ai/llama/description/event/event.yaml,/home/gensis2/research/archx/chiplet4ai/llama/description/metric/metric.yaml,/home/gensis2/research/archx/chiplet4ai/llama/description/runs/llama_3_70b/arch_100/config_8,/home/gensis2/research/archx/chiplet4ai/llama/description/runs/llama_3_70b/arch_100/config_8/checkpoint.json
666,100,/home/gensis2/research/archx/chiplet4ai/llama/description/architecture/config_100.architecture.yaml,llama_3_70b,7,/home/gensis2/research/archx/chiplet4ai/llama/description/workload/llama_3_70b/config_7.workload.yaml,/home/gensis2/research/archx/chiplet4ai/llama/description/event/event.yaml,/home/gensis2/research/archx/chiplet4ai/llama/description/metric/metric.yaml,/home/gensis2/research/archx/chiplet4ai/llama/description/runs/llama_3_70b/arch_100/config_7,/home/gensis2/research/archx/chiplet4ai/llama/description/runs/llama_3_70b/arch_100/config_7/checkpoint.json
667,95,/home/gensis2/research/archx/chiplet4ai/llama/description/architecture/config_95.architecture.yaml,llama_3_70b,8,/home/gensis2/research/archx/chiplet4ai/llama/description/workload/llama_3_70b/config_8.workload.yaml,/home/gensis2/research/archx/chiplet4ai/llama/description/event/event.yaml,/home/gensis2/research/archx/chiplet4ai/llama/description/metric/metric.yaml,/home/gensis2/research/archx/chiplet4ai/llama/description/runs/llama_3_70b/arch_95/config_8,/home/gensis2/research/archx/chiplet4ai/llama/description/runs/llama_3_70b/arch_95/config_8/checkpoint.json
668,95,/home/gensis2/research/archx/chiplet4ai/llama/description/architecture/config_95.architecture.yaml,llama_3_70b,9,/home/gensis2/research/archx/chiplet4ai/llama/description/workload/llama_3_70b/config_9.workload.yaml,/home/gensis2/research/archx/chiplet4ai/llama/description/event/event.yaml,/home/gensis2/research/archx/chiplet4ai/llama/description/metric/metric.yaml,/home/gensis2/research/archx/chiplet4ai/llama/description/runs/llama_3_70b/arch_95/config_9,/home/gensis2/research/archx/chiplet4ai/llama/description/runs/llama_3_70b/arch_95/config_9/checkpoint.json
669,95,/home/gensis2/research/archx/chiplet4ai/llama/description/architecture/config_95.architecture.yaml,llama_3_70b,7,/home/gensis2/research/archx/chiplet4ai/llama/description/workload/llama_3_70b/config_7.workload.yaml,/home/gensis2/research/archx/chiplet4ai/llama/description/event/event.yaml,/home/gensis2/research/archx/chiplet4ai/llama/description/metric/metric.yaml,/home/gensis2/research/archx/chiplet4ai/llama/description/runs/llama_3_70b/arch_95/config_7,/home/gensis2/research/archx/chiplet4ai/llama/description/runs/llama_3_70b/arch_95/config_7/checkpoint.json
670,96,/home/gensis2/research/archx/chiplet4ai/llama/description/architecture/config_96.architecture.yaml,llama_3_70b,9,/home/gensis2/research/archx/chiplet4ai/llama/description/workload/llama_3_70b/config_9.workload.yaml,/home/gensis2/research/archx/chiplet4ai/llama/description/event/event.yaml,/home/gensis2/research/archx/chiplet4ai/llama/description/metric/metric.yaml,/home/gensis2/research/archx/chiplet4ai/llama/description/runs/llama_3_70b/arch_96/config_9,/home/gensis2/research/archx/chiplet4ai/llama/description/runs/llama_3_70b/arch_96/config_9/checkpoint.json
671,96,/home/gensis2/research/archx/chiplet4ai/llama/description/architecture/config_96.architecture.yaml,llama_3_70b,8,/home/gensis2/research/archx/chiplet4ai/llama/description/workload/llama_3_70b/config_8.workload.yaml,/home/gensis2/research/archx/chiplet4ai/llama/description/event/event.yaml,/home/gensis2/research/archx/chiplet4ai/llama/description/metric/metric.yaml,/home/gensis2/research/archx/chiplet4ai/llama/description/runs/llama_3_70b/arch_96/config_8,/home/gensis2/research/archx/chiplet4ai/llama/description/runs/llama_3_70b/arch_96/config_8/checkpoint.json
672,96,/home/gensis2/research/archx/chiplet4ai/llama/description/architecture/config_96.architecture.yaml,llama_3_70b,7,/home/gensis2/research/archx/chiplet4ai/llama/description/workload/llama_3_70b/config_7.workload.yaml,/home/gensis2/research/archx/chiplet4ai/llama/description/event/event.yaml,/home/gensis2/research/archx/chiplet4ai/llama/description/metric/metric.yaml,/home/gensis2/research/archx/chiplet4ai/llama/description/runs/llama_3_70b/arch_96/config_7,/home/gensis2/research/archx/chiplet4ai/llama/description/runs/llama_3_70b/arch_96/config_7/checkpoint.json
673,9,/home/gensis2/research/archx/chiplet4ai/llama/description/architecture/config_9.architecture.yaml,llama_3_70b,8,/home/gensis2/research/archx/chiplet4ai/llama/description/workload/llama_3_70b/config_8.workload.yaml,/home/gensis2/research/archx/chiplet4ai/llama/description/event/event.yaml,/home/gensis2/research/archx/chiplet4ai/llama/description/metric/metric.yaml,/home/gensis2/research/archx/chiplet4ai/llama/description/runs/llama_3_70b/arch_9/config_8,/home/gensis2/research/archx/chiplet4ai/llama/description/runs/llama_3_70b/arch_9/config_8/checkpoint.json
674,9,/home/gensis2/research/archx/chiplet4ai/llama/description/architecture/config_9.architecture.yaml,llama_3_70b,9,/home/gensis2/research/archx/chiplet4ai/llama/description/workload/llama_3_70b/config_9.workload.yaml,/home/gensis2/research/archx/chiplet4ai/llama/description/event/event.yaml,/home/gensis2/research/archx/chiplet4ai/llama/description/metric/metric.yaml,/home/gensis2/research/archx/chiplet4ai/llama/description/runs/llama_3_70b/arch_9/config_9,/home/gensis2/research/archx/chiplet4ai/llama/description/runs/llama_3_70b/arch_9/config_9/checkpoint.json
675,9,/home/gensis2/research/archx/chiplet4ai/llama/description/architecture/config_9.architecture.yaml,llama_3_70b,7,/home/gensis2/research/archx/chiplet4ai/llama/description/workload/llama_3_70b/config_7.workload.yaml,/home/gensis2/research/archx/chiplet4ai/llama/description/event/event.yaml,/home/gensis2/research/archx/chiplet4ai/llama/description/metric/metric.yaml,/home/gensis2/research/archx/chiplet4ai/llama/description/runs/llama_3_70b/arch_9/config_7,/home/gensis2/research/archx/chiplet4ai/llama/description/runs/llama_3_70b/arch_9/config_7/checkpoint.json
676,10,/home/gensis2/research/archx/chiplet4ai/llama/description/architecture/config_10.architecture.yaml,llama_3_70b,7,/home/gensis2/research/archx/chiplet4ai/llama/description/workload/llama_3_70b/config_7.workload.yaml,/home/gensis2/research/archx/chiplet4ai/llama/description/event/event.yaml,/home/gensis2/research/archx/chiplet4ai/llama/description/metric/metric.yaml,/home/gensis2/research/archx/chiplet4ai/llama/description/runs/llama_3_70b/arch_10/config_7,/home/gensis2/research/archx/chiplet4ai/llama/description/runs/llama_3_70b/arch_10/config_7/checkpoint.json
677,10,/home/gensis2/research/archx/chiplet4ai/llama/description/architecture/config_10.architecture.yaml,llama_3_70b,8,/home/gensis2/research/archx/chiplet4ai/llama/description/workload/llama_3_70b/config_8.workload.yaml,/home/gensis2/research/archx/chiplet4ai/llama/description/event/event.yaml,/home/gensis2/research/archx/chiplet4ai/llama/description/metric/metric.yaml,/home/gensis2/research/archx/chiplet4ai/llama/description/runs/llama_3_70b/arch_10/config_8,/home/gensis2/research/archx/chiplet4ai/llama/description/runs/llama_3_70b/arch_10/config_8/checkpoint.json
678,10,/home/gensis2/research/archx/chiplet4ai/llama/description/architecture/config_10.architecture.yaml,llama_3_70b,9,/home/gensis2/research/archx/chiplet4ai/llama/description/workload/llama_3_70b/config_9.workload.yaml,/home/gensis2/research/archx/chiplet4ai/llama/description/event/event.yaml,/home/gensis2/research/archx/chiplet4ai/llama/description/metric/metric.yaml,/home/gensis2/research/archx/chiplet4ai/llama/description/runs/llama_3_70b/arch_10/config_9,/home/gensis2/research/archx/chiplet4ai/llama/description/runs/llama_3_70b/arch_10/config_9/checkpoint.json
679,71,/home/gensis2/research/archx/chiplet4ai/llama/description/architecture/config_71.architecture.yaml,llama_3_70b,8,/home/gensis2/research/archx/chiplet4ai/llama/description/workload/llama_3_70b/config_8.workload.yaml,/home/gensis2/research/archx/chiplet4ai/llama/description/event/event.yaml,/home/gensis2/research/archx/chiplet4ai/llama/description/metric/metric.yaml,/home/gensis2/research/archx/chiplet4ai/llama/description/runs/llama_3_70b/arch_71/config_8,/home/gensis2/research/archx/chiplet4ai/llama/description/runs/llama_3_70b/arch_71/config_8/checkpoint.json
680,71,/home/gensis2/research/archx/chiplet4ai/llama/description/architecture/config_71.architecture.yaml,llama_3_70b,9,/home/gensis2/research/archx/chiplet4ai/llama/description/workload/llama_3_70b/config_9.workload.yaml,/home/gensis2/research/archx/chiplet4ai/llama/description/event/event.yaml,/home/gensis2/research/archx/chiplet4ai/llama/description/metric/metric.yaml,/home/gensis2/research/archx/chiplet4ai/llama/description/runs/llama_3_70b/arch_71/config_9,/home/gensis2/research/archx/chiplet4ai/llama/description/runs/llama_3_70b/arch_71/config_9/checkpoint.json
681,71,/home/gensis2/research/archx/chiplet4ai/llama/description/architecture/config_71.architecture.yaml,llama_3_70b,7,/home/gensis2/research/archx/chiplet4ai/llama/description/workload/llama_3_70b/config_7.workload.yaml,/home/gensis2/research/archx/chiplet4ai/llama/description/event/event.yaml,/home/gensis2/research/archx/chiplet4ai/llama/description/metric/metric.yaml,/home/gensis2/research/archx/chiplet4ai/llama/description/runs/llama_3_70b/arch_71/config_7,/home/gensis2/research/archx/chiplet4ai/llama/description/runs/llama_3_70b/arch_71/config_7/checkpoint.json
682,72,/home/gensis2/research/archx/chiplet4ai/llama/description/architecture/config_72.architecture.yaml,llama_3_70b,7,/home/gensis2/research/archx/chiplet4ai/llama/description/workload/llama_3_70b/config_7.workload.yaml,/home/gensis2/research/archx/chiplet4ai/llama/description/event/event.yaml,/home/gensis2/research/archx/chiplet4ai/llama/description/metric/metric.yaml,/home/gensis2/research/archx/chiplet4ai/llama/description/runs/llama_3_70b/arch_72/config_7,/home/gensis2/research/archx/chiplet4ai/llama/description/runs/llama_3_70b/arch_72/config_7/checkpoint.json
683,72,/home/gensis2/research/archx/chiplet4ai/llama/description/architecture/config_72.architecture.yaml,llama_3_70b,8,/home/gensis2/research/archx/chiplet4ai/llama/description/workload/llama_3_70b/config_8.workload.yaml,/home/gensis2/research/archx/chiplet4ai/llama/description/event/event.yaml,/home/gensis2/research/archx/chiplet4ai/llama/description/metric/metric.yaml,/home/gensis2/research/archx/chiplet4ai/llama/description/runs/llama_3_70b/arch_72/config_8,/home/gensis2/research/archx/chiplet4ai/llama/description/runs/llama_3_70b/arch_72/config_8/checkpoint.json
684,72,/home/gensis2/research/archx/chiplet4ai/llama/description/architecture/config_72.architecture.yaml,llama_3_70b,9,/home/gensis2/research/archx/chiplet4ai/llama/description/workload/llama_3_70b/config_9.workload.yaml,/home/gensis2/research/archx/chiplet4ai/llama/description/event/event.yaml,/home/gensis2/research/archx/chiplet4ai/llama/description/metric/metric.yaml,/home/gensis2/research/archx/chiplet4ai/llama/description/runs/llama_3_70b/arch_72/config_9,/home/gensis2/research/archx/chiplet4ai/llama/description/runs/llama_3_70b/arch_72/config_9/checkpoint.json
685,69,/home/gensis2/research/archx/chiplet4ai/llama/description/architecture/config_69.architecture.yaml,llama_3_70b,8,/home/gensis2/research/archx/chiplet4ai/llama/description/workload/llama_3_70b/config_8.workload.yaml,/home/gensis2/research/archx/chiplet4ai/llama/description/event/event.yaml,/home/gensis2/research/archx/chiplet4ai/llama/description/metric/metric.yaml,/home/gensis2/research/archx/chiplet4ai/llama/description/runs/llama_3_70b/arch_69/config_8,/home/gensis2/research/archx/chiplet4ai/llama/description/runs/llama_3_70b/arch_69/config_8/checkpoint.json
686,69,/home/gensis2/research/archx/chiplet4ai/llama/description/architecture/config_69.architecture.yaml,llama_3_70b,9,/home/gensis2/research/archx/chiplet4ai/llama/description/workload/llama_3_70b/config_9.workload.yaml,/home/gensis2/research/archx/chiplet4ai/llama/description/event/event.yaml,/home/gensis2/research/archx/chiplet4ai/llama/description/metric/metric.yaml,/home/gensis2/research/archx/chiplet4ai/llama/description/runs/llama_3_70b/arch_69/config_9,/home/gensis2/research/archx/chiplet4ai/llama/description/runs/llama_3_70b/arch_69/config_9/checkpoint.json
687,69,/home/gensis2/research/archx/chiplet4ai/llama/description/architecture/config_69.architecture.yaml,llama_3_70b,7,/home/gensis2/research/archx/chiplet4ai/llama/description/workload/llama_3_70b/config_7.workload.yaml,/home/gensis2/research/archx/chiplet4ai/llama/description/event/event.yaml,/home/gensis2/research/archx/chiplet4ai/llama/description/metric/metric.yaml,/home/gensis2/research/archx/chiplet4ai/llama/description/runs/llama_3_70b/arch_69/config_7,/home/gensis2/research/archx/chiplet4ai/llama/description/runs/llama_3_70b/arch_69/config_7/checkpoint.json
688,70,/home/gensis2/research/archx/chiplet4ai/llama/description/architecture/config_70.architecture.yaml,llama_3_70b,7,/home/gensis2/research/archx/chiplet4ai/llama/description/workload/llama_3_70b/config_7.workload.yaml,/home/gensis2/research/archx/chiplet4ai/llama/description/event/event.yaml,/home/gensis2/research/archx/chiplet4ai/llama/description/metric/metric.yaml,/home/gensis2/research/archx/chiplet4ai/llama/description/runs/llama_3_70b/arch_70/config_7,/home/gensis2/research/archx/chiplet4ai/llama/description/runs/llama_3_70b/arch_70/config_7/checkpoint.json
689,70,/home/gensis2/research/archx/chiplet4ai/llama/description/architecture/config_70.architecture.yaml,llama_3_70b,8,/home/gensis2/research/archx/chiplet4ai/llama/description/workload/llama_3_70b/config_8.workload.yaml,/home/gensis2/research/archx/chiplet4ai/llama/description/event/event.yaml,/home/gensis2/research/archx/chiplet4ai/llama/description/metric/metric.yaml,/home/gensis2/research/archx/chiplet4ai/llama/description/runs/llama_3_70b/arch_70/config_8,/home/gensis2/research/archx/chiplet4ai/llama/description/runs/llama_3_70b/arch_70/config_8/checkpoint.json
690,70,/home/gensis2/research/archx/chiplet4ai/llama/description/architecture/config_70.architecture.yaml,llama_3_70b,9,/home/gensis2/research/archx/chiplet4ai/llama/description/workload/llama_3_70b/config_9.workload.yaml,/home/gensis2/research/archx/chiplet4ai/llama/description/event/event.yaml,/home/gensis2/research/archx/chiplet4ai/llama/description/metric/metric.yaml,/home/gensis2/research/archx/chiplet4ai/llama/description/runs/llama_3_70b/arch_70/config_9,/home/gensis2/research/archx/chiplet4ai/llama/description/runs/llama_3_70b/arch_70/config_9/checkpoint.json
691,51,/home/gensis2/research/archx/chiplet4ai/llama/description/architecture/config_51.architecture.yaml,llama_3_70b,8,/home/gensis2/research/archx/chiplet4ai/llama/description/workload/llama_3_70b/config_8.workload.yaml,/home/gensis2/research/archx/chiplet4ai/llama/description/event/event.yaml,/home/gensis2/research/archx/chiplet4ai/llama/description/metric/metric.yaml,/home/gensis2/research/archx/chiplet4ai/llama/description/runs/llama_3_70b/arch_51/config_8,/home/gensis2/research/archx/chiplet4ai/llama/description/runs/llama_3_70b/arch_51/config_8/checkpoint.json
692,51,/home/gensis2/research/archx/chiplet4ai/llama/description/architecture/config_51.architecture.yaml,llama_3_70b,9,/home/gensis2/research/archx/chiplet4ai/llama/description/workload/llama_3_70b/config_9.workload.yaml,/home/gensis2/research/archx/chiplet4ai/llama/description/event/event.yaml,/home/gensis2/research/archx/chiplet4ai/llama/description/metric/metric.yaml,/home/gensis2/research/archx/chiplet4ai/llama/description/runs/llama_3_70b/arch_51/config_9,/home/gensis2/research/archx/chiplet4ai/llama/description/runs/llama_3_70b/arch_51/config_9/checkpoint.json
693,51,/home/gensis2/research/archx/chiplet4ai/llama/description/architecture/config_51.architecture.yaml,llama_3_70b,7,/home/gensis2/research/archx/chiplet4ai/llama/description/workload/llama_3_70b/config_7.workload.yaml,/home/gensis2/research/archx/chiplet4ai/llama/description/event/event.yaml,/home/gensis2/research/archx/chiplet4ai/llama/description/metric/metric.yaml,/home/gensis2/research/archx/chiplet4ai/llama/description/runs/llama_3_70b/arch_51/config_7,/home/gensis2/research/archx/chiplet4ai/llama/description/runs/llama_3_70b/arch_51/config_7/checkpoint.json
694,52,/home/gensis2/research/archx/chiplet4ai/llama/description/architecture/config_52.architecture.yaml,llama_3_70b,7,/home/gensis2/research/archx/chiplet4ai/llama/description/workload/llama_3_70b/config_7.workload.yaml,/home/gensis2/research/archx/chiplet4ai/llama/description/event/event.yaml,/home/gensis2/research/archx/chiplet4ai/llama/description/metric/metric.yaml,/home/gensis2/research/archx/chiplet4ai/llama/description/runs/llama_3_70b/arch_52/config_7,/home/gensis2/research/archx/chiplet4ai/llama/description/runs/llama_3_70b/arch_52/config_7/checkpoint.json
695,52,/home/gensis2/research/archx/chiplet4ai/llama/description/architecture/config_52.architecture.yaml,llama_3_70b,8,/home/gensis2/research/archx/chiplet4ai/llama/description/workload/llama_3_70b/config_8.workload.yaml,/home/gensis2/research/archx/chiplet4ai/llama/description/event/event.yaml,/home/gensis2/research/archx/chiplet4ai/llama/description/metric/metric.yaml,/home/gensis2/research/archx/chiplet4ai/llama/description/runs/llama_3_70b/arch_52/config_8,/home/gensis2/research/archx/chiplet4ai/llama/description/runs/llama_3_70b/arch_52/config_8/checkpoint.json
696,52,/home/gensis2/research/archx/chiplet4ai/llama/description/architecture/config_52.architecture.yaml,llama_3_70b,9,/home/gensis2/research/archx/chiplet4ai/llama/description/workload/llama_3_70b/config_9.workload.yaml,/home/gensis2/research/archx/chiplet4ai/llama/description/event/event.yaml,/home/gensis2/research/archx/chiplet4ai/llama/description/metric/metric.yaml,/home/gensis2/research/archx/chiplet4ai/llama/description/runs/llama_3_70b/arch_52/config_9,/home/gensis2/research/archx/chiplet4ai/llama/description/runs/llama_3_70b/arch_52/config_9/checkpoint.json
697,49,/home/gensis2/research/archx/chiplet4ai/llama/description/architecture/config_49.architecture.yaml,llama_3_70b,8,/home/gensis2/research/archx/chiplet4ai/llama/description/workload/llama_3_70b/config_8.workload.yaml,/home/gensis2/research/archx/chiplet4ai/llama/description/event/event.yaml,/home/gensis2/research/archx/chiplet4ai/llama/description/metric/metric.yaml,/home/gensis2/research/archx/chiplet4ai/llama/description/runs/llama_3_70b/arch_49/config_8,/home/gensis2/research/archx/chiplet4ai/llama/description/runs/llama_3_70b/arch_49/config_8/checkpoint.json
698,49,/home/gensis2/research/archx/chiplet4ai/llama/description/architecture/config_49.architecture.yaml,llama_3_70b,9,/home/gensis2/research/archx/chiplet4ai/llama/description/workload/llama_3_70b/config_9.workload.yaml,/home/gensis2/research/archx/chiplet4ai/llama/description/event/event.yaml,/home/gensis2/research/archx/chiplet4ai/llama/description/metric/metric.yaml,/home/gensis2/research/archx/chiplet4ai/llama/description/runs/llama_3_70b/arch_49/config_9,/home/gensis2/research/archx/chiplet4ai/llama/description/runs/llama_3_70b/arch_49/config_9/checkpoint.json
699,49,/home/gensis2/research/archx/chiplet4ai/llama/description/architecture/config_49.architecture.yaml,llama_3_70b,7,/home/gensis2/research/archx/chiplet4ai/llama/description/workload/llama_3_70b/config_7.workload.yaml,/home/gensis2/research/archx/chiplet4ai/llama/description/event/event.yaml,/home/gensis2/research/archx/chiplet4ai/llama/description/metric/metric.yaml,/home/gensis2/research/archx/chiplet4ai/llama/description/runs/llama_3_70b/arch_49/config_7,/home/gensis2/research/archx/chiplet4ai/llama/description/runs/llama_3_70b/arch_49/config_7/checkpoint.json
700,50,/home/gensis2/research/archx/chiplet4ai/llama/description/architecture/config_50.architecture.yaml,llama_3_70b,7,/home/gensis2/research/archx/chiplet4ai/llama/description/workload/llama_3_70b/config_7.workload.yaml,/home/gensis2/research/archx/chiplet4ai/llama/description/event/event.yaml,/home/gensis2/research/archx/chiplet4ai/llama/description/metric/metric.yaml,/home/gensis2/research/archx/chiplet4ai/llama/description/runs/llama_3_70b/arch_50/config_7,/home/gensis2/research/archx/chiplet4ai/llama/description/runs/llama_3_70b/arch_50/config_7/checkpoint.json
701,50,/home/gensis2/research/archx/chiplet4ai/llama/description/architecture/config_50.architecture.yaml,llama_3_70b,8,/home/gensis2/research/archx/chiplet4ai/llama/description/workload/llama_3_70b/config_8.workload.yaml,/home/gensis2/research/archx/chiplet4ai/llama/description/event/event.yaml,/home/gensis2/research/archx/chiplet4ai/llama/description/metric/metric.yaml,/home/gensis2/research/archx/chiplet4ai/llama/description/runs/llama_3_70b/arch_50/config_8,/home/gensis2/research/archx/chiplet4ai/llama/description/runs/llama_3_70b/arch_50/config_8/checkpoint.json
702,50,/home/gensis2/research/archx/chiplet4ai/llama/description/architecture/config_50.architecture.yaml,llama_3_70b,9,/home/gensis2/research/archx/chiplet4ai/llama/description/workload/llama_3_70b/config_9.workload.yaml,/home/gensis2/research/archx/chiplet4ai/llama/description/event/event.yaml,/home/gensis2/research/archx/chiplet4ai/llama/description/metric/metric.yaml,/home/gensis2/research/archx/chiplet4ai/llama/description/runs/llama_3_70b/arch_50/config_9,/home/gensis2/research/archx/chiplet4ai/llama/description/runs/llama_3_70b/arch_50/config_9/checkpoint.json
703,31,/home/gensis2/research/archx/chiplet4ai/llama/description/architecture/config_31.architecture.yaml,llama_3_70b,8,/home/gensis2/research/archx/chiplet4ai/llama/description/workload/llama_3_70b/config_8.workload.yaml,/home/gensis2/research/archx/chiplet4ai/llama/description/event/event.yaml,/home/gensis2/research/archx/chiplet4ai/llama/description/metric/metric.yaml,/home/gensis2/research/archx/chiplet4ai/llama/description/runs/llama_3_70b/arch_31/config_8,/home/gensis2/research/archx/chiplet4ai/llama/description/runs/llama_3_70b/arch_31/config_8/checkpoint.json
704,31,/home/gensis2/research/archx/chiplet4ai/llama/description/architecture/config_31.architecture.yaml,llama_3_70b,9,/home/gensis2/research/archx/chiplet4ai/llama/description/workload/llama_3_70b/config_9.workload.yaml,/home/gensis2/research/archx/chiplet4ai/llama/description/event/event.yaml,/home/gensis2/research/archx/chiplet4ai/llama/description/metric/metric.yaml,/home/gensis2/research/archx/chiplet4ai/llama/description/runs/llama_3_70b/arch_31/config_9,/home/gensis2/research/archx/chiplet4ai/llama/description/runs/llama_3_70b/arch_31/config_9/checkpoint.json
705,31,/home/gensis2/research/archx/chiplet4ai/llama/description/architecture/config_31.architecture.yaml,llama_3_70b,7,/home/gensis2/research/archx/chiplet4ai/llama/description/workload/llama_3_70b/config_7.workload.yaml,/home/gensis2/research/archx/chiplet4ai/llama/description/event/event.yaml,/home/gensis2/research/archx/chiplet4ai/llama/description/metric/metric.yaml,/home/gensis2/research/archx/chiplet4ai/llama/description/runs/llama_3_70b/arch_31/config_7,/home/gensis2/research/archx/chiplet4ai/llama/description/runs/llama_3_70b/arch_31/config_7/checkpoint.json
706,32,/home/gensis2/research/archx/chiplet4ai/llama/description/architecture/config_32.architecture.yaml,llama_3_70b,7,/home/gensis2/research/archx/chiplet4ai/llama/description/workload/llama_3_70b/config_7.workload.yaml,/home/gensis2/research/archx/chiplet4ai/llama/description/event/event.yaml,/home/gensis2/research/archx/chiplet4ai/llama/description/metric/metric.yaml,/home/gensis2/research/archx/chiplet4ai/llama/description/runs/llama_3_70b/arch_32/config_7,/home/gensis2/research/archx/chiplet4ai/llama/description/runs/llama_3_70b/arch_32/config_7/checkpoint.json
707,32,/home/gensis2/research/archx/chiplet4ai/llama/description/architecture/config_32.architecture.yaml,llama_3_70b,8,/home/gensis2/research/archx/chiplet4ai/llama/description/workload/llama_3_70b/config_8.workload.yaml,/home/gensis2/research/archx/chiplet4ai/llama/description/event/event.yaml,/home/gensis2/research/archx/chiplet4ai/llama/description/metric/metric.yaml,/home/gensis2/research/archx/chiplet4ai/llama/description/runs/llama_3_70b/arch_32/config_8,/home/gensis2/research/archx/chiplet4ai/llama/description/runs/llama_3_70b/arch_32/config_8/checkpoint.json
708,32,/home/gensis2/research/archx/chiplet4ai/llama/description/architecture/config_32.architecture.yaml,llama_3_70b,9,/home/gensis2/research/archx/chiplet4ai/llama/description/workload/llama_3_70b/config_9.workload.yaml,/home/gensis2/research/archx/chiplet4ai/llama/description/event/event.yaml,/home/gensis2/research/archx/chiplet4ai/llama/description/metric/metric.yaml,/home/gensis2/research/archx/chiplet4ai/llama/description/runs/llama_3_70b/arch_32/config_9,/home/gensis2/research/archx/chiplet4ai/llama/description/runs/llama_3_70b/arch_32/config_9/checkpoint.json
709,29,/home/gensis2/research/archx/chiplet4ai/llama/description/architecture/config_29.architecture.yaml,llama_3_70b,8,/home/gensis2/research/archx/chiplet4ai/llama/description/workload/llama_3_70b/config_8.workload.yaml,/home/gensis2/research/archx/chiplet4ai/llama/description/event/event.yaml,/home/gensis2/research/archx/chiplet4ai/llama/description/metric/metric.yaml,/home/gensis2/research/archx/chiplet4ai/llama/description/runs/llama_3_70b/arch_29/config_8,/home/gensis2/research/archx/chiplet4ai/llama/description/runs/llama_3_70b/arch_29/config_8/checkpoint.json
710,29,/home/gensis2/research/archx/chiplet4ai/llama/description/architecture/config_29.architecture.yaml,llama_3_70b,9,/home/gensis2/research/archx/chiplet4ai/llama/description/workload/llama_3_70b/config_9.workload.yaml,/home/gensis2/research/archx/chiplet4ai/llama/description/event/event.yaml,/home/gensis2/research/archx/chiplet4ai/llama/description/metric/metric.yaml,/home/gensis2/research/archx/chiplet4ai/llama/description/runs/llama_3_70b/arch_29/config_9,/home/gensis2/research/archx/chiplet4ai/llama/description/runs/llama_3_70b/arch_29/config_9/checkpoint.json
711,29,/home/gensis2/research/archx/chiplet4ai/llama/description/architecture/config_29.architecture.yaml,llama_3_70b,7,/home/gensis2/research/archx/chiplet4ai/llama/description/workload/llama_3_70b/config_7.workload.yaml,/home/gensis2/research/archx/chiplet4ai/llama/description/event/event.yaml,/home/gensis2/research/archx/chiplet4ai/llama/description/metric/metric.yaml,/home/gensis2/research/archx/chiplet4ai/llama/description/runs/llama_3_70b/arch_29/config_7,/home/gensis2/research/archx/chiplet4ai/llama/description/runs/llama_3_70b/arch_29/config_7/checkpoint.json
712,30,/home/gensis2/research/archx/chiplet4ai/llama/description/architecture/config_30.architecture.yaml,llama_3_70b,7,/home/gensis2/research/archx/chiplet4ai/llama/description/workload/llama_3_70b/config_7.workload.yaml,/home/gensis2/research/archx/chiplet4ai/llama/description/event/event.yaml,/home/gensis2/research/archx/chiplet4ai/llama/description/metric/metric.yaml,/home/gensis2/research/archx/chiplet4ai/llama/description/runs/llama_3_70b/arch_30/config_7,/home/gensis2/research/archx/chiplet4ai/llama/description/runs/llama_3_70b/arch_30/config_7/checkpoint.json
713,30,/home/gensis2/research/archx/chiplet4ai/llama/description/architecture/config_30.architecture.yaml,llama_3_70b,8,/home/gensis2/research/archx/chiplet4ai/llama/description/workload/llama_3_70b/config_8.workload.yaml,/home/gensis2/research/archx/chiplet4ai/llama/description/event/event.yaml,/home/gensis2/research/archx/chiplet4ai/llama/description/metric/metric.yaml,/home/gensis2/research/archx/chiplet4ai/llama/description/runs/llama_3_70b/arch_30/config_8,/home/gensis2/research/archx/chiplet4ai/llama/description/runs/llama_3_70b/arch_30/config_8/checkpoint.json
714,30,/home/gensis2/research/archx/chiplet4ai/llama/description/architecture/config_30.architecture.yaml,llama_3_70b,9,/home/gensis2/research/archx/chiplet4ai/llama/description/workload/llama_3_70b/config_9.workload.yaml,/home/gensis2/research/archx/chiplet4ai/llama/description/event/event.yaml,/home/gensis2/research/archx/chiplet4ai/llama/description/metric/metric.yaml,/home/gensis2/research/archx/chiplet4ai/llama/description/runs/llama_3_70b/arch_30/config_9,/home/gensis2/research/archx/chiplet4ai/llama/description/runs/llama_3_70b/arch_30/config_9/checkpoint.json
715,11,/home/gensis2/research/archx/chiplet4ai/llama/description/architecture/config_11.architecture.yaml,llama_3_70b,8,/home/gensis2/research/archx/chiplet4ai/llama/description/workload/llama_3_70b/config_8.workload.yaml,/home/gensis2/research/archx/chiplet4ai/llama/description/event/event.yaml,/home/gensis2/research/archx/chiplet4ai/llama/description/metric/metric.yaml,/home/gensis2/research/archx/chiplet4ai/llama/description/runs/llama_3_70b/arch_11/config_8,/home/gensis2/research/archx/chiplet4ai/llama/description/runs/llama_3_70b/arch_11/config_8/checkpoint.json
716,11,/home/gensis2/research/archx/chiplet4ai/llama/description/architecture/config_11.architecture.yaml,llama_3_70b,9,/home/gensis2/research/archx/chiplet4ai/llama/description/workload/llama_3_70b/config_9.workload.yaml,/home/gensis2/research/archx/chiplet4ai/llama/description/event/event.yaml,/home/gensis2/research/archx/chiplet4ai/llama/description/metric/metric.yaml,/home/gensis2/research/archx/chiplet4ai/llama/description/runs/llama_3_70b/arch_11/config_9,/home/gensis2/research/archx/chiplet4ai/llama/description/runs/llama_3_70b/arch_11/config_9/checkpoint.json
717,11,/home/gensis2/research/archx/chiplet4ai/llama/description/architecture/config_11.architecture.yaml,llama_3_70b,7,/home/gensis2/research/archx/chiplet4ai/llama/description/workload/llama_3_70b/config_7.workload.yaml,/home/gensis2/research/archx/chiplet4ai/llama/description/event/event.yaml,/home/gensis2/research/archx/chiplet4ai/llama/description/metric/metric.yaml,/home/gensis2/research/archx/chiplet4ai/llama/description/runs/llama_3_70b/arch_11/config_7,/home/gensis2/research/archx/chiplet4ai/llama/description/runs/llama_3_70b/arch_11/config_7/checkpoint.json
718,12,/home/gensis2/research/archx/chiplet4ai/llama/description/architecture/config_12.architecture.yaml,llama_3_70b,7,/home/gensis2/research/archx/chiplet4ai/llama/description/workload/llama_3_70b/config_7.workload.yaml,/home/gensis2/research/archx/chiplet4ai/llama/description/event/event.yaml,/home/gensis2/research/archx/chiplet4ai/llama/description/metric/metric.yaml,/home/gensis2/research/archx/chiplet4ai/llama/description/runs/llama_3_70b/arch_12/config_7,/home/gensis2/research/archx/chiplet4ai/llama/description/runs/llama_3_70b/arch_12/config_7/checkpoint.json
719,12,/home/gensis2/research/archx/chiplet4ai/llama/description/architecture/config_12.architecture.yaml,llama_3_70b,8,/home/gensis2/research/archx/chiplet4ai/llama/description/workload/llama_3_70b/config_8.workload.yaml,/home/gensis2/research/archx/chiplet4ai/llama/description/event/event.yaml,/home/gensis2/research/archx/chiplet4ai/llama/description/metric/metric.yaml,/home/gensis2/research/archx/chiplet4ai/llama/description/runs/llama_3_70b/arch_12/config_8,/home/gensis2/research/archx/chiplet4ai/llama/description/runs/llama_3_70b/arch_12/config_8/checkpoint.json
720,12,/home/gensis2/research/archx/chiplet4ai/llama/description/architecture/config_12.architecture.yaml,llama_3_70b,9,/home/gensis2/research/archx/chiplet4ai/llama/description/workload/llama_3_70b/config_9.workload.yaml,/home/gensis2/research/archx/chiplet4ai/llama/description/event/event.yaml,/home/gensis2/research/archx/chiplet4ai/llama/description/metric/metric.yaml,/home/gensis2/research/archx/chiplet4ai/llama/description/runs/llama_3_70b/arch_12/config_9,/home/gensis2/research/archx/chiplet4ai/llama/description/runs/llama_3_70b/arch_12/config_9/checkpoint.json
721,13,/home/gensis2/research/archx/chiplet4ai/llama/description/architecture/config_13.architecture.yaml,llama_3_70b,8,/home/gensis2/research/archx/chiplet4ai/llama/description/workload/llama_3_70b/config_8.workload.yaml,/home/gensis2/research/archx/chiplet4ai/llama/description/event/event.yaml,/home/gensis2/research/archx/chiplet4ai/llama/description/metric/metric.yaml,/home/gensis2/research/archx/chiplet4ai/llama/description/runs/llama_3_70b/arch_13/config_8,/home/gensis2/research/archx/chiplet4ai/llama/description/runs/llama_3_70b/arch_13/config_8/checkpoint.json
722,13,/home/gensis2/research/archx/chiplet4ai/llama/description/architecture/config_13.architecture.yaml,llama_3_70b,9,/home/gensis2/research/archx/chiplet4ai/llama/description/workload/llama_3_70b/config_9.workload.yaml,/home/gensis2/research/archx/chiplet4ai/llama/description/event/event.yaml,/home/gensis2/research/archx/chiplet4ai/llama/description/metric/metric.yaml,/home/gensis2/research/archx/chiplet4ai/llama/description/runs/llama_3_70b/arch_13/config_9,/home/gensis2/research/archx/chiplet4ai/llama/description/runs/llama_3_70b/arch_13/config_9/checkpoint.json
723,13,/home/gensis2/research/archx/chiplet4ai/llama/description/architecture/config_13.architecture.yaml,llama_3_70b,7,/home/gensis2/research/archx/chiplet4ai/llama/description/workload/llama_3_70b/config_7.workload.yaml,/home/gensis2/research/archx/chiplet4ai/llama/description/event/event.yaml,/home/gensis2/research/archx/chiplet4ai/llama/description/metric/metric.yaml,/home/gensis2/research/archx/chiplet4ai/llama/description/runs/llama_3_70b/arch_13/config_7,/home/gensis2/research/archx/chiplet4ai/llama/description/runs/llama_3_70b/arch_13/config_7/checkpoint.json
724,8,/home/gensis2/research/archx/chiplet4ai/llama/description/architecture/config_8.architecture.yaml,llama_3_70b,7,/home/gensis2/research/archx/chiplet4ai/llama/description/workload/llama_3_70b/config_7.workload.yaml,/home/gensis2/research/archx/chiplet4ai/llama/description/event/event.yaml,/home/gensis2/research/archx/chiplet4ai/llama/description/metric/metric.yaml,/home/gensis2/research/archx/chiplet4ai/llama/description/runs/llama_3_70b/arch_8/config_7,/home/gensis2/research/archx/chiplet4ai/llama/description/runs/llama_3_70b/arch_8/config_7/checkpoint.json
725,8,/home/gensis2/research/archx/chiplet4ai/llama/description/architecture/config_8.architecture.yaml,llama_3_70b,8,/home/gensis2/research/archx/chiplet4ai/llama/description/workload/llama_3_70b/config_8.workload.yaml,/home/gensis2/research/archx/chiplet4ai/llama/description/event/event.yaml,/home/gensis2/research/archx/chiplet4ai/llama/description/metric/metric.yaml,/home/gensis2/research/archx/chiplet4ai/llama/description/runs/llama_3_70b/arch_8/config_8,/home/gensis2/research/archx/chiplet4ai/llama/description/runs/llama_3_70b/arch_8/config_8/checkpoint.json
726,8,/home/gensis2/research/archx/chiplet4ai/llama/description/architecture/config_8.architecture.yaml,llama_3_70b,9,/home/gensis2/research/archx/chiplet4ai/llama/description/workload/llama_3_70b/config_9.workload.yaml,/home/gensis2/research/archx/chiplet4ai/llama/description/event/event.yaml,/home/gensis2/research/archx/chiplet4ai/llama/description/metric/metric.yaml,/home/gensis2/research/archx/chiplet4ai/llama/description/runs/llama_3_70b/arch_8/config_9,/home/gensis2/research/archx/chiplet4ai/llama/description/runs/llama_3_70b/arch_8/config_9/checkpoint.json
727,73,/home/gensis2/research/archx/chiplet4ai/llama/description/architecture/config_73.architecture.yaml,llama_3_70b,8,/home/gensis2/research/archx/chiplet4ai/llama/description/workload/llama_3_70b/config_8.workload.yaml,/home/gensis2/research/archx/chiplet4ai/llama/description/event/event.yaml,/home/gensis2/research/archx/chiplet4ai/llama/description/metric/metric.yaml,/home/gensis2/research/archx/chiplet4ai/llama/description/runs/llama_3_70b/arch_73/config_8,/home/gensis2/research/archx/chiplet4ai/llama/description/runs/llama_3_70b/arch_73/config_8/checkpoint.json
728,73,/home/gensis2/research/archx/chiplet4ai/llama/description/architecture/config_73.architecture.yaml,llama_3_70b,9,/home/gensis2/research/archx/chiplet4ai/llama/description/workload/llama_3_70b/config_9.workload.yaml,/home/gensis2/research/archx/chiplet4ai/llama/description/event/event.yaml,/home/gensis2/research/archx/chiplet4ai/llama/description/metric/metric.yaml,/home/gensis2/research/archx/chiplet4ai/llama/description/runs/llama_3_70b/arch_73/config_9,/home/gensis2/research/archx/chiplet4ai/llama/description/runs/llama_3_70b/arch_73/config_9/checkpoint.json
729,73,/home/gensis2/research/archx/chiplet4ai/llama/description/architecture/config_73.architecture.yaml,llama_3_70b,7,/home/gensis2/research/archx/chiplet4ai/llama/description/workload/llama_3_70b/config_7.workload.yaml,/home/gensis2/research/archx/chiplet4ai/llama/description/event/event.yaml,/home/gensis2/research/archx/chiplet4ai/llama/description/metric/metric.yaml,/home/gensis2/research/archx/chiplet4ai/llama/description/runs/llama_3_70b/arch_73/config_7,/home/gensis2/research/archx/chiplet4ai/llama/description/runs/llama_3_70b/arch_73/config_7/checkpoint.json
730,68,/home/gensis2/research/archx/chiplet4ai/llama/description/architecture/config_68.architecture.yaml,llama_3_70b,7,/home/gensis2/research/archx/chiplet4ai/llama/description/workload/llama_3_70b/config_7.workload.yaml,/home/gensis2/research/archx/chiplet4ai/llama/description/event/event.yaml,/home/gensis2/research/archx/chiplet4ai/llama/description/metric/metric.yaml,/home/gensis2/research/archx/chiplet4ai/llama/description/runs/llama_3_70b/arch_68/config_7,/home/gensis2/research/archx/chiplet4ai/llama/description/runs/llama_3_70b/arch_68/config_7/checkpoint.json
731,68,/home/gensis2/research/archx/chiplet4ai/llama/description/architecture/config_68.architecture.yaml,llama_3_70b,8,/home/gensis2/research/archx/chiplet4ai/llama/description/workload/llama_3_70b/config_8.workload.yaml,/home/gensis2/research/archx/chiplet4ai/llama/description/event/event.yaml,/home/gensis2/research/archx/chiplet4ai/llama/description/metric/metric.yaml,/home/gensis2/research/archx/chiplet4ai/llama/description/runs/llama_3_70b/arch_68/config_8,/home/gensis2/research/archx/chiplet4ai/llama/description/runs/llama_3_70b/arch_68/config_8/checkpoint.json
732,68,/home/gensis2/research/archx/chiplet4ai/llama/description/architecture/config_68.architecture.yaml,llama_3_70b,9,/home/gensis2/research/archx/chiplet4ai/llama/description/workload/llama_3_70b/config_9.workload.yaml,/home/gensis2/research/archx/chiplet4ai/llama/description/event/event.yaml,/home/gensis2/research/archx/chiplet4ai/llama/description/metric/metric.yaml,/home/gensis2/research/archx/chiplet4ai/llama/description/runs/llama_3_70b/arch_68/config_9,/home/gensis2/research/archx/chiplet4ai/llama/description/runs/llama_3_70b/arch_68/config_9/checkpoint.json
733,53,/home/gensis2/research/archx/chiplet4ai/llama/description/architecture/config_53.architecture.yaml,llama_3_70b,8,/home/gensis2/research/archx/chiplet4ai/llama/description/workload/llama_3_70b/config_8.workload.yaml,/home/gensis2/research/archx/chiplet4ai/llama/description/event/event.yaml,/home/gensis2/research/archx/chiplet4ai/llama/description/metric/metric.yaml,/home/gensis2/research/archx/chiplet4ai/llama/description/runs/llama_3_70b/arch_53/config_8,/home/gensis2/research/archx/chiplet4ai/llama/description/runs/llama_3_70b/arch_53/config_8/checkpoint.json
734,53,/home/gensis2/research/archx/chiplet4ai/llama/description/architecture/config_53.architecture.yaml,llama_3_70b,9,/home/gensis2/research/archx/chiplet4ai/llama/description/workload/llama_3_70b/config_9.workload.yaml,/home/gensis2/research/archx/chiplet4ai/llama/description/event/event.yaml,/home/gensis2/research/archx/chiplet4ai/llama/description/metric/metric.yaml,/home/gensis2/research/archx/chiplet4ai/llama/description/runs/llama_3_70b/arch_53/config_9,/home/gensis2/research/archx/chiplet4ai/llama/description/runs/llama_3_70b/arch_53/config_9/checkpoint.json
735,53,/home/gensis2/research/archx/chiplet4ai/llama/description/architecture/config_53.architecture.yaml,llama_3_70b,7,/home/gensis2/research/archx/chiplet4ai/llama/description/workload/llama_3_70b/config_7.workload.yaml,/home/gensis2/research/archx/chiplet4ai/llama/description/event/event.yaml,/home/gensis2/research/archx/chiplet4ai/llama/description/metric/metric.yaml,/home/gensis2/research/archx/chiplet4ai/llama/description/runs/llama_3_70b/arch_53/config_7,/home/gensis2/research/archx/chiplet4ai/llama/description/runs/llama_3_70b/arch_53/config_7/checkpoint.json
736,48,/home/gensis2/research/archx/chiplet4ai/llama/description/architecture/config_48.architecture.yaml,llama_3_70b,7,/home/gensis2/research/archx/chiplet4ai/llama/description/workload/llama_3_70b/config_7.workload.yaml,/home/gensis2/research/archx/chiplet4ai/llama/description/event/event.yaml,/home/gensis2/research/archx/chiplet4ai/llama/description/metric/metric.yaml,/home/gensis2/research/archx/chiplet4ai/llama/description/runs/llama_3_70b/arch_48/config_7,/home/gensis2/research/archx/chiplet4ai/llama/description/runs/llama_3_70b/arch_48/config_7/checkpoint.json
737,48,/home/gensis2/research/archx/chiplet4ai/llama/description/architecture/config_48.architecture.yaml,llama_3_70b,8,/home/gensis2/research/archx/chiplet4ai/llama/description/workload/llama_3_70b/config_8.workload.yaml,/home/gensis2/research/archx/chiplet4ai/llama/description/event/event.yaml,/home/gensis2/research/archx/chiplet4ai/llama/description/metric/metric.yaml,/home/gensis2/research/archx/chiplet4ai/llama/description/runs/llama_3_70b/arch_48/config_8,/home/gensis2/research/archx/chiplet4ai/llama/description/runs/llama_3_70b/arch_48/config_8/checkpoint.json
738,48,/home/gensis2/research/archx/chiplet4ai/llama/description/architecture/config_48.architecture.yaml,llama_3_70b,9,/home/gensis2/research/archx/chiplet4ai/llama/description/workload/llama_3_70b/config_9.workload.yaml,/home/gensis2/research/archx/chiplet4ai/llama/description/event/event.yaml,/home/gensis2/research/archx/chiplet4ai/llama/description/metric/metric.yaml,/home/gensis2/research/archx/chiplet4ai/llama/description/runs/llama_3_70b/arch_48/config_9,/home/gensis2/research/archx/chiplet4ai/llama/description/runs/llama_3_70b/arch_48/config_9/checkpoint.json
739,33,/home/gensis2/research/archx/chiplet4ai/llama/description/architecture/config_33.architecture.yaml,llama_3_70b,8,/home/gensis2/research/archx/chiplet4ai/llama/description/workload/llama_3_70b/config_8.workload.yaml,/home/gensis2/research/archx/chiplet4ai/llama/description/event/event.yaml,/home/gensis2/research/archx/chiplet4ai/llama/description/metric/metric.yaml,/home/gensis2/research/archx/chiplet4ai/llama/description/runs/llama_3_70b/arch_33/config_8,/home/gensis2/research/archx/chiplet4ai/llama/description/runs/llama_3_70b/arch_33/config_8/checkpoint.json
740,33,/home/gensis2/research/archx/chiplet4ai/llama/description/architecture/config_33.architecture.yaml,llama_3_70b,9,/home/gensis2/research/archx/chiplet4ai/llama/description/workload/llama_3_70b/config_9.workload.yaml,/home/gensis2/research/archx/chiplet4ai/llama/description/event/event.yaml,/home/gensis2/research/archx/chiplet4ai/llama/description/metric/metric.yaml,/home/gensis2/research/archx/chiplet4ai/llama/description/runs/llama_3_70b/arch_33/config_9,/home/gensis2/research/archx/chiplet4ai/llama/description/runs/llama_3_70b/arch_33/config_9/checkpoint.json
741,33,/home/gensis2/research/archx/chiplet4ai/llama/description/architecture/config_33.architecture.yaml,llama_3_70b,7,/home/gensis2/research/archx/chiplet4ai/llama/description/workload/llama_3_70b/config_7.workload.yaml,/home/gensis2/research/archx/chiplet4ai/llama/description/event/event.yaml,/home/gensis2/research/archx/chiplet4ai/llama/description/metric/metric.yaml,/home/gensis2/research/archx/chiplet4ai/llama/description/runs/llama_3_70b/arch_33/config_7,/home/gensis2/research/archx/chiplet4ai/llama/description/runs/llama_3_70b/arch_33/config_7/checkpoint.json
742,28,/home/gensis2/research/archx/chiplet4ai/llama/description/architecture/config_28.architecture.yaml,llama_3_70b,7,/home/gensis2/research/archx/chiplet4ai/llama/description/workload/llama_3_70b/config_7.workload.yaml,/home/gensis2/research/archx/chiplet4ai/llama/description/event/event.yaml,/home/gensis2/research/archx/chiplet4ai/llama/description/metric/metric.yaml,/home/gensis2/research/archx/chiplet4ai/llama/description/runs/llama_3_70b/arch_28/config_7,/home/gensis2/research/archx/chiplet4ai/llama/description/runs/llama_3_70b/arch_28/config_7/checkpoint.json
743,28,/home/gensis2/research/archx/chiplet4ai/llama/description/architecture/config_28.architecture.yaml,llama_3_70b,8,/home/gensis2/research/archx/chiplet4ai/llama/description/workload/llama_3_70b/config_8.workload.yaml,/home/gensis2/research/archx/chiplet4ai/llama/description/event/event.yaml,/home/gensis2/research/archx/chiplet4ai/llama/description/metric/metric.yaml,/home/gensis2/research/archx/chiplet4ai/llama/description/runs/llama_3_70b/arch_28/config_8,/home/gensis2/research/archx/chiplet4ai/llama/description/runs/llama_3_70b/arch_28/config_8/checkpoint.json
744,28,/home/gensis2/research/archx/chiplet4ai/llama/description/architecture/config_28.architecture.yaml,llama_3_70b,9,/home/gensis2/research/archx/chiplet4ai/llama/description/workload/llama_3_70b/config_9.workload.yaml,/home/gensis2/research/archx/chiplet4ai/llama/description/event/event.yaml,/home/gensis2/research/archx/chiplet4ai/llama/description/metric/metric.yaml,/home/gensis2/research/archx/chiplet4ai/llama/description/runs/llama_3_70b/arch_28/config_9,/home/gensis2/research/archx/chiplet4ai/llama/description/runs/llama_3_70b/arch_28/config_9/checkpoint.json
745,27,/home/gensis2/research/archx/chiplet4ai/llama/description/architecture/config_27.architecture.yaml,llama_3_70b,8,/home/gensis2/research/archx/chiplet4ai/llama/description/workload/llama_3_70b/config_8.workload.yaml,/home/gensis2/research/archx/chiplet4ai/llama/description/event/event.yaml,/home/gensis2/research/archx/chiplet4ai/llama/description/metric/metric.yaml,/home/gensis2/research/archx/chiplet4ai/llama/description/runs/llama_3_70b/arch_27/config_8,/home/gensis2/research/archx/chiplet4ai/llama/description/runs/llama_3_70b/arch_27/config_8/checkpoint.json
746,27,/home/gensis2/research/archx/chiplet4ai/llama/description/architecture/config_27.architecture.yaml,llama_3_70b,9,/home/gensis2/research/archx/chiplet4ai/llama/description/workload/llama_3_70b/config_9.workload.yaml,/home/gensis2/research/archx/chiplet4ai/llama/description/event/event.yaml,/home/gensis2/research/archx/chiplet4ai/llama/description/metric/metric.yaml,/home/gensis2/research/archx/chiplet4ai/llama/description/runs/llama_3_70b/arch_27/config_9,/home/gensis2/research/archx/chiplet4ai/llama/description/runs/llama_3_70b/arch_27/config_9/checkpoint.json
747,27,/home/gensis2/research/archx/chiplet4ai/llama/description/architecture/config_27.architecture.yaml,llama_3_70b,7,/home/gensis2/research/archx/chiplet4ai/llama/description/workload/llama_3_70b/config_7.workload.yaml,/home/gensis2/research/archx/chiplet4ai/llama/description/event/event.yaml,/home/gensis2/research/archx/chiplet4ai/llama/description/metric/metric.yaml,/home/gensis2/research/archx/chiplet4ai/llama/description/runs/llama_3_70b/arch_27/config_7,/home/gensis2/research/archx/chiplet4ai/llama/description/runs/llama_3_70b/arch_27/config_7/checkpoint.json
748,67,/home/gensis2/research/archx/chiplet4ai/llama/description/architecture/config_67.architecture.yaml,llama_3_70b,7,/home/gensis2/research/archx/chiplet4ai/llama/description/workload/llama_3_70b/config_7.workload.yaml,/home/gensis2/research/archx/chiplet4ai/llama/description/event/event.yaml,/home/gensis2/research/archx/chiplet4ai/llama/description/metric/metric.yaml,/home/gensis2/research/archx/chiplet4ai/llama/description/runs/llama_3_70b/arch_67/config_7,/home/gensis2/research/archx/chiplet4ai/llama/description/runs/llama_3_70b/arch_67/config_7/checkpoint.json
749,67,/home/gensis2/research/archx/chiplet4ai/llama/description/architecture/config_67.architecture.yaml,llama_3_70b,8,/home/gensis2/research/archx/chiplet4ai/llama/description/workload/llama_3_70b/config_8.workload.yaml,/home/gensis2/research/archx/chiplet4ai/llama/description/event/event.yaml,/home/gensis2/research/archx/chiplet4ai/llama/description/metric/metric.yaml,/home/gensis2/research/archx/chiplet4ai/llama/description/runs/llama_3_70b/arch_67/config_8,/home/gensis2/research/archx/chiplet4ai/llama/description/runs/llama_3_70b/arch_67/config_8/checkpoint.json
750,67,/home/gensis2/research/archx/chiplet4ai/llama/description/architecture/config_67.architecture.yaml,llama_3_70b,9,/home/gensis2/research/archx/chiplet4ai/llama/description/workload/llama_3_70b/config_9.workload.yaml,/home/gensis2/research/archx/chiplet4ai/llama/description/event/event.yaml,/home/gensis2/research/archx/chiplet4ai/llama/description/metric/metric.yaml,/home/gensis2/research/archx/chiplet4ai/llama/description/runs/llama_3_70b/arch_67/config_9,/home/gensis2/research/archx/chiplet4ai/llama/description/runs/llama_3_70b/arch_67/config_9/checkpoint.json
751,54,/home/gensis2/research/archx/chiplet4ai/llama/description/architecture/config_54.architecture.yaml,llama_3_70b,9,/home/gensis2/research/archx/chiplet4ai/llama/description/workload/llama_3_70b/config_9.workload.yaml,/home/gensis2/research/archx/chiplet4ai/llama/description/event/event.yaml,/home/gensis2/research/archx/chiplet4ai/llama/description/metric/metric.yaml,/home/gensis2/research/archx/chiplet4ai/llama/description/runs/llama_3_70b/arch_54/config_9,/home/gensis2/research/archx/chiplet4ai/llama/description/runs/llama_3_70b/arch_54/config_9/checkpoint.json
752,54,/home/gensis2/research/archx/chiplet4ai/llama/description/architecture/config_54.architecture.yaml,llama_3_70b,8,/home/gensis2/research/archx/chiplet4ai/llama/description/workload/llama_3_70b/config_8.workload.yaml,/home/gensis2/research/archx/chiplet4ai/llama/description/event/event.yaml,/home/gensis2/research/archx/chiplet4ai/llama/description/metric/metric.yaml,/home/gensis2/research/archx/chiplet4ai/llama/description/runs/llama_3_70b/arch_54/config_8,/home/gensis2/research/archx/chiplet4ai/llama/description/runs/llama_3_70b/arch_54/config_8/checkpoint.json
753,54,/home/gensis2/research/archx/chiplet4ai/llama/description/architecture/config_54.architecture.yaml,llama_3_70b,7,/home/gensis2/research/archx/chiplet4ai/llama/description/workload/llama_3_70b/config_7.workload.yaml,/home/gensis2/research/archx/chiplet4ai/llama/description/event/event.yaml,/home/gensis2/research/archx/chiplet4ai/llama/description/metric/metric.yaml,/home/gensis2/research/archx/chiplet4ai/llama/description/runs/llama_3_70b/arch_54/config_7,/home/gensis2/research/archx/chiplet4ai/llama/description/runs/llama_3_70b/arch_54/config_7/checkpoint.json
754,47,/home/gensis2/research/archx/chiplet4ai/llama/description/architecture/config_47.architecture.yaml,llama_3_70b,7,/home/gensis2/research/archx/chiplet4ai/llama/description/workload/llama_3_70b/config_7.workload.yaml,/home/gensis2/research/archx/chiplet4ai/llama/description/event/event.yaml,/home/gensis2/research/archx/chiplet4ai/llama/description/metric/metric.yaml,/home/gensis2/research/archx/chiplet4ai/llama/description/runs/llama_3_70b/arch_47/config_7,/home/gensis2/research/archx/chiplet4ai/llama/description/runs/llama_3_70b/arch_47/config_7/checkpoint.json
755,47,/home/gensis2/research/archx/chiplet4ai/llama/description/architecture/config_47.architecture.yaml,llama_3_70b,8,/home/gensis2/research/archx/chiplet4ai/llama/description/workload/llama_3_70b/config_8.workload.yaml,/home/gensis2/research/archx/chiplet4ai/llama/description/event/event.yaml,/home/gensis2/research/archx/chiplet4ai/llama/description/metric/metric.yaml,/home/gensis2/research/archx/chiplet4ai/llama/description/runs/llama_3_70b/arch_47/config_8,/home/gensis2/research/archx/chiplet4ai/llama/description/runs/llama_3_70b/arch_47/config_8/checkpoint.json
756,47,/home/gensis2/research/archx/chiplet4ai/llama/description/architecture/config_47.architecture.yaml,llama_3_70b,9,/home/gensis2/research/archx/chiplet4ai/llama/description/workload/llama_3_70b/config_9.workload.yaml,/home/gensis2/research/archx/chiplet4ai/llama/description/event/event.yaml,/home/gensis2/research/archx/chiplet4ai/llama/description/metric/metric.yaml,/home/gensis2/research/archx/chiplet4ai/llama/description/runs/llama_3_70b/arch_47/config_9,/home/gensis2/research/archx/chiplet4ai/llama/description/runs/llama_3_70b/arch_47/config_9/checkpoint.json
757,34,/home/gensis2/research/archx/chiplet4ai/llama/description/architecture/config_34.architecture.yaml,llama_3_70b,9,/home/gensis2/research/archx/chiplet4ai/llama/description/workload/llama_3_70b/config_9.workload.yaml,/home/gensis2/research/archx/chiplet4ai/llama/description/event/event.yaml,/home/gensis2/research/archx/chiplet4ai/llama/description/metric/metric.yaml,/home/gensis2/research/archx/chiplet4ai/llama/description/runs/llama_3_70b/arch_34/config_9,/home/gensis2/research/archx/chiplet4ai/llama/description/runs/llama_3_70b/arch_34/config_9/checkpoint.json
758,34,/home/gensis2/research/archx/chiplet4ai/llama/description/architecture/config_34.architecture.yaml,llama_3_70b,8,/home/gensis2/research/archx/chiplet4ai/llama/description/workload/llama_3_70b/config_8.workload.yaml,/home/gensis2/research/archx/chiplet4ai/llama/description/event/event.yaml,/home/gensis2/research/archx/chiplet4ai/llama/description/metric/metric.yaml,/home/gensis2/research/archx/chiplet4ai/llama/description/runs/llama_3_70b/arch_34/config_8,/home/gensis2/research/archx/chiplet4ai/llama/description/runs/llama_3_70b/arch_34/config_8/checkpoint.json
759,34,/home/gensis2/research/archx/chiplet4ai/llama/description/architecture/config_34.architecture.yaml,llama_3_70b,7,/home/gensis2/research/archx/chiplet4ai/llama/description/workload/llama_3_70b/config_7.workload.yaml,/home/gensis2/research/archx/chiplet4ai/llama/description/event/event.yaml,/home/gensis2/research/archx/chiplet4ai/llama/description/metric/metric.yaml,/home/gensis2/research/archx/chiplet4ai/llama/description/runs/llama_3_70b/arch_34/config_7,/home/gensis2/research/archx/chiplet4ai/llama/description/runs/llama_3_70b/arch_34/config_7/checkpoint.json
760,14,/home/gensis2/research/archx/chiplet4ai/llama/description/architecture/config_14.architecture.yaml,llama_3_70b,7,/home/gensis2/research/archx/chiplet4ai/llama/description/workload/llama_3_70b/config_7.workload.yaml,/home/gensis2/research/archx/chiplet4ai/llama/description/event/event.yaml,/home/gensis2/research/archx/chiplet4ai/llama/description/metric/metric.yaml,/home/gensis2/research/archx/chiplet4ai/llama/description/runs/llama_3_70b/arch_14/config_7,/home/gensis2/research/archx/chiplet4ai/llama/description/runs/llama_3_70b/arch_14/config_7/checkpoint.json
761,14,/home/gensis2/research/archx/chiplet4ai/llama/description/architecture/config_14.architecture.yaml,llama_3_70b,8,/home/gensis2/research/archx/chiplet4ai/llama/description/workload/llama_3_70b/config_8.workload.yaml,/home/gensis2/research/archx/chiplet4ai/llama/description/event/event.yaml,/home/gensis2/research/archx/chiplet4ai/llama/description/metric/metric.yaml,/home/gensis2/research/archx/chiplet4ai/llama/description/runs/llama_3_70b/arch_14/config_8,/home/gensis2/research/archx/chiplet4ai/llama/description/runs/llama_3_70b/arch_14/config_8/checkpoint.json
762,14,/home/gensis2/research/archx/chiplet4ai/llama/description/architecture/config_14.architecture.yaml,llama_3_70b,9,/home/gensis2/research/archx/chiplet4ai/llama/description/workload/llama_3_70b/config_9.workload.yaml,/home/gensis2/research/archx/chiplet4ai/llama/description/event/event.yaml,/home/gensis2/research/archx/chiplet4ai/llama/description/metric/metric.yaml,/home/gensis2/research/archx/chiplet4ai/llama/description/runs/llama_3_70b/arch_14/config_9,/home/gensis2/research/archx/chiplet4ai/llama/description/runs/llama_3_70b/arch_14/config_9/checkpoint.json
763,7,/home/gensis2/research/archx/chiplet4ai/llama/description/architecture/config_7.architecture.yaml,llama_3_70b,9,/home/gensis2/research/archx/chiplet4ai/llama/description/workload/llama_3_70b/config_9.workload.yaml,/home/gensis2/research/archx/chiplet4ai/llama/description/event/event.yaml,/home/gensis2/research/archx/chiplet4ai/llama/description/metric/metric.yaml,/home/gensis2/research/archx/chiplet4ai/llama/description/runs/llama_3_70b/arch_7/config_9,/home/gensis2/research/archx/chiplet4ai/llama/description/runs/llama_3_70b/arch_7/config_9/checkpoint.json
764,7,/home/gensis2/research/archx/chiplet4ai/llama/description/architecture/config_7.architecture.yaml,llama_3_70b,8,/home/gensis2/research/archx/chiplet4ai/llama/description/workload/llama_3_70b/config_8.workload.yaml,/home/gensis2/research/archx/chiplet4ai/llama/description/event/event.yaml,/home/gensis2/research/archx/chiplet4ai/llama/description/metric/metric.yaml,/home/gensis2/research/archx/chiplet4ai/llama/description/runs/llama_3_70b/arch_7/config_8,/home/gensis2/research/archx/chiplet4ai/llama/description/runs/llama_3_70b/arch_7/config_8/checkpoint.json
765,7,/home/gensis2/research/archx/chiplet4ai/llama/description/architecture/config_7.architecture.yaml,llama_3_70b,7,/home/gensis2/research/archx/chiplet4ai/llama/description/workload/llama_3_70b/config_7.workload.yaml,/home/gensis2/research/archx/chiplet4ai/llama/description/event/event.yaml,/home/gensis2/research/archx/chiplet4ai/llama/description/metric/metric.yaml,/home/gensis2/research/archx/chiplet4ai/llama/description/runs/llama_3_70b/arch_7/config_7,/home/gensis2/research/archx/chiplet4ai/llama/description/runs/llama_3_70b/arch_7/config_7/checkpoint.json
766,74,/home/gensis2/research/archx/chiplet4ai/llama/description/architecture/config_74.architecture.yaml,llama_3_70b,7,/home/gensis2/research/archx/chiplet4ai/llama/description/workload/llama_3_70b/config_7.workload.yaml,/home/gensis2/research/archx/chiplet4ai/llama/description/event/event.yaml,/home/gensis2/research/archx/chiplet4ai/llama/description/metric/metric.yaml,/home/gensis2/research/archx/chiplet4ai/llama/description/runs/llama_3_70b/arch_74/config_7,/home/gensis2/research/archx/chiplet4ai/llama/description/runs/llama_3_70b/arch_74/config_7/checkpoint.json
767,74,/home/gensis2/research/archx/chiplet4ai/llama/description/architecture/config_74.architecture.yaml,llama_3_70b,8,/home/gensis2/research/archx/chiplet4ai/llama/description/workload/llama_3_70b/config_8.workload.yaml,/home/gensis2/research/archx/chiplet4ai/llama/description/event/event.yaml,/home/gensis2/research/archx/chiplet4ai/llama/description/metric/metric.yaml,/home/gensis2/research/archx/chiplet4ai/llama/description/runs/llama_3_70b/arch_74/config_8,/home/gensis2/research/archx/chiplet4ai/llama/description/runs/llama_3_70b/arch_74/config_8/checkpoint.json
768,74,/home/gensis2/research/archx/chiplet4ai/llama/description/architecture/config_74.architecture.yaml,llama_3_70b,9,/home/gensis2/research/archx/chiplet4ai/llama/description/workload/llama_3_70b/config_9.workload.yaml,/home/gensis2/research/archx/chiplet4ai/llama/description/event/event.yaml,/home/gensis2/research/archx/chiplet4ai/llama/description/metric/metric.yaml,/home/gensis2/research/archx/chiplet4ai/llama/description/runs/llama_3_70b/arch_74/config_9,/home/gensis2/research/archx/chiplet4ai/llama/description/runs/llama_3_70b/arch_74/config_9/checkpoint.json
769,74,/home/gensis2/research/archx/chiplet4ai/llama/description/architecture/config_74.architecture.yaml,llama_3_8b,5,/home/gensis2/research/archx/chiplet4ai/llama/description/workload/llama_3_8b/config_5.workload.yaml,/home/gensis2/research/archx/chiplet4ai/llama/description/event/event.yaml,/home/gensis2/research/archx/chiplet4ai/llama/description/metric/metric.yaml,/home/gensis2/research/archx/chiplet4ai/llama/description/runs/llama_3_8b/arch_74/config_5,/home/gensis2/research/archx/chiplet4ai/llama/description/runs/llama_3_8b/arch_74/config_5/checkpoint.json
770,74,/home/gensis2/research/archx/chiplet4ai/llama/description/architecture/config_74.architecture.yaml,llama_3_8b,6,/home/gensis2/research/archx/chiplet4ai/llama/description/workload/llama_3_8b/config_6.workload.yaml,/home/gensis2/research/archx/chiplet4ai/llama/description/event/event.yaml,/home/gensis2/research/archx/chiplet4ai/llama/description/metric/metric.yaml,/home/gensis2/research/archx/chiplet4ai/llama/description/runs/llama_3_8b/arch_74/config_6,/home/gensis2/research/archx/chiplet4ai/llama/description/runs/llama_3_8b/arch_74/config_6/checkpoint.json
771,67,/home/gensis2/research/archx/chiplet4ai/llama/description/architecture/config_67.architecture.yaml,llama_3_8b,5,/home/gensis2/research/archx/chiplet4ai/llama/description/workload/llama_3_8b/config_5.workload.yaml,/home/gensis2/research/archx/chiplet4ai/llama/description/event/event.yaml,/home/gensis2/research/archx/chiplet4ai/llama/description/metric/metric.yaml,/home/gensis2/research/archx/chiplet4ai/llama/description/runs/llama_3_8b/arch_67/config_5,/home/gensis2/research/archx/chiplet4ai/llama/description/runs/llama_3_8b/arch_67/config_5/checkpoint.json
772,67,/home/gensis2/research/archx/chiplet4ai/llama/description/architecture/config_67.architecture.yaml,llama_3_8b,6,/home/gensis2/research/archx/chiplet4ai/llama/description/workload/llama_3_8b/config_6.workload.yaml,/home/gensis2/research/archx/chiplet4ai/llama/description/event/event.yaml,/home/gensis2/research/archx/chiplet4ai/llama/description/metric/metric.yaml,/home/gensis2/research/archx/chiplet4ai/llama/description/runs/llama_3_8b/arch_67/config_6,/home/gensis2/research/archx/chiplet4ai/llama/description/runs/llama_3_8b/arch_67/config_6/checkpoint.json
773,54,/home/gensis2/research/archx/chiplet4ai/llama/description/architecture/config_54.architecture.yaml,llama_3_8b,5,/home/gensis2/research/archx/chiplet4ai/llama/description/workload/llama_3_8b/config_5.workload.yaml,/home/gensis2/research/archx/chiplet4ai/llama/description/event/event.yaml,/home/gensis2/research/archx/chiplet4ai/llama/description/metric/metric.yaml,/home/gensis2/research/archx/chiplet4ai/llama/description/runs/llama_3_8b/arch_54/config_5,/home/gensis2/research/archx/chiplet4ai/llama/description/runs/llama_3_8b/arch_54/config_5/checkpoint.json
774,54,/home/gensis2/research/archx/chiplet4ai/llama/description/architecture/config_54.architecture.yaml,llama_3_8b,6,/home/gensis2/research/archx/chiplet4ai/llama/description/workload/llama_3_8b/config_6.workload.yaml,/home/gensis2/research/archx/chiplet4ai/llama/description/event/event.yaml,/home/gensis2/research/archx/chiplet4ai/llama/description/metric/metric.yaml,/home/gensis2/research/archx/chiplet4ai/llama/description/runs/llama_3_8b/arch_54/config_6,/home/gensis2/research/archx/chiplet4ai/llama/description/runs/llama_3_8b/arch_54/config_6/checkpoint.json
775,47,/home/gensis2/research/archx/chiplet4ai/llama/description/architecture/config_47.architecture.yaml,llama_3_8b,5,/home/gensis2/research/archx/chiplet4ai/llama/description/workload/llama_3_8b/config_5.workload.yaml,/home/gensis2/research/archx/chiplet4ai/llama/description/event/event.yaml,/home/gensis2/research/archx/chiplet4ai/llama/description/metric/metric.yaml,/home/gensis2/research/archx/chiplet4ai/llama/description/runs/llama_3_8b/arch_47/config_5,/home/gensis2/research/archx/chiplet4ai/llama/description/runs/llama_3_8b/arch_47/config_5/checkpoint.json
776,47,/home/gensis2/research/archx/chiplet4ai/llama/description/architecture/config_47.architecture.yaml,llama_3_8b,6,/home/gensis2/research/archx/chiplet4ai/llama/description/workload/llama_3_8b/config_6.workload.yaml,/home/gensis2/research/archx/chiplet4ai/llama/description/event/event.yaml,/home/gensis2/research/archx/chiplet4ai/llama/description/metric/metric.yaml,/home/gensis2/research/archx/chiplet4ai/llama/description/runs/llama_3_8b/arch_47/config_6,/home/gensis2/research/archx/chiplet4ai/llama/description/runs/llama_3_8b/arch_47/config_6/checkpoint.json
777,34,/home/gensis2/research/archx/chiplet4ai/llama/description/architecture/config_34.architecture.yaml,llama_3_8b,5,/home/gensis2/research/archx/chiplet4ai/llama/description/workload/llama_3_8b/config_5.workload.yaml,/home/gensis2/research/archx/chiplet4ai/llama/description/event/event.yaml,/home/gensis2/research/archx/chiplet4ai/llama/description/metric/metric.yaml,/home/gensis2/research/archx/chiplet4ai/llama/description/runs/llama_3_8b/arch_34/config_5,/home/gensis2/research/archx/chiplet4ai/llama/description/runs/llama_3_8b/arch_34/config_5/checkpoint.json
778,34,/home/gensis2/research/archx/chiplet4ai/llama/description/architecture/config_34.architecture.yaml,llama_3_8b,6,/home/gensis2/research/archx/chiplet4ai/llama/description/workload/llama_3_8b/config_6.workload.yaml,/home/gensis2/research/archx/chiplet4ai/llama/description/event/event.yaml,/home/gensis2/research/archx/chiplet4ai/llama/description/metric/metric.yaml,/home/gensis2/research/archx/chiplet4ai/llama/description/runs/llama_3_8b/arch_34/config_6,/home/gensis2/research/archx/chiplet4ai/llama/description/runs/llama_3_8b/arch_34/config_6/checkpoint.json
779,27,/home/gensis2/research/archx/chiplet4ai/llama/description/architecture/config_27.architecture.yaml,llama_3_8b,5,/home/gensis2/research/archx/chiplet4ai/llama/description/workload/llama_3_8b/config_5.workload.yaml,/home/gensis2/research/archx/chiplet4ai/llama/description/event/event.yaml,/home/gensis2/research/archx/chiplet4ai/llama/description/metric/metric.yaml,/home/gensis2/research/archx/chiplet4ai/llama/description/runs/llama_3_8b/arch_27/config_5,/home/gensis2/research/archx/chiplet4ai/llama/description/runs/llama_3_8b/arch_27/config_5/checkpoint.json
780,27,/home/gensis2/research/archx/chiplet4ai/llama/description/architecture/config_27.architecture.yaml,llama_3_8b,6,/home/gensis2/research/archx/chiplet4ai/llama/description/workload/llama_3_8b/config_6.workload.yaml,/home/gensis2/research/archx/chiplet4ai/llama/description/event/event.yaml,/home/gensis2/research/archx/chiplet4ai/llama/description/metric/metric.yaml,/home/gensis2/research/archx/chiplet4ai/llama/description/runs/llama_3_8b/arch_27/config_6,/home/gensis2/research/archx/chiplet4ai/llama/description/runs/llama_3_8b/arch_27/config_6/checkpoint.json
781,14,/home/gensis2/research/archx/chiplet4ai/llama/description/architecture/config_14.architecture.yaml,llama_3_8b,5,/home/gensis2/research/archx/chiplet4ai/llama/description/workload/llama_3_8b/config_5.workload.yaml,/home/gensis2/research/archx/chiplet4ai/llama/description/event/event.yaml,/home/gensis2/research/archx/chiplet4ai/llama/description/metric/metric.yaml,/home/gensis2/research/archx/chiplet4ai/llama/description/runs/llama_3_8b/arch_14/config_5,/home/gensis2/research/archx/chiplet4ai/llama/description/runs/llama_3_8b/arch_14/config_5/checkpoint.json
782,14,/home/gensis2/research/archx/chiplet4ai/llama/description/architecture/config_14.architecture.yaml,llama_3_8b,6,/home/gensis2/research/archx/chiplet4ai/llama/description/workload/llama_3_8b/config_6.workload.yaml,/home/gensis2/research/archx/chiplet4ai/llama/description/event/event.yaml,/home/gensis2/research/archx/chiplet4ai/llama/description/metric/metric.yaml,/home/gensis2/research/archx/chiplet4ai/llama/description/runs/llama_3_8b/arch_14/config_6,/home/gensis2/research/archx/chiplet4ai/llama/description/runs/llama_3_8b/arch_14/config_6/checkpoint.json
783,7,/home/gensis2/research/archx/chiplet4ai/llama/description/architecture/config_7.architecture.yaml,llama_3_8b,5,/home/gensis2/research/archx/chiplet4ai/llama/description/workload/llama_3_8b/config_5.workload.yaml,/home/gensis2/research/archx/chiplet4ai/llama/description/event/event.yaml,/home/gensis2/research/archx/chiplet4ai/llama/description/metric/metric.yaml,/home/gensis2/research/archx/chiplet4ai/llama/description/runs/llama_3_8b/arch_7/config_5,/home/gensis2/research/archx/chiplet4ai/llama/description/runs/llama_3_8b/arch_7/config_5/checkpoint.json
784,7,/home/gensis2/research/archx/chiplet4ai/llama/description/architecture/config_7.architecture.yaml,llama_3_8b,6,/home/gensis2/research/archx/chiplet4ai/llama/description/workload/llama_3_8b/config_6.workload.yaml,/home/gensis2/research/archx/chiplet4ai/llama/description/event/event.yaml,/home/gensis2/research/archx/chiplet4ai/llama/description/metric/metric.yaml,/home/gensis2/research/archx/chiplet4ai/llama/description/runs/llama_3_8b/arch_7/config_6,/home/gensis2/research/archx/chiplet4ai/llama/description/runs/llama_3_8b/arch_7/config_6/checkpoint.json
785,94,/home/gensis2/research/archx/chiplet4ai/llama/description/architecture/config_94.architecture.yaml,llama_3_8b,5,/home/gensis2/research/archx/chiplet4ai/llama/description/workload/llama_3_8b/config_5.workload.yaml,/home/gensis2/research/archx/chiplet4ai/llama/description/event/event.yaml,/home/gensis2/research/archx/chiplet4ai/llama/description/metric/metric.yaml,/home/gensis2/research/archx/chiplet4ai/llama/description/runs/llama_3_8b/arch_94/config_5,/home/gensis2/research/archx/chiplet4ai/llama/description/runs/llama_3_8b/arch_94/config_5/checkpoint.json
786,94,/home/gensis2/research/archx/chiplet4ai/llama/description/architecture/config_94.architecture.yaml,llama_3_8b,6,/home/gensis2/research/archx/chiplet4ai/llama/description/workload/llama_3_8b/config_6.workload.yaml,/home/gensis2/research/archx/chiplet4ai/llama/description/event/event.yaml,/home/gensis2/research/archx/chiplet4ai/llama/description/metric/metric.yaml,/home/gensis2/research/archx/chiplet4ai/llama/description/runs/llama_3_8b/arch_94/config_6,/home/gensis2/research/archx/chiplet4ai/llama/description/runs/llama_3_8b/arch_94/config_6/checkpoint.json
787,93,/home/gensis2/research/archx/chiplet4ai/llama/description/architecture/config_93.architecture.yaml,llama_3_8b,5,/home/gensis2/research/archx/chiplet4ai/llama/description/workload/llama_3_8b/config_5.workload.yaml,/home/gensis2/research/archx/chiplet4ai/llama/description/event/event.yaml,/home/gensis2/research/archx/chiplet4ai/llama/description/metric/metric.yaml,/home/gensis2/research/archx/chiplet4ai/llama/description/runs/llama_3_8b/arch_93/config_5,/home/gensis2/research/archx/chiplet4ai/llama/description/runs/llama_3_8b/arch_93/config_5/checkpoint.json
788,93,/home/gensis2/research/archx/chiplet4ai/llama/description/architecture/config_93.architecture.yaml,llama_3_8b,6,/home/gensis2/research/archx/chiplet4ai/llama/description/workload/llama_3_8b/config_6.workload.yaml,/home/gensis2/research/archx/chiplet4ai/llama/description/event/event.yaml,/home/gensis2/research/archx/chiplet4ai/llama/description/metric/metric.yaml,/home/gensis2/research/archx/chiplet4ai/llama/description/runs/llama_3_8b/arch_93/config_6,/home/gensis2/research/archx/chiplet4ai/llama/description/runs/llama_3_8b/arch_93/config_6/checkpoint.json
789,93,/home/gensis2/research/archx/chiplet4ai/llama/description/architecture/config_93.architecture.yaml,llama_3_70b,7,/home/gensis2/research/archx/chiplet4ai/llama/description/workload/llama_3_70b/config_7.workload.yaml,/home/gensis2/research/archx/chiplet4ai/llama/description/event/event.yaml,/home/gensis2/research/archx/chiplet4ai/llama/description/metric/metric.yaml,/home/gensis2/research/archx/chiplet4ai/llama/description/runs/llama_3_70b/arch_93/config_7,/home/gensis2/research/archx/chiplet4ai/llama/description/runs/llama_3_70b/arch_93/config_7/checkpoint.json
790,93,/home/gensis2/research/archx/chiplet4ai/llama/description/architecture/config_93.architecture.yaml,llama_3_70b,8,/home/gensis2/research/archx/chiplet4ai/llama/description/workload/llama_3_70b/config_8.workload.yaml,/home/gensis2/research/archx/chiplet4ai/llama/description/event/event.yaml,/home/gensis2/research/archx/chiplet4ai/llama/description/metric/metric.yaml,/home/gensis2/research/archx/chiplet4ai/llama/description/runs/llama_3_70b/arch_93/config_8,/home/gensis2/research/archx/chiplet4ai/llama/description/runs/llama_3_70b/arch_93/config_8/checkpoint.json
791,93,/home/gensis2/research/archx/chiplet4ai/llama/description/architecture/config_93.architecture.yaml,llama_3_70b,9,/home/gensis2/research/archx/chiplet4ai/llama/description/workload/llama_3_70b/config_9.workload.yaml,/home/gensis2/research/archx/chiplet4ai/llama/description/event/event.yaml,/home/gensis2/research/archx/chiplet4ai/llama/description/metric/metric.yaml,/home/gensis2/research/archx/chiplet4ai/llama/description/runs/llama_3_70b/arch_93/config_9,/home/gensis2/research/archx/chiplet4ai/llama/description/runs/llama_3_70b/arch_93/config_9/checkpoint.json
792,94,/home/gensis2/research/archx/chiplet4ai/llama/description/architecture/config_94.architecture.yaml,llama_3_70b,8,/home/gensis2/research/archx/chiplet4ai/llama/description/workload/llama_3_70b/config_8.workload.yaml,/home/gensis2/research/archx/chiplet4ai/llama/description/event/event.yaml,/home/gensis2/research/archx/chiplet4ai/llama/description/metric/metric.yaml,/home/gensis2/research/archx/chiplet4ai/llama/description/runs/llama_3_70b/arch_94/config_8,/home/gensis2/research/archx/chiplet4ai/llama/description/runs/llama_3_70b/arch_94/config_8/checkpoint.json
793,94,/home/gensis2/research/archx/chiplet4ai/llama/description/architecture/config_94.architecture.yaml,llama_3_70b,9,/home/gensis2/research/archx/chiplet4ai/llama/description/workload/llama_3_70b/config_9.workload.yaml,/home/gensis2/research/archx/chiplet4ai/llama/description/event/event.yaml,/home/gensis2/research/archx/chiplet4ai/llama/description/metric/metric.yaml,/home/gensis2/research/archx/chiplet4ai/llama/description/runs/llama_3_70b/arch_94/config_9,/home/gensis2/research/archx/chiplet4ai/llama/description/runs/llama_3_70b/arch_94/config_9/checkpoint.json
794,94,/home/gensis2/research/archx/chiplet4ai/llama/description/architecture/config_94.architecture.yaml,llama_3_70b,7,/home/gensis2/research/archx/chiplet4ai/llama/description/workload/llama_3_70b/config_7.workload.yaml,/home/gensis2/research/archx/chiplet4ai/llama/description/event/event.yaml,/home/gensis2/research/archx/chiplet4ai/llama/description/metric/metric.yaml,/home/gensis2/research/archx/chiplet4ai/llama/description/runs/llama_3_70b/arch_94/config_7,/home/gensis2/research/archx/chiplet4ai/llama/description/runs/llama_3_70b/arch_94/config_7/checkpoint.json
795,92,/home/gensis2/research/archx/chiplet4ai/llama/description/architecture/config_92.architecture.yaml,llama_3_70b,7,/home/gensis2/research/archx/chiplet4ai/llama/description/workload/llama_3_70b/config_7.workload.yaml,/home/gensis2/research/archx/chiplet4ai/llama/description/event/event.yaml,/home/gensis2/research/archx/chiplet4ai/llama/description/metric/metric.yaml,/home/gensis2/research/archx/chiplet4ai/llama/description/runs/llama_3_70b/arch_92/config_7,/home/gensis2/research/archx/chiplet4ai/llama/description/runs/llama_3_70b/arch_92/config_7/checkpoint.json
796,92,/home/gensis2/research/archx/chiplet4ai/llama/description/architecture/config_92.architecture.yaml,llama_3_70b,8,/home/gensis2/research/archx/chiplet4ai/llama/description/workload/llama_3_70b/config_8.workload.yaml,/home/gensis2/research/archx/chiplet4ai/llama/description/event/event.yaml,/home/gensis2/research/archx/chiplet4ai/llama/description/metric/metric.yaml,/home/gensis2/research/archx/chiplet4ai/llama/description/runs/llama_3_70b/arch_92/config_8,/home/gensis2/research/archx/chiplet4ai/llama/description/runs/llama_3_70b/arch_92/config_8/checkpoint.json
797,92,/home/gensis2/research/archx/chiplet4ai/llama/description/architecture/config_92.architecture.yaml,llama_3_70b,9,/home/gensis2/research/archx/chiplet4ai/llama/description/workload/llama_3_70b/config_9.workload.yaml,/home/gensis2/research/archx/chiplet4ai/llama/description/event/event.yaml,/home/gensis2/research/archx/chiplet4ai/llama/description/metric/metric.yaml,/home/gensis2/research/archx/chiplet4ai/llama/description/runs/llama_3_70b/arch_92/config_9,/home/gensis2/research/archx/chiplet4ai/llama/description/runs/llama_3_70b/arch_92/config_9/checkpoint.json
798,91,/home/gensis2/research/archx/chiplet4ai/llama/description/architecture/config_91.architecture.yaml,llama_3_70b,9,/home/gensis2/research/archx/chiplet4ai/llama/description/workload/llama_3_70b/config_9.workload.yaml,/home/gensis2/research/archx/chiplet4ai/llama/description/event/event.yaml,/home/gensis2/research/archx/chiplet4ai/llama/description/metric/metric.yaml,/home/gensis2/research/archx/chiplet4ai/llama/description/runs/llama_3_70b/arch_91/config_9,/home/gensis2/research/archx/chiplet4ai/llama/description/runs/llama_3_70b/arch_91/config_9/checkpoint.json
799,91,/home/gensis2/research/archx/chiplet4ai/llama/description/architecture/config_91.architecture.yaml,llama_3_70b,8,/home/gensis2/research/archx/chiplet4ai/llama/description/workload/llama_3_70b/config_8.workload.yaml,/home/gensis2/research/archx/chiplet4ai/llama/description/event/event.yaml,/home/gensis2/research/archx/chiplet4ai/llama/description/metric/metric.yaml,/home/gensis2/research/archx/chiplet4ai/llama/description/runs/llama_3_70b/arch_91/config_8,/home/gensis2/research/archx/chiplet4ai/llama/description/runs/llama_3_70b/arch_91/config_8/checkpoint.json
800,91,/home/gensis2/research/archx/chiplet4ai/llama/description/architecture/config_91.architecture.yaml,llama_3_70b,7,/home/gensis2/research/archx/chiplet4ai/llama/description/workload/llama_3_70b/config_7.workload.yaml,/home/gensis2/research/archx/chiplet4ai/llama/description/event/event.yaml,/home/gensis2/research/archx/chiplet4ai/llama/description/metric/metric.yaml,/home/gensis2/research/archx/chiplet4ai/llama/description/runs/llama_3_70b/arch_91/config_7,/home/gensis2/research/archx/chiplet4ai/llama/description/runs/llama_3_70b/arch_91/config_7/checkpoint.json
801,91,/home/gensis2/research/archx/chiplet4ai/llama/description/architecture/config_91.architecture.yaml,llama_3_8b,5,/home/gensis2/research/archx/chiplet4ai/llama/description/workload/llama_3_8b/config_5.workload.yaml,/home/gensis2/research/archx/chiplet4ai/llama/description/event/event.yaml,/home/gensis2/research/archx/chiplet4ai/llama/description/metric/metric.yaml,/home/gensis2/research/archx/chiplet4ai/llama/description/runs/llama_3_8b/arch_91/config_5,/home/gensis2/research/archx/chiplet4ai/llama/description/runs/llama_3_8b/arch_91/config_5/checkpoint.json
802,91,/home/gensis2/research/archx/chiplet4ai/llama/description/architecture/config_91.architecture.yaml,llama_3_8b,6,/home/gensis2/research/archx/chiplet4ai/llama/description/workload/llama_3_8b/config_6.workload.yaml,/home/gensis2/research/archx/chiplet4ai/llama/description/event/event.yaml,/home/gensis2/research/archx/chiplet4ai/llama/description/metric/metric.yaml,/home/gensis2/research/archx/chiplet4ai/llama/description/runs/llama_3_8b/arch_91/config_6,/home/gensis2/research/archx/chiplet4ai/llama/description/runs/llama_3_8b/arch_91/config_6/checkpoint.json
803,92,/home/gensis2/research/archx/chiplet4ai/llama/description/architecture/config_92.architecture.yaml,llama_3_8b,5,/home/gensis2/research/archx/chiplet4ai/llama/description/workload/llama_3_8b/config_5.workload.yaml,/home/gensis2/research/archx/chiplet4ai/llama/description/event/event.yaml,/home/gensis2/research/archx/chiplet4ai/llama/description/metric/metric.yaml,/home/gensis2/research/archx/chiplet4ai/llama/description/runs/llama_3_8b/arch_92/config_5,/home/gensis2/research/archx/chiplet4ai/llama/description/runs/llama_3_8b/arch_92/config_5/checkpoint.json
804,92,/home/gensis2/research/archx/chiplet4ai/llama/description/architecture/config_92.architecture.yaml,llama_3_8b,6,/home/gensis2/research/archx/chiplet4ai/llama/description/workload/llama_3_8b/config_6.workload.yaml,/home/gensis2/research/archx/chiplet4ai/llama/description/event/event.yaml,/home/gensis2/research/archx/chiplet4ai/llama/description/metric/metric.yaml,/home/gensis2/research/archx/chiplet4ai/llama/description/runs/llama_3_8b/arch_92/config_6,/home/gensis2/research/archx/chiplet4ai/llama/description/runs/llama_3_8b/arch_92/config_6/checkpoint.json
805,75,/home/gensis2/research/archx/chiplet4ai/llama/description/architecture/config_75.architecture.yaml,llama_3_8b,5,/home/gensis2/research/archx/chiplet4ai/llama/description/workload/llama_3_8b/config_5.workload.yaml,/home/gensis2/research/archx/chiplet4ai/llama/description/event/event.yaml,/home/gensis2/research/archx/chiplet4ai/llama/description/metric/metric.yaml,/home/gensis2/research/archx/chiplet4ai/llama/description/runs/llama_3_8b/arch_75/config_5,/home/gensis2/research/archx/chiplet4ai/llama/description/runs/llama_3_8b/arch_75/config_5/checkpoint.json
806,75,/home/gensis2/research/archx/chiplet4ai/llama/description/architecture/config_75.architecture.yaml,llama_3_8b,6,/home/gensis2/research/archx/chiplet4ai/llama/description/workload/llama_3_8b/config_6.workload.yaml,/home/gensis2/research/archx/chiplet4ai/llama/description/event/event.yaml,/home/gensis2/research/archx/chiplet4ai/llama/description/metric/metric.yaml,/home/gensis2/research/archx/chiplet4ai/llama/description/runs/llama_3_8b/arch_75/config_6,/home/gensis2/research/archx/chiplet4ai/llama/description/runs/llama_3_8b/arch_75/config_6/checkpoint.json
807,66,/home/gensis2/research/archx/chiplet4ai/llama/description/architecture/config_66.architecture.yaml,llama_3_8b,5,/home/gensis2/research/archx/chiplet4ai/llama/description/workload/llama_3_8b/config_5.workload.yaml,/home/gensis2/research/archx/chiplet4ai/llama/description/event/event.yaml,/home/gensis2/research/archx/chiplet4ai/llama/description/metric/metric.yaml,/home/gensis2/research/archx/chiplet4ai/llama/description/runs/llama_3_8b/arch_66/config_5,/home/gensis2/research/archx/chiplet4ai/llama/description/runs/llama_3_8b/arch_66/config_5/checkpoint.json
808,66,/home/gensis2/research/archx/chiplet4ai/llama/description/architecture/config_66.architecture.yaml,llama_3_8b,6,/home/gensis2/research/archx/chiplet4ai/llama/description/workload/llama_3_8b/config_6.workload.yaml,/home/gensis2/research/archx/chiplet4ai/llama/description/event/event.yaml,/home/gensis2/research/archx/chiplet4ai/llama/description/metric/metric.yaml,/home/gensis2/research/archx/chiplet4ai/llama/description/runs/llama_3_8b/arch_66/config_6,/home/gensis2/research/archx/chiplet4ai/llama/description/runs/llama_3_8b/arch_66/config_6/checkpoint.json
809,55,/home/gensis2/research/archx/chiplet4ai/llama/description/architecture/config_55.architecture.yaml,llama_3_8b,5,/home/gensis2/research/archx/chiplet4ai/llama/description/workload/llama_3_8b/config_5.workload.yaml,/home/gensis2/research/archx/chiplet4ai/llama/description/event/event.yaml,/home/gensis2/research/archx/chiplet4ai/llama/description/metric/metric.yaml,/home/gensis2/research/archx/chiplet4ai/llama/description/runs/llama_3_8b/arch_55/config_5,/home/gensis2/research/archx/chiplet4ai/llama/description/runs/llama_3_8b/arch_55/config_5/checkpoint.json
810,55,/home/gensis2/research/archx/chiplet4ai/llama/description/architecture/config_55.architecture.yaml,llama_3_8b,6,/home/gensis2/research/archx/chiplet4ai/llama/description/workload/llama_3_8b/config_6.workload.yaml,/home/gensis2/research/archx/chiplet4ai/llama/description/event/event.yaml,/home/gensis2/research/archx/chiplet4ai/llama/description/metric/metric.yaml,/home/gensis2/research/archx/chiplet4ai/llama/description/runs/llama_3_8b/arch_55/config_6,/home/gensis2/research/archx/chiplet4ai/llama/description/runs/llama_3_8b/arch_55/config_6/checkpoint.json
811,46,/home/gensis2/research/archx/chiplet4ai/llama/description/architecture/config_46.architecture.yaml,llama_3_8b,5,/home/gensis2/research/archx/chiplet4ai/llama/description/workload/llama_3_8b/config_5.workload.yaml,/home/gensis2/research/archx/chiplet4ai/llama/description/event/event.yaml,/home/gensis2/research/archx/chiplet4ai/llama/description/metric/metric.yaml,/home/gensis2/research/archx/chiplet4ai/llama/description/runs/llama_3_8b/arch_46/config_5,/home/gensis2/research/archx/chiplet4ai/llama/description/runs/llama_3_8b/arch_46/config_5/checkpoint.json
812,46,/home/gensis2/research/archx/chiplet4ai/llama/description/architecture/config_46.architecture.yaml,llama_3_8b,6,/home/gensis2/research/archx/chiplet4ai/llama/description/workload/llama_3_8b/config_6.workload.yaml,/home/gensis2/research/archx/chiplet4ai/llama/description/event/event.yaml,/home/gensis2/research/archx/chiplet4ai/llama/description/metric/metric.yaml,/home/gensis2/research/archx/chiplet4ai/llama/description/runs/llama_3_8b/arch_46/config_6,/home/gensis2/research/archx/chiplet4ai/llama/description/runs/llama_3_8b/arch_46/config_6/checkpoint.json
813,35,/home/gensis2/research/archx/chiplet4ai/llama/description/architecture/config_35.architecture.yaml,llama_3_8b,5,/home/gensis2/research/archx/chiplet4ai/llama/description/workload/llama_3_8b/config_5.workload.yaml,/home/gensis2/research/archx/chiplet4ai/llama/description/event/event.yaml,/home/gensis2/research/archx/chiplet4ai/llama/description/metric/metric.yaml,/home/gensis2/research/archx/chiplet4ai/llama/description/runs/llama_3_8b/arch_35/config_5,/home/gensis2/research/archx/chiplet4ai/llama/description/runs/llama_3_8b/arch_35/config_5/checkpoint.json
814,35,/home/gensis2/research/archx/chiplet4ai/llama/description/architecture/config_35.architecture.yaml,llama_3_8b,6,/home/gensis2/research/archx/chiplet4ai/llama/description/workload/llama_3_8b/config_6.workload.yaml,/home/gensis2/research/archx/chiplet4ai/llama/description/event/event.yaml,/home/gensis2/research/archx/chiplet4ai/llama/description/metric/metric.yaml,/home/gensis2/research/archx/chiplet4ai/llama/description/runs/llama_3_8b/arch_35/config_6,/home/gensis2/research/archx/chiplet4ai/llama/description/runs/llama_3_8b/arch_35/config_6/checkpoint.json
815,26,/home/gensis2/research/archx/chiplet4ai/llama/description/architecture/config_26.architecture.yaml,llama_3_8b,5,/home/gensis2/research/archx/chiplet4ai/llama/description/workload/llama_3_8b/config_5.workload.yaml,/home/gensis2/research/archx/chiplet4ai/llama/description/event/event.yaml,/home/gensis2/research/archx/chiplet4ai/llama/description/metric/metric.yaml,/home/gensis2/research/archx/chiplet4ai/llama/description/runs/llama_3_8b/arch_26/config_5,/home/gensis2/research/archx/chiplet4ai/llama/description/runs/llama_3_8b/arch_26/config_5/checkpoint.json
816,26,/home/gensis2/research/archx/chiplet4ai/llama/description/architecture/config_26.architecture.yaml,llama_3_8b,6,/home/gensis2/research/archx/chiplet4ai/llama/description/workload/llama_3_8b/config_6.workload.yaml,/home/gensis2/research/archx/chiplet4ai/llama/description/event/event.yaml,/home/gensis2/research/archx/chiplet4ai/llama/description/metric/metric.yaml,/home/gensis2/research/archx/chiplet4ai/llama/description/runs/llama_3_8b/arch_26/config_6,/home/gensis2/research/archx/chiplet4ai/llama/description/runs/llama_3_8b/arch_26/config_6/checkpoint.json
817,15,/home/gensis2/research/archx/chiplet4ai/llama/description/architecture/config_15.architecture.yaml,llama_3_8b,5,/home/gensis2/research/archx/chiplet4ai/llama/description/workload/llama_3_8b/config_5.workload.yaml,/home/gensis2/research/archx/chiplet4ai/llama/description/event/event.yaml,/home/gensis2/research/archx/chiplet4ai/llama/description/metric/metric.yaml,/home/gensis2/research/archx/chiplet4ai/llama/description/runs/llama_3_8b/arch_15/config_5,/home/gensis2/research/archx/chiplet4ai/llama/description/runs/llama_3_8b/arch_15/config_5/checkpoint.json
818,15,/home/gensis2/research/archx/chiplet4ai/llama/description/architecture/config_15.architecture.yaml,llama_3_8b,6,/home/gensis2/research/archx/chiplet4ai/llama/description/workload/llama_3_8b/config_6.workload.yaml,/home/gensis2/research/archx/chiplet4ai/llama/description/event/event.yaml,/home/gensis2/research/archx/chiplet4ai/llama/description/metric/metric.yaml,/home/gensis2/research/archx/chiplet4ai/llama/description/runs/llama_3_8b/arch_15/config_6,/home/gensis2/research/archx/chiplet4ai/llama/description/runs/llama_3_8b/arch_15/config_6/checkpoint.json
819,6,/home/gensis2/research/archx/chiplet4ai/llama/description/architecture/config_6.architecture.yaml,llama_3_8b,5,/home/gensis2/research/archx/chiplet4ai/llama/description/workload/llama_3_8b/config_5.workload.yaml,/home/gensis2/research/archx/chiplet4ai/llama/description/event/event.yaml,/home/gensis2/research/archx/chiplet4ai/llama/description/metric/metric.yaml,/home/gensis2/research/archx/chiplet4ai/llama/description/runs/llama_3_8b/arch_6/config_5,/home/gensis2/research/archx/chiplet4ai/llama/description/runs/llama_3_8b/arch_6/config_5/checkpoint.json
820,6,/home/gensis2/research/archx/chiplet4ai/llama/description/architecture/config_6.architecture.yaml,llama_3_8b,6,/home/gensis2/research/archx/chiplet4ai/llama/description/workload/llama_3_8b/config_6.workload.yaml,/home/gensis2/research/archx/chiplet4ai/llama/description/event/event.yaml,/home/gensis2/research/archx/chiplet4ai/llama/description/metric/metric.yaml,/home/gensis2/research/archx/chiplet4ai/llama/description/runs/llama_3_8b/arch_6/config_6,/home/gensis2/research/archx/chiplet4ai/llama/description/runs/llama_3_8b/arch_6/config_6/checkpoint.json
821,6,/home/gensis2/research/archx/chiplet4ai/llama/description/architecture/config_6.architecture.yaml,llama_3_70b,7,/home/gensis2/research/archx/chiplet4ai/llama/description/workload/llama_3_70b/config_7.workload.yaml,/home/gensis2/research/archx/chiplet4ai/llama/description/event/event.yaml,/home/gensis2/research/archx/chiplet4ai/llama/description/metric/metric.yaml,/home/gensis2/research/archx/chiplet4ai/llama/description/runs/llama_3_70b/arch_6/config_7,/home/gensis2/research/archx/chiplet4ai/llama/description/runs/llama_3_70b/arch_6/config_7/checkpoint.json
822,6,/home/gensis2/research/archx/chiplet4ai/llama/description/architecture/config_6.architecture.yaml,llama_3_70b,8,/home/gensis2/research/archx/chiplet4ai/llama/description/workload/llama_3_70b/config_8.workload.yaml,/home/gensis2/research/archx/chiplet4ai/llama/description/event/event.yaml,/home/gensis2/research/archx/chiplet4ai/llama/description/metric/metric.yaml,/home/gensis2/research/archx/chiplet4ai/llama/description/runs/llama_3_70b/arch_6/config_8,/home/gensis2/research/archx/chiplet4ai/llama/description/runs/llama_3_70b/arch_6/config_8/checkpoint.json
823,6,/home/gensis2/research/archx/chiplet4ai/llama/description/architecture/config_6.architecture.yaml,llama_3_70b,9,/home/gensis2/research/archx/chiplet4ai/llama/description/workload/llama_3_70b/config_9.workload.yaml,/home/gensis2/research/archx/chiplet4ai/llama/description/event/event.yaml,/home/gensis2/research/archx/chiplet4ai/llama/description/metric/metric.yaml,/home/gensis2/research/archx/chiplet4ai/llama/description/runs/llama_3_70b/arch_6/config_9,/home/gensis2/research/archx/chiplet4ai/llama/description/runs/llama_3_70b/arch_6/config_9/checkpoint.json
824,66,/home/gensis2/research/archx/chiplet4ai/llama/description/architecture/config_66.architecture.yaml,llama_3_70b,8,/home/gensis2/research/archx/chiplet4ai/llama/description/workload/llama_3_70b/config_8.workload.yaml,/home/gensis2/research/archx/chiplet4ai/llama/description/event/event.yaml,/home/gensis2/research/archx/chiplet4ai/llama/description/metric/metric.yaml,/home/gensis2/research/archx/chiplet4ai/llama/description/runs/llama_3_70b/arch_66/config_8,/home/gensis2/research/archx/chiplet4ai/llama/description/runs/llama_3_70b/arch_66/config_8/checkpoint.json
825,66,/home/gensis2/research/archx/chiplet4ai/llama/description/architecture/config_66.architecture.yaml,llama_3_70b,9,/home/gensis2/research/archx/chiplet4ai/llama/description/workload/llama_3_70b/config_9.workload.yaml,/home/gensis2/research/archx/chiplet4ai/llama/description/event/event.yaml,/home/gensis2/research/archx/chiplet4ai/llama/description/metric/metric.yaml,/home/gensis2/research/archx/chiplet4ai/llama/description/runs/llama_3_70b/arch_66/config_9,/home/gensis2/research/archx/chiplet4ai/llama/description/runs/llama_3_70b/arch_66/config_9/checkpoint.json
826,66,/home/gensis2/research/archx/chiplet4ai/llama/description/architecture/config_66.architecture.yaml,llama_3_70b,7,/home/gensis2/research/archx/chiplet4ai/llama/description/workload/llama_3_70b/config_7.workload.yaml,/home/gensis2/research/archx/chiplet4ai/llama/description/event/event.yaml,/home/gensis2/research/archx/chiplet4ai/llama/description/metric/metric.yaml,/home/gensis2/research/archx/chiplet4ai/llama/description/runs/llama_3_70b/arch_66/config_7,/home/gensis2/research/archx/chiplet4ai/llama/description/runs/llama_3_70b/arch_66/config_7/checkpoint.json
827,55,/home/gensis2/research/archx/chiplet4ai/llama/description/architecture/config_55.architecture.yaml,llama_3_70b,7,/home/gensis2/research/archx/chiplet4ai/llama/description/workload/llama_3_70b/config_7.workload.yaml,/home/gensis2/research/archx/chiplet4ai/llama/description/event/event.yaml,/home/gensis2/research/archx/chiplet4ai/llama/description/metric/metric.yaml,/home/gensis2/research/archx/chiplet4ai/llama/description/runs/llama_3_70b/arch_55/config_7,/home/gensis2/research/archx/chiplet4ai/llama/description/runs/llama_3_70b/arch_55/config_7/checkpoint.json
828,55,/home/gensis2/research/archx/chiplet4ai/llama/description/architecture/config_55.architecture.yaml,llama_3_70b,8,/home/gensis2/research/archx/chiplet4ai/llama/description/workload/llama_3_70b/config_8.workload.yaml,/home/gensis2/research/archx/chiplet4ai/llama/description/event/event.yaml,/home/gensis2/research/archx/chiplet4ai/llama/description/metric/metric.yaml,/home/gensis2/research/archx/chiplet4ai/llama/description/runs/llama_3_70b/arch_55/config_8,/home/gensis2/research/archx/chiplet4ai/llama/description/runs/llama_3_70b/arch_55/config_8/checkpoint.json
829,55,/home/gensis2/research/archx/chiplet4ai/llama/description/architecture/config_55.architecture.yaml,llama_3_70b,9,/home/gensis2/research/archx/chiplet4ai/llama/description/workload/llama_3_70b/config_9.workload.yaml,/home/gensis2/research/archx/chiplet4ai/llama/description/event/event.yaml,/home/gensis2/research/archx/chiplet4ai/llama/description/metric/metric.yaml,/home/gensis2/research/archx/chiplet4ai/llama/description/runs/llama_3_70b/arch_55/config_9,/home/gensis2/research/archx/chiplet4ai/llama/description/runs/llama_3_70b/arch_55/config_9/checkpoint.json
830,46,/home/gensis2/research/archx/chiplet4ai/llama/description/architecture/config_46.architecture.yaml,llama_3_70b,8,/home/gensis2/research/archx/chiplet4ai/llama/description/workload/llama_3_70b/config_8.workload.yaml,/home/gensis2/research/archx/chiplet4ai/llama/description/event/event.yaml,/home/gensis2/research/archx/chiplet4ai/llama/description/metric/metric.yaml,/home/gensis2/research/archx/chiplet4ai/llama/description/runs/llama_3_70b/arch_46/config_8,/home/gensis2/research/archx/chiplet4ai/llama/description/runs/llama_3_70b/arch_46/config_8/checkpoint.json
831,46,/home/gensis2/research/archx/chiplet4ai/llama/description/architecture/config_46.architecture.yaml,llama_3_70b,9,/home/gensis2/research/archx/chiplet4ai/llama/description/workload/llama_3_70b/config_9.workload.yaml,/home/gensis2/research/archx/chiplet4ai/llama/description/event/event.yaml,/home/gensis2/research/archx/chiplet4ai/llama/description/metric/metric.yaml,/home/gensis2/research/archx/chiplet4ai/llama/description/runs/llama_3_70b/arch_46/config_9,/home/gensis2/research/archx/chiplet4ai/llama/description/runs/llama_3_70b/arch_46/config_9/checkpoint.json
832,46,/home/gensis2/research/archx/chiplet4ai/llama/description/architecture/config_46.architecture.yaml,llama_3_70b,7,/home/gensis2/research/archx/chiplet4ai/llama/description/workload/llama_3_70b/config_7.workload.yaml,/home/gensis2/research/archx/chiplet4ai/llama/description/event/event.yaml,/home/gensis2/research/archx/chiplet4ai/llama/description/metric/metric.yaml,/home/gensis2/research/archx/chiplet4ai/llama/description/runs/llama_3_70b/arch_46/config_7,/home/gensis2/research/archx/chiplet4ai/llama/description/runs/llama_3_70b/arch_46/config_7/checkpoint.json
833,35,/home/gensis2/research/archx/chiplet4ai/llama/description/architecture/config_35.architecture.yaml,llama_3_70b,7,/home/gensis2/research/archx/chiplet4ai/llama/description/workload/llama_3_70b/config_7.workload.yaml,/home/gensis2/research/archx/chiplet4ai/llama/description/event/event.yaml,/home/gensis2/research/archx/chiplet4ai/llama/description/metric/metric.yaml,/home/gensis2/research/archx/chiplet4ai/llama/description/runs/llama_3_70b/arch_35/config_7,/home/gensis2/research/archx/chiplet4ai/llama/description/runs/llama_3_70b/arch_35/config_7/checkpoint.json
834,35,/home/gensis2/research/archx/chiplet4ai/llama/description/architecture/config_35.architecture.yaml,llama_3_70b,8,/home/gensis2/research/archx/chiplet4ai/llama/description/workload/llama_3_70b/config_8.workload.yaml,/home/gensis2/research/archx/chiplet4ai/llama/description/event/event.yaml,/home/gensis2/research/archx/chiplet4ai/llama/description/metric/metric.yaml,/home/gensis2/research/archx/chiplet4ai/llama/description/runs/llama_3_70b/arch_35/config_8,/home/gensis2/research/archx/chiplet4ai/llama/description/runs/llama_3_70b/arch_35/config_8/checkpoint.json
835,35,/home/gensis2/research/archx/chiplet4ai/llama/description/architecture/config_35.architecture.yaml,llama_3_70b,9,/home/gensis2/research/archx/chiplet4ai/llama/description/workload/llama_3_70b/config_9.workload.yaml,/home/gensis2/research/archx/chiplet4ai/llama/description/event/event.yaml,/home/gensis2/research/archx/chiplet4ai/llama/description/metric/metric.yaml,/home/gensis2/research/archx/chiplet4ai/llama/description/runs/llama_3_70b/arch_35/config_9,/home/gensis2/research/archx/chiplet4ai/llama/description/runs/llama_3_70b/arch_35/config_9/checkpoint.json
836,26,/home/gensis2/research/archx/chiplet4ai/llama/description/architecture/config_26.architecture.yaml,llama_3_70b,8,/home/gensis2/research/archx/chiplet4ai/llama/description/workload/llama_3_70b/config_8.workload.yaml,/home/gensis2/research/archx/chiplet4ai/llama/description/event/event.yaml,/home/gensis2/research/archx/chiplet4ai/llama/description/metric/metric.yaml,/home/gensis2/research/archx/chiplet4ai/llama/description/runs/llama_3_70b/arch_26/config_8,/home/gensis2/research/archx/chiplet4ai/llama/description/runs/llama_3_70b/arch_26/config_8/checkpoint.json
837,26,/home/gensis2/research/archx/chiplet4ai/llama/description/architecture/config_26.architecture.yaml,llama_3_70b,9,/home/gensis2/research/archx/chiplet4ai/llama/description/workload/llama_3_70b/config_9.workload.yaml,/home/gensis2/research/archx/chiplet4ai/llama/description/event/event.yaml,/home/gensis2/research/archx/chiplet4ai/llama/description/metric/metric.yaml,/home/gensis2/research/archx/chiplet4ai/llama/description/runs/llama_3_70b/arch_26/config_9,/home/gensis2/research/archx/chiplet4ai/llama/description/runs/llama_3_70b/arch_26/config_9/checkpoint.json
838,26,/home/gensis2/research/archx/chiplet4ai/llama/description/architecture/config_26.architecture.yaml,llama_3_70b,7,/home/gensis2/research/archx/chiplet4ai/llama/description/workload/llama_3_70b/config_7.workload.yaml,/home/gensis2/research/archx/chiplet4ai/llama/description/event/event.yaml,/home/gensis2/research/archx/chiplet4ai/llama/description/metric/metric.yaml,/home/gensis2/research/archx/chiplet4ai/llama/description/runs/llama_3_70b/arch_26/config_7,/home/gensis2/research/archx/chiplet4ai/llama/description/runs/llama_3_70b/arch_26/config_7/checkpoint.json
839,15,/home/gensis2/research/archx/chiplet4ai/llama/description/architecture/config_15.architecture.yaml,llama_3_70b,7,/home/gensis2/research/archx/chiplet4ai/llama/description/workload/llama_3_70b/config_7.workload.yaml,/home/gensis2/research/archx/chiplet4ai/llama/description/event/event.yaml,/home/gensis2/research/archx/chiplet4ai/llama/description/metric/metric.yaml,/home/gensis2/research/archx/chiplet4ai/llama/description/runs/llama_3_70b/arch_15/config_7,/home/gensis2/research/archx/chiplet4ai/llama/description/runs/llama_3_70b/arch_15/config_7/checkpoint.json
840,15,/home/gensis2/research/archx/chiplet4ai/llama/description/architecture/config_15.architecture.yaml,llama_3_70b,8,/home/gensis2/research/archx/chiplet4ai/llama/description/workload/llama_3_70b/config_8.workload.yaml,/home/gensis2/research/archx/chiplet4ai/llama/description/event/event.yaml,/home/gensis2/research/archx/chiplet4ai/llama/description/metric/metric.yaml,/home/gensis2/research/archx/chiplet4ai/llama/description/runs/llama_3_70b/arch_15/config_8,/home/gensis2/research/archx/chiplet4ai/llama/description/runs/llama_3_70b/arch_15/config_8/checkpoint.json
841,15,/home/gensis2/research/archx/chiplet4ai/llama/description/architecture/config_15.architecture.yaml,llama_3_70b,9,/home/gensis2/research/archx/chiplet4ai/llama/description/workload/llama_3_70b/config_9.workload.yaml,/home/gensis2/research/archx/chiplet4ai/llama/description/event/event.yaml,/home/gensis2/research/archx/chiplet4ai/llama/description/metric/metric.yaml,/home/gensis2/research/archx/chiplet4ai/llama/description/runs/llama_3_70b/arch_15/config_9,/home/gensis2/research/archx/chiplet4ai/llama/description/runs/llama_3_70b/arch_15/config_9/checkpoint.json
842,75,/home/gensis2/research/archx/chiplet4ai/llama/description/architecture/config_75.architecture.yaml,llama_3_70b,8,/home/gensis2/research/archx/chiplet4ai/llama/description/workload/llama_3_70b/config_8.workload.yaml,/home/gensis2/research/archx/chiplet4ai/llama/description/event/event.yaml,/home/gensis2/research/archx/chiplet4ai/llama/description/metric/metric.yaml,/home/gensis2/research/archx/chiplet4ai/llama/description/runs/llama_3_70b/arch_75/config_8,/home/gensis2/research/archx/chiplet4ai/llama/description/runs/llama_3_70b/arch_75/config_8/checkpoint.json
843,75,/home/gensis2/research/archx/chiplet4ai/llama/description/architecture/config_75.architecture.yaml,llama_3_70b,9,/home/gensis2/research/archx/chiplet4ai/llama/description/workload/llama_3_70b/config_9.workload.yaml,/home/gensis2/research/archx/chiplet4ai/llama/description/event/event.yaml,/home/gensis2/research/archx/chiplet4ai/llama/description/metric/metric.yaml,/home/gensis2/research/archx/chiplet4ai/llama/description/runs/llama_3_70b/arch_75/config_9,/home/gensis2/research/archx/chiplet4ai/llama/description/runs/llama_3_70b/arch_75/config_9/checkpoint.json
844,75,/home/gensis2/research/archx/chiplet4ai/llama/description/architecture/config_75.architecture.yaml,llama_3_70b,7,/home/gensis2/research/archx/chiplet4ai/llama/description/workload/llama_3_70b/config_7.workload.yaml,/home/gensis2/research/archx/chiplet4ai/llama/description/event/event.yaml,/home/gensis2/research/archx/chiplet4ai/llama/description/metric/metric.yaml,/home/gensis2/research/archx/chiplet4ai/llama/description/runs/llama_3_70b/arch_75/config_7,/home/gensis2/research/archx/chiplet4ai/llama/description/runs/llama_3_70b/arch_75/config_7/checkpoint.json
845,5,/home/gensis2/research/archx/chiplet4ai/llama/description/architecture/config_5.architecture.yaml,llama_3_70b,7,/home/gensis2/research/archx/chiplet4ai/llama/description/workload/llama_3_70b/config_7.workload.yaml,/home/gensis2/research/archx/chiplet4ai/llama/description/event/event.yaml,/home/gensis2/research/archx/chiplet4ai/llama/description/metric/metric.yaml,/home/gensis2/research/archx/chiplet4ai/llama/description/runs/llama_3_70b/arch_5/config_7,/home/gensis2/research/archx/chiplet4ai/llama/description/runs/llama_3_70b/arch_5/config_7/checkpoint.json
846,5,/home/gensis2/research/archx/chiplet4ai/llama/description/architecture/config_5.architecture.yaml,llama_3_70b,8,/home/gensis2/research/archx/chiplet4ai/llama/description/workload/llama_3_70b/config_8.workload.yaml,/home/gensis2/research/archx/chiplet4ai/llama/description/event/event.yaml,/home/gensis2/research/archx/chiplet4ai/llama/description/metric/metric.yaml,/home/gensis2/research/archx/chiplet4ai/llama/description/runs/llama_3_70b/arch_5/config_8,/home/gensis2/research/archx/chiplet4ai/llama/description/runs/llama_3_70b/arch_5/config_8/checkpoint.json
847,5,/home/gensis2/research/archx/chiplet4ai/llama/description/architecture/config_5.architecture.yaml,llama_3_70b,9,/home/gensis2/research/archx/chiplet4ai/llama/description/workload/llama_3_70b/config_9.workload.yaml,/home/gensis2/research/archx/chiplet4ai/llama/description/event/event.yaml,/home/gensis2/research/archx/chiplet4ai/llama/description/metric/metric.yaml,/home/gensis2/research/archx/chiplet4ai/llama/description/runs/llama_3_70b/arch_5/config_9,/home/gensis2/research/archx/chiplet4ai/llama/description/runs/llama_3_70b/arch_5/config_9/checkpoint.json
848,56,/home/gensis2/research/archx/chiplet4ai/llama/description/architecture/config_56.architecture.yaml,llama_3_70b,7,/home/gensis2/research/archx/chiplet4ai/llama/description/workload/llama_3_70b/config_7.workload.yaml,/home/gensis2/research/archx/chiplet4ai/llama/description/event/event.yaml,/home/gensis2/research/archx/chiplet4ai/llama/description/metric/metric.yaml,/home/gensis2/research/archx/chiplet4ai/llama/description/runs/llama_3_70b/arch_56/config_7,/home/gensis2/research/archx/chiplet4ai/llama/description/runs/llama_3_70b/arch_56/config_7/checkpoint.json
849,56,/home/gensis2/research/archx/chiplet4ai/llama/description/architecture/config_56.architecture.yaml,llama_3_70b,8,/home/gensis2/research/archx/chiplet4ai/llama/description/workload/llama_3_70b/config_8.workload.yaml,/home/gensis2/research/archx/chiplet4ai/llama/description/event/event.yaml,/home/gensis2/research/archx/chiplet4ai/llama/description/metric/metric.yaml,/home/gensis2/research/archx/chiplet4ai/llama/description/runs/llama_3_70b/arch_56/config_8,/home/gensis2/research/archx/chiplet4ai/llama/description/runs/llama_3_70b/arch_56/config_8/checkpoint.json
850,56,/home/gensis2/research/archx/chiplet4ai/llama/description/architecture/config_56.architecture.yaml,llama_3_70b,9,/home/gensis2/research/archx/chiplet4ai/llama/description/workload/llama_3_70b/config_9.workload.yaml,/home/gensis2/research/archx/chiplet4ai/llama/description/event/event.yaml,/home/gensis2/research/archx/chiplet4ai/llama/description/metric/metric.yaml,/home/gensis2/research/archx/chiplet4ai/llama/description/runs/llama_3_70b/arch_56/config_9,/home/gensis2/research/archx/chiplet4ai/llama/description/runs/llama_3_70b/arch_56/config_9/checkpoint.json
851,45,/home/gensis2/research/archx/chiplet4ai/llama/description/architecture/config_45.architecture.yaml,llama_3_70b,7,/home/gensis2/research/archx/chiplet4ai/llama/description/workload/llama_3_70b/config_7.workload.yaml,/home/gensis2/research/archx/chiplet4ai/llama/description/event/event.yaml,/home/gensis2/research/archx/chiplet4ai/llama/description/metric/metric.yaml,/home/gensis2/research/archx/chiplet4ai/llama/description/runs/llama_3_70b/arch_45/config_7,/home/gensis2/research/archx/chiplet4ai/llama/description/runs/llama_3_70b/arch_45/config_7/checkpoint.json
852,45,/home/gensis2/research/archx/chiplet4ai/llama/description/architecture/config_45.architecture.yaml,llama_3_70b,8,/home/gensis2/research/archx/chiplet4ai/llama/description/workload/llama_3_70b/config_8.workload.yaml,/home/gensis2/research/archx/chiplet4ai/llama/description/event/event.yaml,/home/gensis2/research/archx/chiplet4ai/llama/description/metric/metric.yaml,/home/gensis2/research/archx/chiplet4ai/llama/description/runs/llama_3_70b/arch_45/config_8,/home/gensis2/research/archx/chiplet4ai/llama/description/runs/llama_3_70b/arch_45/config_8/checkpoint.json
853,45,/home/gensis2/research/archx/chiplet4ai/llama/description/architecture/config_45.architecture.yaml,llama_3_70b,9,/home/gensis2/research/archx/chiplet4ai/llama/description/workload/llama_3_70b/config_9.workload.yaml,/home/gensis2/research/archx/chiplet4ai/llama/description/event/event.yaml,/home/gensis2/research/archx/chiplet4ai/llama/description/metric/metric.yaml,/home/gensis2/research/archx/chiplet4ai/llama/description/runs/llama_3_70b/arch_45/config_9,/home/gensis2/research/archx/chiplet4ai/llama/description/runs/llama_3_70b/arch_45/config_9/checkpoint.json
854,36,/home/gensis2/research/archx/chiplet4ai/llama/description/architecture/config_36.architecture.yaml,llama_3_70b,7,/home/gensis2/research/archx/chiplet4ai/llama/description/workload/llama_3_70b/config_7.workload.yaml,/home/gensis2/research/archx/chiplet4ai/llama/description/event/event.yaml,/home/gensis2/research/archx/chiplet4ai/llama/description/metric/metric.yaml,/home/gensis2/research/archx/chiplet4ai/llama/description/runs/llama_3_70b/arch_36/config_7,/home/gensis2/research/archx/chiplet4ai/llama/description/runs/llama_3_70b/arch_36/config_7/checkpoint.json
855,36,/home/gensis2/research/archx/chiplet4ai/llama/description/architecture/config_36.architecture.yaml,llama_3_70b,8,/home/gensis2/research/archx/chiplet4ai/llama/description/workload/llama_3_70b/config_8.workload.yaml,/home/gensis2/research/archx/chiplet4ai/llama/description/event/event.yaml,/home/gensis2/research/archx/chiplet4ai/llama/description/metric/metric.yaml,/home/gensis2/research/archx/chiplet4ai/llama/description/runs/llama_3_70b/arch_36/config_8,/home/gensis2/research/archx/chiplet4ai/llama/description/runs/llama_3_70b/arch_36/config_8/checkpoint.json
856,36,/home/gensis2/research/archx/chiplet4ai/llama/description/architecture/config_36.architecture.yaml,llama_3_70b,9,/home/gensis2/research/archx/chiplet4ai/llama/description/workload/llama_3_70b/config_9.workload.yaml,/home/gensis2/research/archx/chiplet4ai/llama/description/event/event.yaml,/home/gensis2/research/archx/chiplet4ai/llama/description/metric/metric.yaml,/home/gensis2/research/archx/chiplet4ai/llama/description/runs/llama_3_70b/arch_36/config_9,/home/gensis2/research/archx/chiplet4ai/llama/description/runs/llama_3_70b/arch_36/config_9/checkpoint.json
857,25,/home/gensis2/research/archx/chiplet4ai/llama/description/architecture/config_25.architecture.yaml,llama_3_70b,7,/home/gensis2/research/archx/chiplet4ai/llama/description/workload/llama_3_70b/config_7.workload.yaml,/home/gensis2/research/archx/chiplet4ai/llama/description/event/event.yaml,/home/gensis2/research/archx/chiplet4ai/llama/description/metric/metric.yaml,/home/gensis2/research/archx/chiplet4ai/llama/description/runs/llama_3_70b/arch_25/config_7,/home/gensis2/research/archx/chiplet4ai/llama/description/runs/llama_3_70b/arch_25/config_7/checkpoint.json
858,25,/home/gensis2/research/archx/chiplet4ai/llama/description/architecture/config_25.architecture.yaml,llama_3_70b,8,/home/gensis2/research/archx/chiplet4ai/llama/description/workload/llama_3_70b/config_8.workload.yaml,/home/gensis2/research/archx/chiplet4ai/llama/description/event/event.yaml,/home/gensis2/research/archx/chiplet4ai/llama/description/metric/metric.yaml,/home/gensis2/research/archx/chiplet4ai/llama/description/runs/llama_3_70b/arch_25/config_8,/home/gensis2/research/archx/chiplet4ai/llama/description/runs/llama_3_70b/arch_25/config_8/checkpoint.json
859,25,/home/gensis2/research/archx/chiplet4ai/llama/description/architecture/config_25.architecture.yaml,llama_3_70b,9,/home/gensis2/research/archx/chiplet4ai/llama/description/workload/llama_3_70b/config_9.workload.yaml,/home/gensis2/research/archx/chiplet4ai/llama/description/event/event.yaml,/home/gensis2/research/archx/chiplet4ai/llama/description/metric/metric.yaml,/home/gensis2/research/archx/chiplet4ai/llama/description/runs/llama_3_70b/arch_25/config_9,/home/gensis2/research/archx/chiplet4ai/llama/description/runs/llama_3_70b/arch_25/config_9/checkpoint.json
860,16,/home/gensis2/research/archx/chiplet4ai/llama/description/architecture/config_16.architecture.yaml,llama_3_70b,7,/home/gensis2/research/archx/chiplet4ai/llama/description/workload/llama_3_70b/config_7.workload.yaml,/home/gensis2/research/archx/chiplet4ai/llama/description/event/event.yaml,/home/gensis2/research/archx/chiplet4ai/llama/description/metric/metric.yaml,/home/gensis2/research/archx/chiplet4ai/llama/description/runs/llama_3_70b/arch_16/config_7,/home/gensis2/research/archx/chiplet4ai/llama/description/runs/llama_3_70b/arch_16/config_7/checkpoint.json
861,16,/home/gensis2/research/archx/chiplet4ai/llama/description/architecture/config_16.architecture.yaml,llama_3_70b,8,/home/gensis2/research/archx/chiplet4ai/llama/description/workload/llama_3_70b/config_8.workload.yaml,/home/gensis2/research/archx/chiplet4ai/llama/description/event/event.yaml,/home/gensis2/research/archx/chiplet4ai/llama/description/metric/metric.yaml,/home/gensis2/research/archx/chiplet4ai/llama/description/runs/llama_3_70b/arch_16/config_8,/home/gensis2/research/archx/chiplet4ai/llama/description/runs/llama_3_70b/arch_16/config_8/checkpoint.json
862,16,/home/gensis2/research/archx/chiplet4ai/llama/description/architecture/config_16.architecture.yaml,llama_3_70b,9,/home/gensis2/research/archx/chiplet4ai/llama/description/workload/llama_3_70b/config_9.workload.yaml,/home/gensis2/research/archx/chiplet4ai/llama/description/event/event.yaml,/home/gensis2/research/archx/chiplet4ai/llama/description/metric/metric.yaml,/home/gensis2/research/archx/chiplet4ai/llama/description/runs/llama_3_70b/arch_16/config_9,/home/gensis2/research/archx/chiplet4ai/llama/description/runs/llama_3_70b/arch_16/config_9/checkpoint.json
863,65,/home/gensis2/research/archx/chiplet4ai/llama/description/architecture/config_65.architecture.yaml,llama_3_70b,7,/home/gensis2/research/archx/chiplet4ai/llama/description/workload/llama_3_70b/config_7.workload.yaml,/home/gensis2/research/archx/chiplet4ai/llama/description/event/event.yaml,/home/gensis2/research/archx/chiplet4ai/llama/description/metric/metric.yaml,/home/gensis2/research/archx/chiplet4ai/llama/description/runs/llama_3_70b/arch_65/config_7,/home/gensis2/research/archx/chiplet4ai/llama/description/runs/llama_3_70b/arch_65/config_7/checkpoint.json
864,65,/home/gensis2/research/archx/chiplet4ai/llama/description/architecture/config_65.architecture.yaml,llama_3_70b,8,/home/gensis2/research/archx/chiplet4ai/llama/description/workload/llama_3_70b/config_8.workload.yaml,/home/gensis2/research/archx/chiplet4ai/llama/description/event/event.yaml,/home/gensis2/research/archx/chiplet4ai/llama/description/metric/metric.yaml,/home/gensis2/research/archx/chiplet4ai/llama/description/runs/llama_3_70b/arch_65/config_8,/home/gensis2/research/archx/chiplet4ai/llama/description/runs/llama_3_70b/arch_65/config_8/checkpoint.json
865,65,/home/gensis2/research/archx/chiplet4ai/llama/description/architecture/config_65.architecture.yaml,llama_3_70b,9,/home/gensis2/research/archx/chiplet4ai/llama/description/workload/llama_3_70b/config_9.workload.yaml,/home/gensis2/research/archx/chiplet4ai/llama/description/event/event.yaml,/home/gensis2/research/archx/chiplet4ai/llama/description/metric/metric.yaml,/home/gensis2/research/archx/chiplet4ai/llama/description/runs/llama_3_70b/arch_65/config_9,/home/gensis2/research/archx/chiplet4ai/llama/description/runs/llama_3_70b/arch_65/config_9/checkpoint.json
866,76,/home/gensis2/research/archx/chiplet4ai/llama/description/architecture/config_76.architecture.yaml,llama_3_70b,7,/home/gensis2/research/archx/chiplet4ai/llama/description/workload/llama_3_70b/config_7.workload.yaml,/home/gensis2/research/archx/chiplet4ai/llama/description/event/event.yaml,/home/gensis2/research/archx/chiplet4ai/llama/description/metric/metric.yaml,/home/gensis2/research/archx/chiplet4ai/llama/description/runs/llama_3_70b/arch_76/config_7,/home/gensis2/research/archx/chiplet4ai/llama/description/runs/llama_3_70b/arch_76/config_7/checkpoint.json
867,76,/home/gensis2/research/archx/chiplet4ai/llama/description/architecture/config_76.architecture.yaml,llama_3_70b,8,/home/gensis2/research/archx/chiplet4ai/llama/description/workload/llama_3_70b/config_8.workload.yaml,/home/gensis2/research/archx/chiplet4ai/llama/description/event/event.yaml,/home/gensis2/research/archx/chiplet4ai/llama/description/metric/metric.yaml,/home/gensis2/research/archx/chiplet4ai/llama/description/runs/llama_3_70b/arch_76/config_8,/home/gensis2/research/archx/chiplet4ai/llama/description/runs/llama_3_70b/arch_76/config_8/checkpoint.json
868,76,/home/gensis2/research/archx/chiplet4ai/llama/description/architecture/config_76.architecture.yaml,llama_3_70b,9,/home/gensis2/research/archx/chiplet4ai/llama/description/workload/llama_3_70b/config_9.workload.yaml,/home/gensis2/research/archx/chiplet4ai/llama/description/event/event.yaml,/home/gensis2/research/archx/chiplet4ai/llama/description/metric/metric.yaml,/home/gensis2/research/archx/chiplet4ai/llama/description/runs/llama_3_70b/arch_76/config_9,/home/gensis2/research/archx/chiplet4ai/llama/description/runs/llama_3_70b/arch_76/config_9/checkpoint.json
869,76,/home/gensis2/research/archx/chiplet4ai/llama/description/architecture/config_76.architecture.yaml,llama_3_8b,5,/home/gensis2/research/archx/chiplet4ai/llama/description/workload/llama_3_8b/config_5.workload.yaml,/home/gensis2/research/archx/chiplet4ai/llama/description/event/event.yaml,/home/gensis2/research/archx/chiplet4ai/llama/description/metric/metric.yaml,/home/gensis2/research/archx/chiplet4ai/llama/description/runs/llama_3_8b/arch_76/config_5,/home/gensis2/research/archx/chiplet4ai/llama/description/runs/llama_3_8b/arch_76/config_5/checkpoint.json
870,76,/home/gensis2/research/archx/chiplet4ai/llama/description/architecture/config_76.architecture.yaml,llama_3_8b,6,/home/gensis2/research/archx/chiplet4ai/llama/description/workload/llama_3_8b/config_6.workload.yaml,/home/gensis2/research/archx/chiplet4ai/llama/description/event/event.yaml,/home/gensis2/research/archx/chiplet4ai/llama/description/metric/metric.yaml,/home/gensis2/research/archx/chiplet4ai/llama/description/runs/llama_3_8b/arch_76/config_6,/home/gensis2/research/archx/chiplet4ai/llama/description/runs/llama_3_8b/arch_76/config_6/checkpoint.json
871,65,/home/gensis2/research/archx/chiplet4ai/llama/description/architecture/config_65.architecture.yaml,llama_3_8b,6,/home/gensis2/research/archx/chiplet4ai/llama/description/workload/llama_3_8b/config_6.workload.yaml,/home/gensis2/research/archx/chiplet4ai/llama/description/event/event.yaml,/home/gensis2/research/archx/chiplet4ai/llama/description/metric/metric.yaml,/home/gensis2/research/archx/chiplet4ai/llama/description/runs/llama_3_8b/arch_65/config_6,/home/gensis2/research/archx/chiplet4ai/llama/description/runs/llama_3_8b/arch_65/config_6/checkpoint.json
872,65,/home/gensis2/research/archx/chiplet4ai/llama/description/architecture/config_65.architecture.yaml,llama_3_8b,5,/home/gensis2/research/archx/chiplet4ai/llama/description/workload/llama_3_8b/config_5.workload.yaml,/home/gensis2/research/archx/chiplet4ai/llama/description/event/event.yaml,/home/gensis2/research/archx/chiplet4ai/llama/description/metric/metric.yaml,/home/gensis2/research/archx/chiplet4ai/llama/description/runs/llama_3_8b/arch_65/config_5,/home/gensis2/research/archx/chiplet4ai/llama/description/runs/llama_3_8b/arch_65/config_5/checkpoint.json
873,56,/home/gensis2/research/archx/chiplet4ai/llama/description/architecture/config_56.architecture.yaml,llama_3_8b,5,/home/gensis2/research/archx/chiplet4ai/llama/description/workload/llama_3_8b/config_5.workload.yaml,/home/gensis2/research/archx/chiplet4ai/llama/description/event/event.yaml,/home/gensis2/research/archx/chiplet4ai/llama/description/metric/metric.yaml,/home/gensis2/research/archx/chiplet4ai/llama/description/runs/llama_3_8b/arch_56/config_5,/home/gensis2/research/archx/chiplet4ai/llama/description/runs/llama_3_8b/arch_56/config_5/checkpoint.json
874,56,/home/gensis2/research/archx/chiplet4ai/llama/description/architecture/config_56.architecture.yaml,llama_3_8b,6,/home/gensis2/research/archx/chiplet4ai/llama/description/workload/llama_3_8b/config_6.workload.yaml,/home/gensis2/research/archx/chiplet4ai/llama/description/event/event.yaml,/home/gensis2/research/archx/chiplet4ai/llama/description/metric/metric.yaml,/home/gensis2/research/archx/chiplet4ai/llama/description/runs/llama_3_8b/arch_56/config_6,/home/gensis2/research/archx/chiplet4ai/llama/description/runs/llama_3_8b/arch_56/config_6/checkpoint.json
875,45,/home/gensis2/research/archx/chiplet4ai/llama/description/architecture/config_45.architecture.yaml,llama_3_8b,6,/home/gensis2/research/archx/chiplet4ai/llama/description/workload/llama_3_8b/config_6.workload.yaml,/home/gensis2/research/archx/chiplet4ai/llama/description/event/event.yaml,/home/gensis2/research/archx/chiplet4ai/llama/description/metric/metric.yaml,/home/gensis2/research/archx/chiplet4ai/llama/description/runs/llama_3_8b/arch_45/config_6,/home/gensis2/research/archx/chiplet4ai/llama/description/runs/llama_3_8b/arch_45/config_6/checkpoint.json
876,45,/home/gensis2/research/archx/chiplet4ai/llama/description/architecture/config_45.architecture.yaml,llama_3_8b,5,/home/gensis2/research/archx/chiplet4ai/llama/description/workload/llama_3_8b/config_5.workload.yaml,/home/gensis2/research/archx/chiplet4ai/llama/description/event/event.yaml,/home/gensis2/research/archx/chiplet4ai/llama/description/metric/metric.yaml,/home/gensis2/research/archx/chiplet4ai/llama/description/runs/llama_3_8b/arch_45/config_5,/home/gensis2/research/archx/chiplet4ai/llama/description/runs/llama_3_8b/arch_45/config_5/checkpoint.json
877,36,/home/gensis2/research/archx/chiplet4ai/llama/description/architecture/config_36.architecture.yaml,llama_3_8b,5,/home/gensis2/research/archx/chiplet4ai/llama/description/workload/llama_3_8b/config_5.workload.yaml,/home/gensis2/research/archx/chiplet4ai/llama/description/event/event.yaml,/home/gensis2/research/archx/chiplet4ai/llama/description/metric/metric.yaml,/home/gensis2/research/archx/chiplet4ai/llama/description/runs/llama_3_8b/arch_36/config_5,/home/gensis2/research/archx/chiplet4ai/llama/description/runs/llama_3_8b/arch_36/config_5/checkpoint.json
878,36,/home/gensis2/research/archx/chiplet4ai/llama/description/architecture/config_36.architecture.yaml,llama_3_8b,6,/home/gensis2/research/archx/chiplet4ai/llama/description/workload/llama_3_8b/config_6.workload.yaml,/home/gensis2/research/archx/chiplet4ai/llama/description/event/event.yaml,/home/gensis2/research/archx/chiplet4ai/llama/description/metric/metric.yaml,/home/gensis2/research/archx/chiplet4ai/llama/description/runs/llama_3_8b/arch_36/config_6,/home/gensis2/research/archx/chiplet4ai/llama/description/runs/llama_3_8b/arch_36/config_6/checkpoint.json
879,25,/home/gensis2/research/archx/chiplet4ai/llama/description/architecture/config_25.architecture.yaml,llama_3_8b,6,/home/gensis2/research/archx/chiplet4ai/llama/description/workload/llama_3_8b/config_6.workload.yaml,/home/gensis2/research/archx/chiplet4ai/llama/description/event/event.yaml,/home/gensis2/research/archx/chiplet4ai/llama/description/metric/metric.yaml,/home/gensis2/research/archx/chiplet4ai/llama/description/runs/llama_3_8b/arch_25/config_6,/home/gensis2/research/archx/chiplet4ai/llama/description/runs/llama_3_8b/arch_25/config_6/checkpoint.json
880,25,/home/gensis2/research/archx/chiplet4ai/llama/description/architecture/config_25.architecture.yaml,llama_3_8b,5,/home/gensis2/research/archx/chiplet4ai/llama/description/workload/llama_3_8b/config_5.workload.yaml,/home/gensis2/research/archx/chiplet4ai/llama/description/event/event.yaml,/home/gensis2/research/archx/chiplet4ai/llama/description/metric/metric.yaml,/home/gensis2/research/archx/chiplet4ai/llama/description/runs/llama_3_8b/arch_25/config_5,/home/gensis2/research/archx/chiplet4ai/llama/description/runs/llama_3_8b/arch_25/config_5/checkpoint.json
881,16,/home/gensis2/research/archx/chiplet4ai/llama/description/architecture/config_16.architecture.yaml,llama_3_8b,5,/home/gensis2/research/archx/chiplet4ai/llama/description/workload/llama_3_8b/config_5.workload.yaml,/home/gensis2/research/archx/chiplet4ai/llama/description/event/event.yaml,/home/gensis2/research/archx/chiplet4ai/llama/description/metric/metric.yaml,/home/gensis2/research/archx/chiplet4ai/llama/description/runs/llama_3_8b/arch_16/config_5,/home/gensis2/research/archx/chiplet4ai/llama/description/runs/llama_3_8b/arch_16/config_5/checkpoint.json
882,16,/home/gensis2/research/archx/chiplet4ai/llama/description/architecture/config_16.architecture.yaml,llama_3_8b,6,/home/gensis2/research/archx/chiplet4ai/llama/description/workload/llama_3_8b/config_6.workload.yaml,/home/gensis2/research/archx/chiplet4ai/llama/description/event/event.yaml,/home/gensis2/research/archx/chiplet4ai/llama/description/metric/metric.yaml,/home/gensis2/research/archx/chiplet4ai/llama/description/runs/llama_3_8b/arch_16/config_6,/home/gensis2/research/archx/chiplet4ai/llama/description/runs/llama_3_8b/arch_16/config_6/checkpoint.json
883,5,/home/gensis2/research/archx/chiplet4ai/llama/description/architecture/config_5.architecture.yaml,llama_3_8b,6,/home/gensis2/research/archx/chiplet4ai/llama/description/workload/llama_3_8b/config_6.workload.yaml,/home/gensis2/research/archx/chiplet4ai/llama/description/event/event.yaml,/home/gensis2/research/archx/chiplet4ai/llama/description/metric/metric.yaml,/home/gensis2/research/archx/chiplet4ai/llama/description/runs/llama_3_8b/arch_5/config_6,/home/gensis2/research/archx/chiplet4ai/llama/description/runs/llama_3_8b/arch_5/config_6/checkpoint.json
884,5,/home/gensis2/research/archx/chiplet4ai/llama/description/architecture/config_5.architecture.yaml,llama_3_8b,5,/home/gensis2/research/archx/chiplet4ai/llama/description/workload/llama_3_8b/config_5.workload.yaml,/home/gensis2/research/archx/chiplet4ai/llama/description/event/event.yaml,/home/gensis2/research/archx/chiplet4ai/llama/description/metric/metric.yaml,/home/gensis2/research/archx/chiplet4ai/llama/description/runs/llama_3_8b/arch_5/config_5,/home/gensis2/research/archx/chiplet4ai/llama/description/runs/llama_3_8b/arch_5/config_5/checkpoint.json
885,90,/home/gensis2/research/archx/chiplet4ai/llama/description/architecture/config_90.architecture.yaml,llama_3_8b,5,/home/gensis2/research/archx/chiplet4ai/llama/description/workload/llama_3_8b/config_5.workload.yaml,/home/gensis2/research/archx/chiplet4ai/llama/description/event/event.yaml,/home/gensis2/research/archx/chiplet4ai/llama/description/metric/metric.yaml,/home/gensis2/research/archx/chiplet4ai/llama/description/runs/llama_3_8b/arch_90/config_5,/home/gensis2/research/archx/chiplet4ai/llama/description/runs/llama_3_8b/arch_90/config_5/checkpoint.json
886,90,/home/gensis2/research/archx/chiplet4ai/llama/description/architecture/config_90.architecture.yaml,llama_3_8b,6,/home/gensis2/research/archx/chiplet4ai/llama/description/workload/llama_3_8b/config_6.workload.yaml,/home/gensis2/research/archx/chiplet4ai/llama/description/event/event.yaml,/home/gensis2/research/archx/chiplet4ai/llama/description/metric/metric.yaml,/home/gensis2/research/archx/chiplet4ai/llama/description/runs/llama_3_8b/arch_90/config_6,/home/gensis2/research/archx/chiplet4ai/llama/description/runs/llama_3_8b/arch_90/config_6/checkpoint.json
887,89,/home/gensis2/research/archx/chiplet4ai/llama/description/architecture/config_89.architecture.yaml,llama_3_8b,5,/home/gensis2/research/archx/chiplet4ai/llama/description/workload/llama_3_8b/config_5.workload.yaml,/home/gensis2/research/archx/chiplet4ai/llama/description/event/event.yaml,/home/gensis2/research/archx/chiplet4ai/llama/description/metric/metric.yaml,/home/gensis2/research/archx/chiplet4ai/llama/description/runs/llama_3_8b/arch_89/config_5,/home/gensis2/research/archx/chiplet4ai/llama/description/runs/llama_3_8b/arch_89/config_5/checkpoint.json
888,89,/home/gensis2/research/archx/chiplet4ai/llama/description/architecture/config_89.architecture.yaml,llama_3_8b,6,/home/gensis2/research/archx/chiplet4ai/llama/description/workload/llama_3_8b/config_6.workload.yaml,/home/gensis2/research/archx/chiplet4ai/llama/description/event/event.yaml,/home/gensis2/research/archx/chiplet4ai/llama/description/metric/metric.yaml,/home/gensis2/research/archx/chiplet4ai/llama/description/runs/llama_3_8b/arch_89/config_6,/home/gensis2/research/archx/chiplet4ai/llama/description/runs/llama_3_8b/arch_89/config_6/checkpoint.json
889,89,/home/gensis2/research/archx/chiplet4ai/llama/description/architecture/config_89.architecture.yaml,llama_3_70b,7,/home/gensis2/research/archx/chiplet4ai/llama/description/workload/llama_3_70b/config_7.workload.yaml,/home/gensis2/research/archx/chiplet4ai/llama/description/event/event.yaml,/home/gensis2/research/archx/chiplet4ai/llama/description/metric/metric.yaml,/home/gensis2/research/archx/chiplet4ai/llama/description/runs/llama_3_70b/arch_89/config_7,/home/gensis2/research/archx/chiplet4ai/llama/description/runs/llama_3_70b/arch_89/config_7/checkpoint.json
890,89,/home/gensis2/research/archx/chiplet4ai/llama/description/architecture/config_89.architecture.yaml,llama_3_70b,8,/home/gensis2/research/archx/chiplet4ai/llama/description/workload/llama_3_70b/config_8.workload.yaml,/home/gensis2/research/archx/chiplet4ai/llama/description/event/event.yaml,/home/gensis2/research/archx/chiplet4ai/llama/description/metric/metric.yaml,/home/gensis2/research/archx/chiplet4ai/llama/description/runs/llama_3_70b/arch_89/config_8,/home/gensis2/research/archx/chiplet4ai/llama/description/runs/llama_3_70b/arch_89/config_8/checkpoint.json
891,89,/home/gensis2/research/archx/chiplet4ai/llama/description/architecture/config_89.architecture.yaml,llama_3_70b,9,/home/gensis2/research/archx/chiplet4ai/llama/description/workload/llama_3_70b/config_9.workload.yaml,/home/gensis2/research/archx/chiplet4ai/llama/description/event/event.yaml,/home/gensis2/research/archx/chiplet4ai/llama/description/metric/metric.yaml,/home/gensis2/research/archx/chiplet4ai/llama/description/runs/llama_3_70b/arch_89/config_9,/home/gensis2/research/archx/chiplet4ai/llama/description/runs/llama_3_70b/arch_89/config_9/checkpoint.json
892,90,/home/gensis2/research/archx/chiplet4ai/llama/description/architecture/config_90.architecture.yaml,llama_3_70b,9,/home/gensis2/research/archx/chiplet4ai/llama/description/workload/llama_3_70b/config_9.workload.yaml,/home/gensis2/research/archx/chiplet4ai/llama/description/event/event.yaml,/home/gensis2/research/archx/chiplet4ai/llama/description/metric/metric.yaml,/home/gensis2/research/archx/chiplet4ai/llama/description/runs/llama_3_70b/arch_90/config_9,/home/gensis2/research/archx/chiplet4ai/llama/description/runs/llama_3_70b/arch_90/config_9/checkpoint.json
893,90,/home/gensis2/research/archx/chiplet4ai/llama/description/architecture/config_90.architecture.yaml,llama_3_70b,8,/home/gensis2/research/archx/chiplet4ai/llama/description/workload/llama_3_70b/config_8.workload.yaml,/home/gensis2/research/archx/chiplet4ai/llama/description/event/event.yaml,/home/gensis2/research/archx/chiplet4ai/llama/description/metric/metric.yaml,/home/gensis2/research/archx/chiplet4ai/llama/description/runs/llama_3_70b/arch_90/config_8,/home/gensis2/research/archx/chiplet4ai/llama/description/runs/llama_3_70b/arch_90/config_8/checkpoint.json
894,90,/home/gensis2/research/archx/chiplet4ai/llama/description/architecture/config_90.architecture.yaml,llama_3_70b,7,/home/gensis2/research/archx/chiplet4ai/llama/description/workload/llama_3_70b/config_7.workload.yaml,/home/gensis2/research/archx/chiplet4ai/llama/description/event/event.yaml,/home/gensis2/research/archx/chiplet4ai/llama/description/metric/metric.yaml,/home/gensis2/research/archx/chiplet4ai/llama/description/runs/llama_3_70b/arch_90/config_7,/home/gensis2/research/archx/chiplet4ai/llama/description/runs/llama_3_70b/arch_90/config_7/checkpoint.json
895,88,/home/gensis2/research/archx/chiplet4ai/llama/description/architecture/config_88.architecture.yaml,llama_3_70b,7,/home/gensis2/research/archx/chiplet4ai/llama/description/workload/llama_3_70b/config_7.workload.yaml,/home/gensis2/research/archx/chiplet4ai/llama/description/event/event.yaml,/home/gensis2/research/archx/chiplet4ai/llama/description/metric/metric.yaml,/home/gensis2/research/archx/chiplet4ai/llama/description/runs/llama_3_70b/arch_88/config_7,/home/gensis2/research/archx/chiplet4ai/llama/description/runs/llama_3_70b/arch_88/config_7/checkpoint.json
896,88,/home/gensis2/research/archx/chiplet4ai/llama/description/architecture/config_88.architecture.yaml,llama_3_70b,8,/home/gensis2/research/archx/chiplet4ai/llama/description/workload/llama_3_70b/config_8.workload.yaml,/home/gensis2/research/archx/chiplet4ai/llama/description/event/event.yaml,/home/gensis2/research/archx/chiplet4ai/llama/description/metric/metric.yaml,/home/gensis2/research/archx/chiplet4ai/llama/description/runs/llama_3_70b/arch_88/config_8,/home/gensis2/research/archx/chiplet4ai/llama/description/runs/llama_3_70b/arch_88/config_8/checkpoint.json
897,88,/home/gensis2/research/archx/chiplet4ai/llama/description/architecture/config_88.architecture.yaml,llama_3_70b,9,/home/gensis2/research/archx/chiplet4ai/llama/description/workload/llama_3_70b/config_9.workload.yaml,/home/gensis2/research/archx/chiplet4ai/llama/description/event/event.yaml,/home/gensis2/research/archx/chiplet4ai/llama/description/metric/metric.yaml,/home/gensis2/research/archx/chiplet4ai/llama/description/runs/llama_3_70b/arch_88/config_9,/home/gensis2/research/archx/chiplet4ai/llama/description/runs/llama_3_70b/arch_88/config_9/checkpoint.json
898,87,/home/gensis2/research/archx/chiplet4ai/llama/description/architecture/config_87.architecture.yaml,llama_3_70b,9,/home/gensis2/research/archx/chiplet4ai/llama/description/workload/llama_3_70b/config_9.workload.yaml,/home/gensis2/research/archx/chiplet4ai/llama/description/event/event.yaml,/home/gensis2/research/archx/chiplet4ai/llama/description/metric/metric.yaml,/home/gensis2/research/archx/chiplet4ai/llama/description/runs/llama_3_70b/arch_87/config_9,/home/gensis2/research/archx/chiplet4ai/llama/description/runs/llama_3_70b/arch_87/config_9/checkpoint.json
899,87,/home/gensis2/research/archx/chiplet4ai/llama/description/architecture/config_87.architecture.yaml,llama_3_70b,8,/home/gensis2/research/archx/chiplet4ai/llama/description/workload/llama_3_70b/config_8.workload.yaml,/home/gensis2/research/archx/chiplet4ai/llama/description/event/event.yaml,/home/gensis2/research/archx/chiplet4ai/llama/description/metric/metric.yaml,/home/gensis2/research/archx/chiplet4ai/llama/description/runs/llama_3_70b/arch_87/config_8,/home/gensis2/research/archx/chiplet4ai/llama/description/runs/llama_3_70b/arch_87/config_8/checkpoint.json
900,87,/home/gensis2/research/archx/chiplet4ai/llama/description/architecture/config_87.architecture.yaml,llama_3_70b,7,/home/gensis2/research/archx/chiplet4ai/llama/description/workload/llama_3_70b/config_7.workload.yaml,/home/gensis2/research/archx/chiplet4ai/llama/description/event/event.yaml,/home/gensis2/research/archx/chiplet4ai/llama/description/metric/metric.yaml,/home/gensis2/research/archx/chiplet4ai/llama/description/runs/llama_3_70b/arch_87/config_7,/home/gensis2/research/archx/chiplet4ai/llama/description/runs/llama_3_70b/arch_87/config_7/checkpoint.json
901,86,/home/gensis2/research/archx/chiplet4ai/llama/description/architecture/config_86.architecture.yaml,llama_3_70b,7,/home/gensis2/research/archx/chiplet4ai/llama/description/workload/llama_3_70b/config_7.workload.yaml,/home/gensis2/research/archx/chiplet4ai/llama/description/event/event.yaml,/home/gensis2/research/archx/chiplet4ai/llama/description/metric/metric.yaml,/home/gensis2/research/archx/chiplet4ai/llama/description/runs/llama_3_70b/arch_86/config_7,/home/gensis2/research/archx/chiplet4ai/llama/description/runs/llama_3_70b/arch_86/config_7/checkpoint.json
902,86,/home/gensis2/research/archx/chiplet4ai/llama/description/architecture/config_86.architecture.yaml,llama_3_70b,8,/home/gensis2/research/archx/chiplet4ai/llama/description/workload/llama_3_70b/config_8.workload.yaml,/home/gensis2/research/archx/chiplet4ai/llama/description/event/event.yaml,/home/gensis2/research/archx/chiplet4ai/llama/description/metric/metric.yaml,/home/gensis2/research/archx/chiplet4ai/llama/description/runs/llama_3_70b/arch_86/config_8,/home/gensis2/research/archx/chiplet4ai/llama/description/runs/llama_3_70b/arch_86/config_8/checkpoint.json
903,86,/home/gensis2/research/archx/chiplet4ai/llama/description/architecture/config_86.architecture.yaml,llama_3_70b,9,/home/gensis2/research/archx/chiplet4ai/llama/description/workload/llama_3_70b/config_9.workload.yaml,/home/gensis2/research/archx/chiplet4ai/llama/description/event/event.yaml,/home/gensis2/research/archx/chiplet4ai/llama/description/metric/metric.yaml,/home/gensis2/research/archx/chiplet4ai/llama/description/runs/llama_3_70b/arch_86/config_9,/home/gensis2/research/archx/chiplet4ai/llama/description/runs/llama_3_70b/arch_86/config_9/checkpoint.json
904,85,/home/gensis2/research/archx/chiplet4ai/llama/description/architecture/config_85.architecture.yaml,llama_3_70b,9,/home/gensis2/research/archx/chiplet4ai/llama/description/workload/llama_3_70b/config_9.workload.yaml,/home/gensis2/research/archx/chiplet4ai/llama/description/event/event.yaml,/home/gensis2/research/archx/chiplet4ai/llama/description/metric/metric.yaml,/home/gensis2/research/archx/chiplet4ai/llama/description/runs/llama_3_70b/arch_85/config_9,/home/gensis2/research/archx/chiplet4ai/llama/description/runs/llama_3_70b/arch_85/config_9/checkpoint.json
905,85,/home/gensis2/research/archx/chiplet4ai/llama/description/architecture/config_85.architecture.yaml,llama_3_70b,8,/home/gensis2/research/archx/chiplet4ai/llama/description/workload/llama_3_70b/config_8.workload.yaml,/home/gensis2/research/archx/chiplet4ai/llama/description/event/event.yaml,/home/gensis2/research/archx/chiplet4ai/llama/description/metric/metric.yaml,/home/gensis2/research/archx/chiplet4ai/llama/description/runs/llama_3_70b/arch_85/config_8,/home/gensis2/research/archx/chiplet4ai/llama/description/runs/llama_3_70b/arch_85/config_8/checkpoint.json
906,85,/home/gensis2/research/archx/chiplet4ai/llama/description/architecture/config_85.architecture.yaml,llama_3_70b,7,/home/gensis2/research/archx/chiplet4ai/llama/description/workload/llama_3_70b/config_7.workload.yaml,/home/gensis2/research/archx/chiplet4ai/llama/description/event/event.yaml,/home/gensis2/research/archx/chiplet4ai/llama/description/metric/metric.yaml,/home/gensis2/research/archx/chiplet4ai/llama/description/runs/llama_3_70b/arch_85/config_7,/home/gensis2/research/archx/chiplet4ai/llama/description/runs/llama_3_70b/arch_85/config_7/checkpoint.json
907,85,/home/gensis2/research/archx/chiplet4ai/llama/description/architecture/config_85.architecture.yaml,llama_3_8b,5,/home/gensis2/research/archx/chiplet4ai/llama/description/workload/llama_3_8b/config_5.workload.yaml,/home/gensis2/research/archx/chiplet4ai/llama/description/event/event.yaml,/home/gensis2/research/archx/chiplet4ai/llama/description/metric/metric.yaml,/home/gensis2/research/archx/chiplet4ai/llama/description/runs/llama_3_8b/arch_85/config_5,/home/gensis2/research/archx/chiplet4ai/llama/description/runs/llama_3_8b/arch_85/config_5/checkpoint.json
908,85,/home/gensis2/research/archx/chiplet4ai/llama/description/architecture/config_85.architecture.yaml,llama_3_8b,6,/home/gensis2/research/archx/chiplet4ai/llama/description/workload/llama_3_8b/config_6.workload.yaml,/home/gensis2/research/archx/chiplet4ai/llama/description/event/event.yaml,/home/gensis2/research/archx/chiplet4ai/llama/description/metric/metric.yaml,/home/gensis2/research/archx/chiplet4ai/llama/description/runs/llama_3_8b/arch_85/config_6,/home/gensis2/research/archx/chiplet4ai/llama/description/runs/llama_3_8b/arch_85/config_6/checkpoint.json
909,86,/home/gensis2/research/archx/chiplet4ai/llama/description/architecture/config_86.architecture.yaml,llama_3_8b,5,/home/gensis2/research/archx/chiplet4ai/llama/description/workload/llama_3_8b/config_5.workload.yaml,/home/gensis2/research/archx/chiplet4ai/llama/description/event/event.yaml,/home/gensis2/research/archx/chiplet4ai/llama/description/metric/metric.yaml,/home/gensis2/research/archx/chiplet4ai/llama/description/runs/llama_3_8b/arch_86/config_5,/home/gensis2/research/archx/chiplet4ai/llama/description/runs/llama_3_8b/arch_86/config_5/checkpoint.json
910,86,/home/gensis2/research/archx/chiplet4ai/llama/description/architecture/config_86.architecture.yaml,llama_3_8b,6,/home/gensis2/research/archx/chiplet4ai/llama/description/workload/llama_3_8b/config_6.workload.yaml,/home/gensis2/research/archx/chiplet4ai/llama/description/event/event.yaml,/home/gensis2/research/archx/chiplet4ai/llama/description/metric/metric.yaml,/home/gensis2/research/archx/chiplet4ai/llama/description/runs/llama_3_8b/arch_86/config_6,/home/gensis2/research/archx/chiplet4ai/llama/description/runs/llama_3_8b/arch_86/config_6/checkpoint.json
911,87,/home/gensis2/research/archx/chiplet4ai/llama/description/architecture/config_87.architecture.yaml,llama_3_8b,5,/home/gensis2/research/archx/chiplet4ai/llama/description/workload/llama_3_8b/config_5.workload.yaml,/home/gensis2/research/archx/chiplet4ai/llama/description/event/event.yaml,/home/gensis2/research/archx/chiplet4ai/llama/description/metric/metric.yaml,/home/gensis2/research/archx/chiplet4ai/llama/description/runs/llama_3_8b/arch_87/config_5,/home/gensis2/research/archx/chiplet4ai/llama/description/runs/llama_3_8b/arch_87/config_5/checkpoint.json
912,87,/home/gensis2/research/archx/chiplet4ai/llama/description/architecture/config_87.architecture.yaml,llama_3_8b,6,/home/gensis2/research/archx/chiplet4ai/llama/description/workload/llama_3_8b/config_6.workload.yaml,/home/gensis2/research/archx/chiplet4ai/llama/description/event/event.yaml,/home/gensis2/research/archx/chiplet4ai/llama/description/metric/metric.yaml,/home/gensis2/research/archx/chiplet4ai/llama/description/runs/llama_3_8b/arch_87/config_6,/home/gensis2/research/archx/chiplet4ai/llama/description/runs/llama_3_8b/arch_87/config_6/checkpoint.json
913,88,/home/gensis2/research/archx/chiplet4ai/llama/description/architecture/config_88.architecture.yaml,llama_3_8b,5,/home/gensis2/research/archx/chiplet4ai/llama/description/workload/llama_3_8b/config_5.workload.yaml,/home/gensis2/research/archx/chiplet4ai/llama/description/event/event.yaml,/home/gensis2/research/archx/chiplet4ai/llama/description/metric/metric.yaml,/home/gensis2/research/archx/chiplet4ai/llama/description/runs/llama_3_8b/arch_88/config_5,/home/gensis2/research/archx/chiplet4ai/llama/description/runs/llama_3_8b/arch_88/config_5/checkpoint.json
914,88,/home/gensis2/research/archx/chiplet4ai/llama/description/architecture/config_88.architecture.yaml,llama_3_8b,6,/home/gensis2/research/archx/chiplet4ai/llama/description/workload/llama_3_8b/config_6.workload.yaml,/home/gensis2/research/archx/chiplet4ai/llama/description/event/event.yaml,/home/gensis2/research/archx/chiplet4ai/llama/description/metric/metric.yaml,/home/gensis2/research/archx/chiplet4ai/llama/description/runs/llama_3_8b/arch_88/config_6,/home/gensis2/research/archx/chiplet4ai/llama/description/runs/llama_3_8b/arch_88/config_6/checkpoint.json
915,78,/home/gensis2/research/archx/chiplet4ai/llama/description/architecture/config_78.architecture.yaml,llama_3_8b,5,/home/gensis2/research/archx/chiplet4ai/llama/description/workload/llama_3_8b/config_5.workload.yaml,/home/gensis2/research/archx/chiplet4ai/llama/description/event/event.yaml,/home/gensis2/research/archx/chiplet4ai/llama/description/metric/metric.yaml,/home/gensis2/research/archx/chiplet4ai/llama/description/runs/llama_3_8b/arch_78/config_5,/home/gensis2/research/archx/chiplet4ai/llama/description/runs/llama_3_8b/arch_78/config_5/checkpoint.json
916,78,/home/gensis2/research/archx/chiplet4ai/llama/description/architecture/config_78.architecture.yaml,llama_3_8b,6,/home/gensis2/research/archx/chiplet4ai/llama/description/workload/llama_3_8b/config_6.workload.yaml,/home/gensis2/research/archx/chiplet4ai/llama/description/event/event.yaml,/home/gensis2/research/archx/chiplet4ai/llama/description/metric/metric.yaml,/home/gensis2/research/archx/chiplet4ai/llama/description/runs/llama_3_8b/arch_78/config_6,/home/gensis2/research/archx/chiplet4ai/llama/description/runs/llama_3_8b/arch_78/config_6/checkpoint.json
917,63,/home/gensis2/research/archx/chiplet4ai/llama/description/architecture/config_63.architecture.yaml,llama_3_8b,6,/home/gensis2/research/archx/chiplet4ai/llama/description/workload/llama_3_8b/config_6.workload.yaml,/home/gensis2/research/archx/chiplet4ai/llama/description/event/event.yaml,/home/gensis2/research/archx/chiplet4ai/llama/description/metric/metric.yaml,/home/gensis2/research/archx/chiplet4ai/llama/description/runs/llama_3_8b/arch_63/config_6,/home/gensis2/research/archx/chiplet4ai/llama/description/runs/llama_3_8b/arch_63/config_6/checkpoint.json
918,63,/home/gensis2/research/archx/chiplet4ai/llama/description/architecture/config_63.architecture.yaml,llama_3_8b,5,/home/gensis2/research/archx/chiplet4ai/llama/description/workload/llama_3_8b/config_5.workload.yaml,/home/gensis2/research/archx/chiplet4ai/llama/description/event/event.yaml,/home/gensis2/research/archx/chiplet4ai/llama/description/metric/metric.yaml,/home/gensis2/research/archx/chiplet4ai/llama/description/runs/llama_3_8b/arch_63/config_5,/home/gensis2/research/archx/chiplet4ai/llama/description/runs/llama_3_8b/arch_63/config_5/checkpoint.json
919,58,/home/gensis2/research/archx/chiplet4ai/llama/description/architecture/config_58.architecture.yaml,llama_3_8b,5,/home/gensis2/research/archx/chiplet4ai/llama/description/workload/llama_3_8b/config_5.workload.yaml,/home/gensis2/research/archx/chiplet4ai/llama/description/event/event.yaml,/home/gensis2/research/archx/chiplet4ai/llama/description/metric/metric.yaml,/home/gensis2/research/archx/chiplet4ai/llama/description/runs/llama_3_8b/arch_58/config_5,/home/gensis2/research/archx/chiplet4ai/llama/description/runs/llama_3_8b/arch_58/config_5/checkpoint.json
920,58,/home/gensis2/research/archx/chiplet4ai/llama/description/architecture/config_58.architecture.yaml,llama_3_8b,6,/home/gensis2/research/archx/chiplet4ai/llama/description/workload/llama_3_8b/config_6.workload.yaml,/home/gensis2/research/archx/chiplet4ai/llama/description/event/event.yaml,/home/gensis2/research/archx/chiplet4ai/llama/description/metric/metric.yaml,/home/gensis2/research/archx/chiplet4ai/llama/description/runs/llama_3_8b/arch_58/config_6,/home/gensis2/research/archx/chiplet4ai/llama/description/runs/llama_3_8b/arch_58/config_6/checkpoint.json
921,43,/home/gensis2/research/archx/chiplet4ai/llama/description/architecture/config_43.architecture.yaml,llama_3_8b,6,/home/gensis2/research/archx/chiplet4ai/llama/description/workload/llama_3_8b/config_6.workload.yaml,/home/gensis2/research/archx/chiplet4ai/llama/description/event/event.yaml,/home/gensis2/research/archx/chiplet4ai/llama/description/metric/metric.yaml,/home/gensis2/research/archx/chiplet4ai/llama/description/runs/llama_3_8b/arch_43/config_6,/home/gensis2/research/archx/chiplet4ai/llama/description/runs/llama_3_8b/arch_43/config_6/checkpoint.json
922,43,/home/gensis2/research/archx/chiplet4ai/llama/description/architecture/config_43.architecture.yaml,llama_3_8b,5,/home/gensis2/research/archx/chiplet4ai/llama/description/workload/llama_3_8b/config_5.workload.yaml,/home/gensis2/research/archx/chiplet4ai/llama/description/event/event.yaml,/home/gensis2/research/archx/chiplet4ai/llama/description/metric/metric.yaml,/home/gensis2/research/archx/chiplet4ai/llama/description/runs/llama_3_8b/arch_43/config_5,/home/gensis2/research/archx/chiplet4ai/llama/description/runs/llama_3_8b/arch_43/config_5/checkpoint.json
923,38,/home/gensis2/research/archx/chiplet4ai/llama/description/architecture/config_38.architecture.yaml,llama_3_8b,5,/home/gensis2/research/archx/chiplet4ai/llama/description/workload/llama_3_8b/config_5.workload.yaml,/home/gensis2/research/archx/chiplet4ai/llama/description/event/event.yaml,/home/gensis2/research/archx/chiplet4ai/llama/description/metric/metric.yaml,/home/gensis2/research/archx/chiplet4ai/llama/description/runs/llama_3_8b/arch_38/config_5,/home/gensis2/research/archx/chiplet4ai/llama/description/runs/llama_3_8b/arch_38/config_5/checkpoint.json
924,38,/home/gensis2/research/archx/chiplet4ai/llama/description/architecture/config_38.architecture.yaml,llama_3_8b,6,/home/gensis2/research/archx/chiplet4ai/llama/description/workload/llama_3_8b/config_6.workload.yaml,/home/gensis2/research/archx/chiplet4ai/llama/description/event/event.yaml,/home/gensis2/research/archx/chiplet4ai/llama/description/metric/metric.yaml,/home/gensis2/research/archx/chiplet4ai/llama/description/runs/llama_3_8b/arch_38/config_6,/home/gensis2/research/archx/chiplet4ai/llama/description/runs/llama_3_8b/arch_38/config_6/checkpoint.json
925,23,/home/gensis2/research/archx/chiplet4ai/llama/description/architecture/config_23.architecture.yaml,llama_3_8b,6,/home/gensis2/research/archx/chiplet4ai/llama/description/workload/llama_3_8b/config_6.workload.yaml,/home/gensis2/research/archx/chiplet4ai/llama/description/event/event.yaml,/home/gensis2/research/archx/chiplet4ai/llama/description/metric/metric.yaml,/home/gensis2/research/archx/chiplet4ai/llama/description/runs/llama_3_8b/arch_23/config_6,/home/gensis2/research/archx/chiplet4ai/llama/description/runs/llama_3_8b/arch_23/config_6/checkpoint.json
926,23,/home/gensis2/research/archx/chiplet4ai/llama/description/architecture/config_23.architecture.yaml,llama_3_8b,5,/home/gensis2/research/archx/chiplet4ai/llama/description/workload/llama_3_8b/config_5.workload.yaml,/home/gensis2/research/archx/chiplet4ai/llama/description/event/event.yaml,/home/gensis2/research/archx/chiplet4ai/llama/description/metric/metric.yaml,/home/gensis2/research/archx/chiplet4ai/llama/description/runs/llama_3_8b/arch_23/config_5,/home/gensis2/research/archx/chiplet4ai/llama/description/runs/llama_3_8b/arch_23/config_5/checkpoint.json
927,18,/home/gensis2/research/archx/chiplet4ai/llama/description/architecture/config_18.architecture.yaml,llama_3_8b,5,/home/gensis2/research/archx/chiplet4ai/llama/description/workload/llama_3_8b/config_5.workload.yaml,/home/gensis2/research/archx/chiplet4ai/llama/description/event/event.yaml,/home/gensis2/research/archx/chiplet4ai/llama/description/metric/metric.yaml,/home/gensis2/research/archx/chiplet4ai/llama/description/runs/llama_3_8b/arch_18/config_5,/home/gensis2/research/archx/chiplet4ai/llama/description/runs/llama_3_8b/arch_18/config_5/checkpoint.json
928,18,/home/gensis2/research/archx/chiplet4ai/llama/description/architecture/config_18.architecture.yaml,llama_3_8b,6,/home/gensis2/research/archx/chiplet4ai/llama/description/workload/llama_3_8b/config_6.workload.yaml,/home/gensis2/research/archx/chiplet4ai/llama/description/event/event.yaml,/home/gensis2/research/archx/chiplet4ai/llama/description/metric/metric.yaml,/home/gensis2/research/archx/chiplet4ai/llama/description/runs/llama_3_8b/arch_18/config_6,/home/gensis2/research/archx/chiplet4ai/llama/description/runs/llama_3_8b/arch_18/config_6/checkpoint.json
929,3,/home/gensis2/research/archx/chiplet4ai/llama/description/architecture/config_3.architecture.yaml,llama_3_8b,6,/home/gensis2/research/archx/chiplet4ai/llama/description/workload/llama_3_8b/config_6.workload.yaml,/home/gensis2/research/archx/chiplet4ai/llama/description/event/event.yaml,/home/gensis2/research/archx/chiplet4ai/llama/description/metric/metric.yaml,/home/gensis2/research/archx/chiplet4ai/llama/description/runs/llama_3_8b/arch_3/config_6,/home/gensis2/research/archx/chiplet4ai/llama/description/runs/llama_3_8b/arch_3/config_6/checkpoint.json
930,3,/home/gensis2/research/archx/chiplet4ai/llama/description/architecture/config_3.architecture.yaml,llama_3_8b,5,/home/gensis2/research/archx/chiplet4ai/llama/description/workload/llama_3_8b/config_5.workload.yaml,/home/gensis2/research/archx/chiplet4ai/llama/description/event/event.yaml,/home/gensis2/research/archx/chiplet4ai/llama/description/metric/metric.yaml,/home/gensis2/research/archx/chiplet4ai/llama/description/runs/llama_3_8b/arch_3/config_5,/home/gensis2/research/archx/chiplet4ai/llama/description/runs/llama_3_8b/arch_3/config_5/checkpoint.json
931,4,/home/gensis2/research/archx/chiplet4ai/llama/description/architecture/config_4.architecture.yaml,llama_3_8b,5,/home/gensis2/research/archx/chiplet4ai/llama/description/workload/llama_3_8b/config_5.workload.yaml,/home/gensis2/research/archx/chiplet4ai/llama/description/event/event.yaml,/home/gensis2/research/archx/chiplet4ai/llama/description/metric/metric.yaml,/home/gensis2/research/archx/chiplet4ai/llama/description/runs/llama_3_8b/arch_4/config_5,/home/gensis2/research/archx/chiplet4ai/llama/description/runs/llama_3_8b/arch_4/config_5/checkpoint.json
932,4,/home/gensis2/research/archx/chiplet4ai/llama/description/architecture/config_4.architecture.yaml,llama_3_8b,6,/home/gensis2/research/archx/chiplet4ai/llama/description/workload/llama_3_8b/config_6.workload.yaml,/home/gensis2/research/archx/chiplet4ai/llama/description/event/event.yaml,/home/gensis2/research/archx/chiplet4ai/llama/description/metric/metric.yaml,/home/gensis2/research/archx/chiplet4ai/llama/description/runs/llama_3_8b/arch_4/config_6,/home/gensis2/research/archx/chiplet4ai/llama/description/runs/llama_3_8b/arch_4/config_6/checkpoint.json
933,37,/home/gensis2/research/archx/chiplet4ai/llama/description/architecture/config_37.architecture.yaml,llama_3_8b,6,/home/gensis2/research/archx/chiplet4ai/llama/description/workload/llama_3_8b/config_6.workload.yaml,/home/gensis2/research/archx/chiplet4ai/llama/description/event/event.yaml,/home/gensis2/research/archx/chiplet4ai/llama/description/metric/metric.yaml,/home/gensis2/research/archx/chiplet4ai/llama/description/runs/llama_3_8b/arch_37/config_6,/home/gensis2/research/archx/chiplet4ai/llama/description/runs/llama_3_8b/arch_37/config_6/checkpoint.json
934,37,/home/gensis2/research/archx/chiplet4ai/llama/description/architecture/config_37.architecture.yaml,llama_3_8b,5,/home/gensis2/research/archx/chiplet4ai/llama/description/workload/llama_3_8b/config_5.workload.yaml,/home/gensis2/research/archx/chiplet4ai/llama/description/event/event.yaml,/home/gensis2/research/archx/chiplet4ai/llama/description/metric/metric.yaml,/home/gensis2/research/archx/chiplet4ai/llama/description/runs/llama_3_8b/arch_37/config_5,/home/gensis2/research/archx/chiplet4ai/llama/description/runs/llama_3_8b/arch_37/config_5/checkpoint.json
935,24,/home/gensis2/research/archx/chiplet4ai/llama/description/architecture/config_24.architecture.yaml,llama_3_8b,5,/home/gensis2/research/archx/chiplet4ai/llama/description/workload/llama_3_8b/config_5.workload.yaml,/home/gensis2/research/archx/chiplet4ai/llama/description/event/event.yaml,/home/gensis2/research/archx/chiplet4ai/llama/description/metric/metric.yaml,/home/gensis2/research/archx/chiplet4ai/llama/description/runs/llama_3_8b/arch_24/config_5,/home/gensis2/research/archx/chiplet4ai/llama/description/runs/llama_3_8b/arch_24/config_5/checkpoint.json
936,24,/home/gensis2/research/archx/chiplet4ai/llama/description/architecture/config_24.architecture.yaml,llama_3_8b,6,/home/gensis2/research/archx/chiplet4ai/llama/description/workload/llama_3_8b/config_6.workload.yaml,/home/gensis2/research/archx/chiplet4ai/llama/description/event/event.yaml,/home/gensis2/research/archx/chiplet4ai/llama/description/metric/metric.yaml,/home/gensis2/research/archx/chiplet4ai/llama/description/runs/llama_3_8b/arch_24/config_6,/home/gensis2/research/archx/chiplet4ai/llama/description/runs/llama_3_8b/arch_24/config_6/checkpoint.json
937,17,/home/gensis2/research/archx/chiplet4ai/llama/description/architecture/config_17.architecture.yaml,llama_3_8b,6,/home/gensis2/research/archx/chiplet4ai/llama/description/workload/llama_3_8b/config_6.workload.yaml,/home/gensis2/research/archx/chiplet4ai/llama/description/event/event.yaml,/home/gensis2/research/archx/chiplet4ai/llama/description/metric/metric.yaml,/home/gensis2/research/archx/chiplet4ai/llama/description/runs/llama_3_8b/arch_17/config_6,/home/gensis2/research/archx/chiplet4ai/llama/description/runs/llama_3_8b/arch_17/config_6/checkpoint.json
938,17,/home/gensis2/research/archx/chiplet4ai/llama/description/architecture/config_17.architecture.yaml,llama_3_8b,5,/home/gensis2/research/archx/chiplet4ai/llama/description/workload/llama_3_8b/config_5.workload.yaml,/home/gensis2/research/archx/chiplet4ai/llama/description/event/event.yaml,/home/gensis2/research/archx/chiplet4ai/llama/description/metric/metric.yaml,/home/gensis2/research/archx/chiplet4ai/llama/description/runs/llama_3_8b/arch_17/config_5,/home/gensis2/research/archx/chiplet4ai/llama/description/runs/llama_3_8b/arch_17/config_5/checkpoint.json
939,44,/home/gensis2/research/archx/chiplet4ai/llama/description/architecture/config_44.architecture.yaml,llama_3_8b,5,/home/gensis2/research/archx/chiplet4ai/llama/description/workload/llama_3_8b/config_5.workload.yaml,/home/gensis2/research/archx/chiplet4ai/llama/description/event/event.yaml,/home/gensis2/research/archx/chiplet4ai/llama/description/metric/metric.yaml,/home/gensis2/research/archx/chiplet4ai/llama/description/runs/llama_3_8b/arch_44/config_5,/home/gensis2/research/archx/chiplet4ai/llama/description/runs/llama_3_8b/arch_44/config_5/checkpoint.json
940,44,/home/gensis2/research/archx/chiplet4ai/llama/description/architecture/config_44.architecture.yaml,llama_3_8b,6,/home/gensis2/research/archx/chiplet4ai/llama/description/workload/llama_3_8b/config_6.workload.yaml,/home/gensis2/research/archx/chiplet4ai/llama/description/event/event.yaml,/home/gensis2/research/archx/chiplet4ai/llama/description/metric/metric.yaml,/home/gensis2/research/archx/chiplet4ai/llama/description/runs/llama_3_8b/arch_44/config_6,/home/gensis2/research/archx/chiplet4ai/llama/description/runs/llama_3_8b/arch_44/config_6/checkpoint.json
941,57,/home/gensis2/research/archx/chiplet4ai/llama/description/architecture/config_57.architecture.yaml,llama_3_8b,6,/home/gensis2/research/archx/chiplet4ai/llama/description/workload/llama_3_8b/config_6.workload.yaml,/home/gensis2/research/archx/chiplet4ai/llama/description/event/event.yaml,/home/gensis2/research/archx/chiplet4ai/llama/description/metric/metric.yaml,/home/gensis2/research/archx/chiplet4ai/llama/description/runs/llama_3_8b/arch_57/config_6,/home/gensis2/research/archx/chiplet4ai/llama/description/runs/llama_3_8b/arch_57/config_6/checkpoint.json
942,57,/home/gensis2/research/archx/chiplet4ai/llama/description/architecture/config_57.architecture.yaml,llama_3_8b,5,/home/gensis2/research/archx/chiplet4ai/llama/description/workload/llama_3_8b/config_5.workload.yaml,/home/gensis2/research/archx/chiplet4ai/llama/description/event/event.yaml,/home/gensis2/research/archx/chiplet4ai/llama/description/metric/metric.yaml,/home/gensis2/research/archx/chiplet4ai/llama/description/runs/llama_3_8b/arch_57/config_5,/home/gensis2/research/archx/chiplet4ai/llama/description/runs/llama_3_8b/arch_57/config_5/checkpoint.json
943,64,/home/gensis2/research/archx/chiplet4ai/llama/description/architecture/config_64.architecture.yaml,llama_3_8b,5,/home/gensis2/research/archx/chiplet4ai/llama/description/workload/llama_3_8b/config_5.workload.yaml,/home/gensis2/research/archx/chiplet4ai/llama/description/event/event.yaml,/home/gensis2/research/archx/chiplet4ai/llama/description/metric/metric.yaml,/home/gensis2/research/archx/chiplet4ai/llama/description/runs/llama_3_8b/arch_64/config_5,/home/gensis2/research/archx/chiplet4ai/llama/description/runs/llama_3_8b/arch_64/config_5/checkpoint.json
944,64,/home/gensis2/research/archx/chiplet4ai/llama/description/architecture/config_64.architecture.yaml,llama_3_8b,6,/home/gensis2/research/archx/chiplet4ai/llama/description/workload/llama_3_8b/config_6.workload.yaml,/home/gensis2/research/archx/chiplet4ai/llama/description/event/event.yaml,/home/gensis2/research/archx/chiplet4ai/llama/description/metric/metric.yaml,/home/gensis2/research/archx/chiplet4ai/llama/description/runs/llama_3_8b/arch_64/config_6,/home/gensis2/research/archx/chiplet4ai/llama/description/runs/llama_3_8b/arch_64/config_6/checkpoint.json
945,77,/home/gensis2/research/archx/chiplet4ai/llama/description/architecture/config_77.architecture.yaml,llama_3_8b,6,/home/gensis2/research/archx/chiplet4ai/llama/description/workload/llama_3_8b/config_6.workload.yaml,/home/gensis2/research/archx/chiplet4ai/llama/description/event/event.yaml,/home/gensis2/research/archx/chiplet4ai/llama/description/metric/metric.yaml,/home/gensis2/research/archx/chiplet4ai/llama/description/runs/llama_3_8b/arch_77/config_6,/home/gensis2/research/archx/chiplet4ai/llama/description/runs/llama_3_8b/arch_77/config_6/checkpoint.json
946,77,/home/gensis2/research/archx/chiplet4ai/llama/description/architecture/config_77.architecture.yaml,llama_3_8b,5,/home/gensis2/research/archx/chiplet4ai/llama/description/workload/llama_3_8b/config_5.workload.yaml,/home/gensis2/research/archx/chiplet4ai/llama/description/event/event.yaml,/home/gensis2/research/archx/chiplet4ai/llama/description/metric/metric.yaml,/home/gensis2/research/archx/chiplet4ai/llama/description/runs/llama_3_8b/arch_77/config_5,/home/gensis2/research/archx/chiplet4ai/llama/description/runs/llama_3_8b/arch_77/config_5/checkpoint.json
947,77,/home/gensis2/research/archx/chiplet4ai/llama/description/architecture/config_77.architecture.yaml,llama_3_70b,7,/home/gensis2/research/archx/chiplet4ai/llama/description/workload/llama_3_70b/config_7.workload.yaml,/home/gensis2/research/archx/chiplet4ai/llama/description/event/event.yaml,/home/gensis2/research/archx/chiplet4ai/llama/description/metric/metric.yaml,/home/gensis2/research/archx/chiplet4ai/llama/description/runs/llama_3_70b/arch_77/config_7,/home/gensis2/research/archx/chiplet4ai/llama/description/runs/llama_3_70b/arch_77/config_7/checkpoint.json
948,77,/home/gensis2/research/archx/chiplet4ai/llama/description/architecture/config_77.architecture.yaml,llama_3_70b,8,/home/gensis2/research/archx/chiplet4ai/llama/description/workload/llama_3_70b/config_8.workload.yaml,/home/gensis2/research/archx/chiplet4ai/llama/description/event/event.yaml,/home/gensis2/research/archx/chiplet4ai/llama/description/metric/metric.yaml,/home/gensis2/research/archx/chiplet4ai/llama/description/runs/llama_3_70b/arch_77/config_8,/home/gensis2/research/archx/chiplet4ai/llama/description/runs/llama_3_70b/arch_77/config_8/checkpoint.json
949,77,/home/gensis2/research/archx/chiplet4ai/llama/description/architecture/config_77.architecture.yaml,llama_3_70b,9,/home/gensis2/research/archx/chiplet4ai/llama/description/workload/llama_3_70b/config_9.workload.yaml,/home/gensis2/research/archx/chiplet4ai/llama/description/event/event.yaml,/home/gensis2/research/archx/chiplet4ai/llama/description/metric/metric.yaml,/home/gensis2/research/archx/chiplet4ai/llama/description/runs/llama_3_70b/arch_77/config_9,/home/gensis2/research/archx/chiplet4ai/llama/description/runs/llama_3_70b/arch_77/config_9/checkpoint.json
950,64,/home/gensis2/research/archx/chiplet4ai/llama/description/architecture/config_64.architecture.yaml,llama_3_70b,8,/home/gensis2/research/archx/chiplet4ai/llama/description/workload/llama_3_70b/config_8.workload.yaml,/home/gensis2/research/archx/chiplet4ai/llama/description/event/event.yaml,/home/gensis2/research/archx/chiplet4ai/llama/description/metric/metric.yaml,/home/gensis2/research/archx/chiplet4ai/llama/description/runs/llama_3_70b/arch_64/config_8,/home/gensis2/research/archx/chiplet4ai/llama/description/runs/llama_3_70b/arch_64/config_8/checkpoint.json
951,64,/home/gensis2/research/archx/chiplet4ai/llama/description/architecture/config_64.architecture.yaml,llama_3_70b,9,/home/gensis2/research/archx/chiplet4ai/llama/description/workload/llama_3_70b/config_9.workload.yaml,/home/gensis2/research/archx/chiplet4ai/llama/description/event/event.yaml,/home/gensis2/research/archx/chiplet4ai/llama/description/metric/metric.yaml,/home/gensis2/research/archx/chiplet4ai/llama/description/runs/llama_3_70b/arch_64/config_9,/home/gensis2/research/archx/chiplet4ai/llama/description/runs/llama_3_70b/arch_64/config_9/checkpoint.json
952,64,/home/gensis2/research/archx/chiplet4ai/llama/description/architecture/config_64.architecture.yaml,llama_3_70b,7,/home/gensis2/research/archx/chiplet4ai/llama/description/workload/llama_3_70b/config_7.workload.yaml,/home/gensis2/research/archx/chiplet4ai/llama/description/event/event.yaml,/home/gensis2/research/archx/chiplet4ai/llama/description/metric/metric.yaml,/home/gensis2/research/archx/chiplet4ai/llama/description/runs/llama_3_70b/arch_64/config_7,/home/gensis2/research/archx/chiplet4ai/llama/description/runs/llama_3_70b/arch_64/config_7/checkpoint.json
953,57,/home/gensis2/research/archx/chiplet4ai/llama/description/architecture/config_57.architecture.yaml,llama_3_70b,7,/home/gensis2/research/archx/chiplet4ai/llama/description/workload/llama_3_70b/config_7.workload.yaml,/home/gensis2/research/archx/chiplet4ai/llama/description/event/event.yaml,/home/gensis2/research/archx/chiplet4ai/llama/description/metric/metric.yaml,/home/gensis2/research/archx/chiplet4ai/llama/description/runs/llama_3_70b/arch_57/config_7,/home/gensis2/research/archx/chiplet4ai/llama/description/runs/llama_3_70b/arch_57/config_7/checkpoint.json
954,57,/home/gensis2/research/archx/chiplet4ai/llama/description/architecture/config_57.architecture.yaml,llama_3_70b,8,/home/gensis2/research/archx/chiplet4ai/llama/description/workload/llama_3_70b/config_8.workload.yaml,/home/gensis2/research/archx/chiplet4ai/llama/description/event/event.yaml,/home/gensis2/research/archx/chiplet4ai/llama/description/metric/metric.yaml,/home/gensis2/research/archx/chiplet4ai/llama/description/runs/llama_3_70b/arch_57/config_8,/home/gensis2/research/archx/chiplet4ai/llama/description/runs/llama_3_70b/arch_57/config_8/checkpoint.json
955,57,/home/gensis2/research/archx/chiplet4ai/llama/description/architecture/config_57.architecture.yaml,llama_3_70b,9,/home/gensis2/research/archx/chiplet4ai/llama/description/workload/llama_3_70b/config_9.workload.yaml,/home/gensis2/research/archx/chiplet4ai/llama/description/event/event.yaml,/home/gensis2/research/archx/chiplet4ai/llama/description/metric/metric.yaml,/home/gensis2/research/archx/chiplet4ai/llama/description/runs/llama_3_70b/arch_57/config_9,/home/gensis2/research/archx/chiplet4ai/llama/description/runs/llama_3_70b/arch_57/config_9/checkpoint.json
956,44,/home/gensis2/research/archx/chiplet4ai/llama/description/architecture/config_44.architecture.yaml,llama_3_70b,8,/home/gensis2/research/archx/chiplet4ai/llama/description/workload/llama_3_70b/config_8.workload.yaml,/home/gensis2/research/archx/chiplet4ai/llama/description/event/event.yaml,/home/gensis2/research/archx/chiplet4ai/llama/description/metric/metric.yaml,/home/gensis2/research/archx/chiplet4ai/llama/description/runs/llama_3_70b/arch_44/config_8,/home/gensis2/research/archx/chiplet4ai/llama/description/runs/llama_3_70b/arch_44/config_8/checkpoint.json
957,44,/home/gensis2/research/archx/chiplet4ai/llama/description/architecture/config_44.architecture.yaml,llama_3_70b,9,/home/gensis2/research/archx/chiplet4ai/llama/description/workload/llama_3_70b/config_9.workload.yaml,/home/gensis2/research/archx/chiplet4ai/llama/description/event/event.yaml,/home/gensis2/research/archx/chiplet4ai/llama/description/metric/metric.yaml,/home/gensis2/research/archx/chiplet4ai/llama/description/runs/llama_3_70b/arch_44/config_9,/home/gensis2/research/archx/chiplet4ai/llama/description/runs/llama_3_70b/arch_44/config_9/checkpoint.json
958,44,/home/gensis2/research/archx/chiplet4ai/llama/description/architecture/config_44.architecture.yaml,llama_3_70b,7,/home/gensis2/research/archx/chiplet4ai/llama/description/workload/llama_3_70b/config_7.workload.yaml,/home/gensis2/research/archx/chiplet4ai/llama/description/event/event.yaml,/home/gensis2/research/archx/chiplet4ai/llama/description/metric/metric.yaml,/home/gensis2/research/archx/chiplet4ai/llama/description/runs/llama_3_70b/arch_44/config_7,/home/gensis2/research/archx/chiplet4ai/llama/description/runs/llama_3_70b/arch_44/config_7/checkpoint.json
959,37,/home/gensis2/research/archx/chiplet4ai/llama/description/architecture/config_37.architecture.yaml,llama_3_70b,7,/home/gensis2/research/archx/chiplet4ai/llama/description/workload/llama_3_70b/config_7.workload.yaml,/home/gensis2/research/archx/chiplet4ai/llama/description/event/event.yaml,/home/gensis2/research/archx/chiplet4ai/llama/description/metric/metric.yaml,/home/gensis2/research/archx/chiplet4ai/llama/description/runs/llama_3_70b/arch_37/config_7,/home/gensis2/research/archx/chiplet4ai/llama/description/runs/llama_3_70b/arch_37/config_7/checkpoint.json
960,37,/home/gensis2/research/archx/chiplet4ai/llama/description/architecture/config_37.architecture.yaml,llama_3_70b,8,/home/gensis2/research/archx/chiplet4ai/llama/description/workload/llama_3_70b/config_8.workload.yaml,/home/gensis2/research/archx/chiplet4ai/llama/description/event/event.yaml,/home/gensis2/research/archx/chiplet4ai/llama/description/metric/metric.yaml,/home/gensis2/research/archx/chiplet4ai/llama/description/runs/llama_3_70b/arch_37/config_8,/home/gensis2/research/archx/chiplet4ai/llama/description/runs/llama_3_70b/arch_37/config_8/checkpoint.json
961,37,/home/gensis2/research/archx/chiplet4ai/llama/description/architecture/config_37.architecture.yaml,llama_3_70b,9,/home/gensis2/research/archx/chiplet4ai/llama/description/workload/llama_3_70b/config_9.workload.yaml,/home/gensis2/research/archx/chiplet4ai/llama/description/event/event.yaml,/home/gensis2/research/archx/chiplet4ai/llama/description/metric/metric.yaml,/home/gensis2/research/archx/chiplet4ai/llama/description/runs/llama_3_70b/arch_37/config_9,/home/gensis2/research/archx/chiplet4ai/llama/description/runs/llama_3_70b/arch_37/config_9/checkpoint.json
962,24,/home/gensis2/research/archx/chiplet4ai/llama/description/architecture/config_24.architecture.yaml,llama_3_70b,8,/home/gensis2/research/archx/chiplet4ai/llama/description/workload/llama_3_70b/config_8.workload.yaml,/home/gensis2/research/archx/chiplet4ai/llama/description/event/event.yaml,/home/gensis2/research/archx/chiplet4ai/llama/description/metric/metric.yaml,/home/gensis2/research/archx/chiplet4ai/llama/description/runs/llama_3_70b/arch_24/config_8,/home/gensis2/research/archx/chiplet4ai/llama/description/runs/llama_3_70b/arch_24/config_8/checkpoint.json
963,24,/home/gensis2/research/archx/chiplet4ai/llama/description/architecture/config_24.architecture.yaml,llama_3_70b,9,/home/gensis2/research/archx/chiplet4ai/llama/description/workload/llama_3_70b/config_9.workload.yaml,/home/gensis2/research/archx/chiplet4ai/llama/description/event/event.yaml,/home/gensis2/research/archx/chiplet4ai/llama/description/metric/metric.yaml,/home/gensis2/research/archx/chiplet4ai/llama/description/runs/llama_3_70b/arch_24/config_9,/home/gensis2/research/archx/chiplet4ai/llama/description/runs/llama_3_70b/arch_24/config_9/checkpoint.json
964,24,/home/gensis2/research/archx/chiplet4ai/llama/description/architecture/config_24.architecture.yaml,llama_3_70b,7,/home/gensis2/research/archx/chiplet4ai/llama/description/workload/llama_3_70b/config_7.workload.yaml,/home/gensis2/research/archx/chiplet4ai/llama/description/event/event.yaml,/home/gensis2/research/archx/chiplet4ai/llama/description/metric/metric.yaml,/home/gensis2/research/archx/chiplet4ai/llama/description/runs/llama_3_70b/arch_24/config_7,/home/gensis2/research/archx/chiplet4ai/llama/description/runs/llama_3_70b/arch_24/config_7/checkpoint.json
965,17,/home/gensis2/research/archx/chiplet4ai/llama/description/architecture/config_17.architecture.yaml,llama_3_70b,7,/home/gensis2/research/archx/chiplet4ai/llama/description/workload/llama_3_70b/config_7.workload.yaml,/home/gensis2/research/archx/chiplet4ai/llama/description/event/event.yaml,/home/gensis2/research/archx/chiplet4ai/llama/description/metric/metric.yaml,/home/gensis2/research/archx/chiplet4ai/llama/description/runs/llama_3_70b/arch_17/config_7,/home/gensis2/research/archx/chiplet4ai/llama/description/runs/llama_3_70b/arch_17/config_7/checkpoint.json
966,17,/home/gensis2/research/archx/chiplet4ai/llama/description/architecture/config_17.architecture.yaml,llama_3_70b,8,/home/gensis2/research/archx/chiplet4ai/llama/description/workload/llama_3_70b/config_8.workload.yaml,/home/gensis2/research/archx/chiplet4ai/llama/description/event/event.yaml,/home/gensis2/research/archx/chiplet4ai/llama/description/metric/metric.yaml,/home/gensis2/research/archx/chiplet4ai/llama/description/runs/llama_3_70b/arch_17/config_8,/home/gensis2/research/archx/chiplet4ai/llama/description/runs/llama_3_70b/arch_17/config_8/checkpoint.json
967,17,/home/gensis2/research/archx/chiplet4ai/llama/description/architecture/config_17.architecture.yaml,llama_3_70b,9,/home/gensis2/research/archx/chiplet4ai/llama/description/workload/llama_3_70b/config_9.workload.yaml,/home/gensis2/research/archx/chiplet4ai/llama/description/event/event.yaml,/home/gensis2/research/archx/chiplet4ai/llama/description/metric/metric.yaml,/home/gensis2/research/archx/chiplet4ai/llama/description/runs/llama_3_70b/arch_17/config_9,/home/gensis2/research/archx/chiplet4ai/llama/description/runs/llama_3_70b/arch_17/config_9/checkpoint.json
968,4,/home/gensis2/research/archx/chiplet4ai/llama/description/architecture/config_4.architecture.yaml,llama_3_70b,8,/home/gensis2/research/archx/chiplet4ai/llama/description/workload/llama_3_70b/config_8.workload.yaml,/home/gensis2/research/archx/chiplet4ai/llama/description/event/event.yaml,/home/gensis2/research/archx/chiplet4ai/llama/description/metric/metric.yaml,/home/gensis2/research/archx/chiplet4ai/llama/description/runs/llama_3_70b/arch_4/config_8,/home/gensis2/research/archx/chiplet4ai/llama/description/runs/llama_3_70b/arch_4/config_8/checkpoint.json
969,4,/home/gensis2/research/archx/chiplet4ai/llama/description/architecture/config_4.architecture.yaml,llama_3_70b,9,/home/gensis2/research/archx/chiplet4ai/llama/description/workload/llama_3_70b/config_9.workload.yaml,/home/gensis2/research/archx/chiplet4ai/llama/description/event/event.yaml,/home/gensis2/research/archx/chiplet4ai/llama/description/metric/metric.yaml,/home/gensis2/research/archx/chiplet4ai/llama/description/runs/llama_3_70b/arch_4/config_9,/home/gensis2/research/archx/chiplet4ai/llama/description/runs/llama_3_70b/arch_4/config_9/checkpoint.json
970,4,/home/gensis2/research/archx/chiplet4ai/llama/description/architecture/config_4.architecture.yaml,llama_3_70b,7,/home/gensis2/research/archx/chiplet4ai/llama/description/workload/llama_3_70b/config_7.workload.yaml,/home/gensis2/research/archx/chiplet4ai/llama/description/event/event.yaml,/home/gensis2/research/archx/chiplet4ai/llama/description/metric/metric.yaml,/home/gensis2/research/archx/chiplet4ai/llama/description/runs/llama_3_70b/arch_4/config_7,/home/gensis2/research/archx/chiplet4ai/llama/description/runs/llama_3_70b/arch_4/config_7/checkpoint.json
971,3,/home/gensis2/research/archx/chiplet4ai/llama/description/architecture/config_3.architecture.yaml,llama_3_70b,7,/home/gensis2/research/archx/chiplet4ai/llama/description/workload/llama_3_70b/config_7.workload.yaml,/home/gensis2/research/archx/chiplet4ai/llama/description/event/event.yaml,/home/gensis2/research/archx/chiplet4ai/llama/description/metric/metric.yaml,/home/gensis2/research/archx/chiplet4ai/llama/description/runs/llama_3_70b/arch_3/config_7,/home/gensis2/research/archx/chiplet4ai/llama/description/runs/llama_3_70b/arch_3/config_7/checkpoint.json
972,3,/home/gensis2/research/archx/chiplet4ai/llama/description/architecture/config_3.architecture.yaml,llama_3_70b,8,/home/gensis2/research/archx/chiplet4ai/llama/description/workload/llama_3_70b/config_8.workload.yaml,/home/gensis2/research/archx/chiplet4ai/llama/description/event/event.yaml,/home/gensis2/research/archx/chiplet4ai/llama/description/metric/metric.yaml,/home/gensis2/research/archx/chiplet4ai/llama/description/runs/llama_3_70b/arch_3/config_8,/home/gensis2/research/archx/chiplet4ai/llama/description/runs/llama_3_70b/arch_3/config_8/checkpoint.json
973,3,/home/gensis2/research/archx/chiplet4ai/llama/description/architecture/config_3.architecture.yaml,llama_3_70b,9,/home/gensis2/research/archx/chiplet4ai/llama/description/workload/llama_3_70b/config_9.workload.yaml,/home/gensis2/research/archx/chiplet4ai/llama/description/event/event.yaml,/home/gensis2/research/archx/chiplet4ai/llama/description/metric/metric.yaml,/home/gensis2/research/archx/chiplet4ai/llama/description/runs/llama_3_70b/arch_3/config_9,/home/gensis2/research/archx/chiplet4ai/llama/description/runs/llama_3_70b/arch_3/config_9/checkpoint.json
974,38,/home/gensis2/research/archx/chiplet4ai/llama/description/architecture/config_38.architecture.yaml,llama_3_70b,8,/home/gensis2/research/archx/chiplet4ai/llama/description/workload/llama_3_70b/config_8.workload.yaml,/home/gensis2/research/archx/chiplet4ai/llama/description/event/event.yaml,/home/gensis2/research/archx/chiplet4ai/llama/description/metric/metric.yaml,/home/gensis2/research/archx/chiplet4ai/llama/description/runs/llama_3_70b/arch_38/config_8,/home/gensis2/research/archx/chiplet4ai/llama/description/runs/llama_3_70b/arch_38/config_8/checkpoint.json
975,38,/home/gensis2/research/archx/chiplet4ai/llama/description/architecture/config_38.architecture.yaml,llama_3_70b,9,/home/gensis2/research/archx/chiplet4ai/llama/description/workload/llama_3_70b/config_9.workload.yaml,/home/gensis2/research/archx/chiplet4ai/llama/description/event/event.yaml,/home/gensis2/research/archx/chiplet4ai/llama/description/metric/metric.yaml,/home/gensis2/research/archx/chiplet4ai/llama/description/runs/llama_3_70b/arch_38/config_9,/home/gensis2/research/archx/chiplet4ai/llama/description/runs/llama_3_70b/arch_38/config_9/checkpoint.json
976,38,/home/gensis2/research/archx/chiplet4ai/llama/description/architecture/config_38.architecture.yaml,llama_3_70b,7,/home/gensis2/research/archx/chiplet4ai/llama/description/workload/llama_3_70b/config_7.workload.yaml,/home/gensis2/research/archx/chiplet4ai/llama/description/event/event.yaml,/home/gensis2/research/archx/chiplet4ai/llama/description/metric/metric.yaml,/home/gensis2/research/archx/chiplet4ai/llama/description/runs/llama_3_70b/arch_38/config_7,/home/gensis2/research/archx/chiplet4ai/llama/description/runs/llama_3_70b/arch_38/config_7/checkpoint.json
977,23,/home/gensis2/research/archx/chiplet4ai/llama/description/architecture/config_23.architecture.yaml,llama_3_70b,7,/home/gensis2/research/archx/chiplet4ai/llama/description/workload/llama_3_70b/config_7.workload.yaml,/home/gensis2/research/archx/chiplet4ai/llama/description/event/event.yaml,/home/gensis2/research/archx/chiplet4ai/llama/description/metric/metric.yaml,/home/gensis2/research/archx/chiplet4ai/llama/description/runs/llama_3_70b/arch_23/config_7,/home/gensis2/research/archx/chiplet4ai/llama/description/runs/llama_3_70b/arch_23/config_7/checkpoint.json
978,23,/home/gensis2/research/archx/chiplet4ai/llama/description/architecture/config_23.architecture.yaml,llama_3_70b,8,/home/gensis2/research/archx/chiplet4ai/llama/description/workload/llama_3_70b/config_8.workload.yaml,/home/gensis2/research/archx/chiplet4ai/llama/description/event/event.yaml,/home/gensis2/research/archx/chiplet4ai/llama/description/metric/metric.yaml,/home/gensis2/research/archx/chiplet4ai/llama/description/runs/llama_3_70b/arch_23/config_8,/home/gensis2/research/archx/chiplet4ai/llama/description/runs/llama_3_70b/arch_23/config_8/checkpoint.json
979,23,/home/gensis2/research/archx/chiplet4ai/llama/description/architecture/config_23.architecture.yaml,llama_3_70b,9,/home/gensis2/research/archx/chiplet4ai/llama/description/workload/llama_3_70b/config_9.workload.yaml,/home/gensis2/research/archx/chiplet4ai/llama/description/event/event.yaml,/home/gensis2/research/archx/chiplet4ai/llama/description/metric/metric.yaml,/home/gensis2/research/archx/chiplet4ai/llama/description/runs/llama_3_70b/arch_23/config_9,/home/gensis2/research/archx/chiplet4ai/llama/description/runs/llama_3_70b/arch_23/config_9/checkpoint.json
980,18,/home/gensis2/research/archx/chiplet4ai/llama/description/architecture/config_18.architecture.yaml,llama_3_70b,8,/home/gensis2/research/archx/chiplet4ai/llama/description/workload/llama_3_70b/config_8.workload.yaml,/home/gensis2/research/archx/chiplet4ai/llama/description/event/event.yaml,/home/gensis2/research/archx/chiplet4ai/llama/description/metric/metric.yaml,/home/gensis2/research/archx/chiplet4ai/llama/description/runs/llama_3_70b/arch_18/config_8,/home/gensis2/research/archx/chiplet4ai/llama/description/runs/llama_3_70b/arch_18/config_8/checkpoint.json
981,18,/home/gensis2/research/archx/chiplet4ai/llama/description/architecture/config_18.architecture.yaml,llama_3_70b,9,/home/gensis2/research/archx/chiplet4ai/llama/description/workload/llama_3_70b/config_9.workload.yaml,/home/gensis2/research/archx/chiplet4ai/llama/description/event/event.yaml,/home/gensis2/research/archx/chiplet4ai/llama/description/metric/metric.yaml,/home/gensis2/research/archx/chiplet4ai/llama/description/runs/llama_3_70b/arch_18/config_9,/home/gensis2/research/archx/chiplet4ai/llama/description/runs/llama_3_70b/arch_18/config_9/checkpoint.json
982,18,/home/gensis2/research/archx/chiplet4ai/llama/description/architecture/config_18.architecture.yaml,llama_3_70b,7,/home/gensis2/research/archx/chiplet4ai/llama/description/workload/llama_3_70b/config_7.workload.yaml,/home/gensis2/research/archx/chiplet4ai/llama/description/event/event.yaml,/home/gensis2/research/archx/chiplet4ai/llama/description/metric/metric.yaml,/home/gensis2/research/archx/chiplet4ai/llama/description/runs/llama_3_70b/arch_18/config_7,/home/gensis2/research/archx/chiplet4ai/llama/description/runs/llama_3_70b/arch_18/config_7/checkpoint.json
983,43,/home/gensis2/research/archx/chiplet4ai/llama/description/architecture/config_43.architecture.yaml,llama_3_70b,7,/home/gensis2/research/archx/chiplet4ai/llama/description/workload/llama_3_70b/config_7.workload.yaml,/home/gensis2/research/archx/chiplet4ai/llama/description/event/event.yaml,/home/gensis2/research/archx/chiplet4ai/llama/description/metric/metric.yaml,/home/gensis2/research/archx/chiplet4ai/llama/description/runs/llama_3_70b/arch_43/config_7,/home/gensis2/research/archx/chiplet4ai/llama/description/runs/llama_3_70b/arch_43/config_7/checkpoint.json
984,43,/home/gensis2/research/archx/chiplet4ai/llama/description/architecture/config_43.architecture.yaml,llama_3_70b,8,/home/gensis2/research/archx/chiplet4ai/llama/description/workload/llama_3_70b/config_8.workload.yaml,/home/gensis2/research/archx/chiplet4ai/llama/description/event/event.yaml,/home/gensis2/research/archx/chiplet4ai/llama/description/metric/metric.yaml,/home/gensis2/research/archx/chiplet4ai/llama/description/runs/llama_3_70b/arch_43/config_8,/home/gensis2/research/archx/chiplet4ai/llama/description/runs/llama_3_70b/arch_43/config_8/checkpoint.json
985,43,/home/gensis2/research/archx/chiplet4ai/llama/description/architecture/config_43.architecture.yaml,llama_3_70b,9,/home/gensis2/research/archx/chiplet4ai/llama/description/workload/llama_3_70b/config_9.workload.yaml,/home/gensis2/research/archx/chiplet4ai/llama/description/event/event.yaml,/home/gensis2/research/archx/chiplet4ai/llama/description/metric/metric.yaml,/home/gensis2/research/archx/chiplet4ai/llama/description/runs/llama_3_70b/arch_43/config_9,/home/gensis2/research/archx/chiplet4ai/llama/description/runs/llama_3_70b/arch_43/config_9/checkpoint.json
986,58,/home/gensis2/research/archx/chiplet4ai/llama/description/architecture/config_58.architecture.yaml,llama_3_70b,8,/home/gensis2/research/archx/chiplet4ai/llama/description/workload/llama_3_70b/config_8.workload.yaml,/home/gensis2/research/archx/chiplet4ai/llama/description/event/event.yaml,/home/gensis2/research/archx/chiplet4ai/llama/description/metric/metric.yaml,/home/gensis2/research/archx/chiplet4ai/llama/description/runs/llama_3_70b/arch_58/config_8,/home/gensis2/research/archx/chiplet4ai/llama/description/runs/llama_3_70b/arch_58/config_8/checkpoint.json
987,58,/home/gensis2/research/archx/chiplet4ai/llama/description/architecture/config_58.architecture.yaml,llama_3_70b,9,/home/gensis2/research/archx/chiplet4ai/llama/description/workload/llama_3_70b/config_9.workload.yaml,/home/gensis2/research/archx/chiplet4ai/llama/description/event/event.yaml,/home/gensis2/research/archx/chiplet4ai/llama/description/metric/metric.yaml,/home/gensis2/research/archx/chiplet4ai/llama/description/runs/llama_3_70b/arch_58/config_9,/home/gensis2/research/archx/chiplet4ai/llama/description/runs/llama_3_70b/arch_58/config_9/checkpoint.json
988,58,/home/gensis2/research/archx/chiplet4ai/llama/description/architecture/config_58.architecture.yaml,llama_3_70b,7,/home/gensis2/research/archx/chiplet4ai/llama/description/workload/llama_3_70b/config_7.workload.yaml,/home/gensis2/research/archx/chiplet4ai/llama/description/event/event.yaml,/home/gensis2/research/archx/chiplet4ai/llama/description/metric/metric.yaml,/home/gensis2/research/archx/chiplet4ai/llama/description/runs/llama_3_70b/arch_58/config_7,/home/gensis2/research/archx/chiplet4ai/llama/description/runs/llama_3_70b/arch_58/config_7/checkpoint.json
989,63,/home/gensis2/research/archx/chiplet4ai/llama/description/architecture/config_63.architecture.yaml,llama_3_70b,7,/home/gensis2/research/archx/chiplet4ai/llama/description/workload/llama_3_70b/config_7.workload.yaml,/home/gensis2/research/archx/chiplet4ai/llama/description/event/event.yaml,/home/gensis2/research/archx/chiplet4ai/llama/description/metric/metric.yaml,/home/gensis2/research/archx/chiplet4ai/llama/description/runs/llama_3_70b/arch_63/config_7,/home/gensis2/research/archx/chiplet4ai/llama/description/runs/llama_3_70b/arch_63/config_7/checkpoint.json
990,63,/home/gensis2/research/archx/chiplet4ai/llama/description/architecture/config_63.architecture.yaml,llama_3_70b,8,/home/gensis2/research/archx/chiplet4ai/llama/description/workload/llama_3_70b/config_8.workload.yaml,/home/gensis2/research/archx/chiplet4ai/llama/description/event/event.yaml,/home/gensis2/research/archx/chiplet4ai/llama/description/metric/metric.yaml,/home/gensis2/research/archx/chiplet4ai/llama/description/runs/llama_3_70b/arch_63/config_8,/home/gensis2/research/archx/chiplet4ai/llama/description/runs/llama_3_70b/arch_63/config_8/checkpoint.json
991,63,/home/gensis2/research/archx/chiplet4ai/llama/description/architecture/config_63.architecture.yaml,llama_3_70b,9,/home/gensis2/research/archx/chiplet4ai/llama/description/workload/llama_3_70b/config_9.workload.yaml,/home/gensis2/research/archx/chiplet4ai/llama/description/event/event.yaml,/home/gensis2/research/archx/chiplet4ai/llama/description/metric/metric.yaml,/home/gensis2/research/archx/chiplet4ai/llama/description/runs/llama_3_70b/arch_63/config_9,/home/gensis2/research/archx/chiplet4ai/llama/description/runs/llama_3_70b/arch_63/config_9/checkpoint.json
992,78,/home/gensis2/research/archx/chiplet4ai/llama/description/architecture/config_78.architecture.yaml,llama_3_70b,8,/home/gensis2/research/archx/chiplet4ai/llama/description/workload/llama_3_70b/config_8.workload.yaml,/home/gensis2/research/archx/chiplet4ai/llama/description/event/event.yaml,/home/gensis2/research/archx/chiplet4ai/llama/description/metric/metric.yaml,/home/gensis2/research/archx/chiplet4ai/llama/description/runs/llama_3_70b/arch_78/config_8,/home/gensis2/research/archx/chiplet4ai/llama/description/runs/llama_3_70b/arch_78/config_8/checkpoint.json
993,78,/home/gensis2/research/archx/chiplet4ai/llama/description/architecture/config_78.architecture.yaml,llama_3_70b,9,/home/gensis2/research/archx/chiplet4ai/llama/description/workload/llama_3_70b/config_9.workload.yaml,/home/gensis2/research/archx/chiplet4ai/llama/description/event/event.yaml,/home/gensis2/research/archx/chiplet4ai/llama/description/metric/metric.yaml,/home/gensis2/research/archx/chiplet4ai/llama/description/runs/llama_3_70b/arch_78/config_9,/home/gensis2/research/archx/chiplet4ai/llama/description/runs/llama_3_70b/arch_78/config_9/checkpoint.json
994,78,/home/gensis2/research/archx/chiplet4ai/llama/description/architecture/config_78.architecture.yaml,llama_3_70b,7,/home/gensis2/research/archx/chiplet4ai/llama/description/workload/llama_3_70b/config_7.workload.yaml,/home/gensis2/research/archx/chiplet4ai/llama/description/event/event.yaml,/home/gensis2/research/archx/chiplet4ai/llama/description/metric/metric.yaml,/home/gensis2/research/archx/chiplet4ai/llama/description/runs/llama_3_70b/arch_78/config_7,/home/gensis2/research/archx/chiplet4ai/llama/description/runs/llama_3_70b/arch_78/config_7/checkpoint.json
995,79,/home/gensis2/research/archx/chiplet4ai/llama/description/architecture/config_79.architecture.yaml,llama_3_70b,7,/home/gensis2/research/archx/chiplet4ai/llama/description/workload/llama_3_70b/config_7.workload.yaml,/home/gensis2/research/archx/chiplet4ai/llama/description/event/event.yaml,/home/gensis2/research/archx/chiplet4ai/llama/description/metric/metric.yaml,/home/gensis2/research/archx/chiplet4ai/llama/description/runs/llama_3_70b/arch_79/config_7,/home/gensis2/research/archx/chiplet4ai/llama/description/runs/llama_3_70b/arch_79/config_7/checkpoint.json
996,79,/home/gensis2/research/archx/chiplet4ai/llama/description/architecture/config_79.architecture.yaml,llama_3_70b,8,/home/gensis2/research/archx/chiplet4ai/llama/description/workload/llama_3_70b/config_8.workload.yaml,/home/gensis2/research/archx/chiplet4ai/llama/description/event/event.yaml,/home/gensis2/research/archx/chiplet4ai/llama/description/metric/metric.yaml,/home/gensis2/research/archx/chiplet4ai/llama/description/runs/llama_3_70b/arch_79/config_8,/home/gensis2/research/archx/chiplet4ai/llama/description/runs/llama_3_70b/arch_79/config_8/checkpoint.json
997,79,/home/gensis2/research/archx/chiplet4ai/llama/description/architecture/config_79.architecture.yaml,llama_3_70b,9,/home/gensis2/research/archx/chiplet4ai/llama/description/workload/llama_3_70b/config_9.workload.yaml,/home/gensis2/research/archx/chiplet4ai/llama/description/event/event.yaml,/home/gensis2/research/archx/chiplet4ai/llama/description/metric/metric.yaml,/home/gensis2/research/archx/chiplet4ai/llama/description/runs/llama_3_70b/arch_79/config_9,/home/gensis2/research/archx/chiplet4ai/llama/description/runs/llama_3_70b/arch_79/config_9/checkpoint.json
998,62,/home/gensis2/research/archx/chiplet4ai/llama/description/architecture/config_62.architecture.yaml,llama_3_70b,9,/home/gensis2/research/archx/chiplet4ai/llama/description/workload/llama_3_70b/config_9.workload.yaml,/home/gensis2/research/archx/chiplet4ai/llama/description/event/event.yaml,/home/gensis2/research/archx/chiplet4ai/llama/description/metric/metric.yaml,/home/gensis2/research/archx/chiplet4ai/llama/description/runs/llama_3_70b/arch_62/config_9,/home/gensis2/research/archx/chiplet4ai/llama/description/runs/llama_3_70b/arch_62/config_9/checkpoint.json
999,62,/home/gensis2/research/archx/chiplet4ai/llama/description/architecture/config_62.architecture.yaml,llama_3_70b,8,/home/gensis2/research/archx/chiplet4ai/llama/description/workload/llama_3_70b/config_8.workload.yaml,/home/gensis2/research/archx/chiplet4ai/llama/description/event/event.yaml,/home/gensis2/research/archx/chiplet4ai/llama/description/metric/metric.yaml,/home/gensis2/research/archx/chiplet4ai/llama/description/runs/llama_3_70b/arch_62/config_8,/home/gensis2/research/archx/chiplet4ai/llama/description/runs/llama_3_70b/arch_62/config_8/checkpoint.json
1000,62,/home/gensis2/research/archx/chiplet4ai/llama/description/architecture/config_62.architecture.yaml,llama_3_70b,7,/home/gensis2/research/archx/chiplet4ai/llama/description/workload/llama_3_70b/config_7.workload.yaml,/home/gensis2/research/archx/chiplet4ai/llama/description/event/event.yaml,/home/gensis2/research/archx/chiplet4ai/llama/description/metric/metric.yaml,/home/gensis2/research/archx/chiplet4ai/llama/description/runs/llama_3_70b/arch_62/config_7,/home/gensis2/research/archx/chiplet4ai/llama/description/runs/llama_3_70b/arch_62/config_7/checkpoint.json
1001,59,/home/gensis2/research/archx/chiplet4ai/llama/description/architecture/config_59.architecture.yaml,llama_3_70b,7,/home/gensis2/research/archx/chiplet4ai/llama/description/workload/llama_3_70b/config_7.workload.yaml,/home/gensis2/research/archx/chiplet4ai/llama/description/event/event.yaml,/home/gensis2/research/archx/chiplet4ai/llama/description/metric/metric.yaml,/home/gensis2/research/archx/chiplet4ai/llama/description/runs/llama_3_70b/arch_59/config_7,/home/gensis2/research/archx/chiplet4ai/llama/description/runs/llama_3_70b/arch_59/config_7/checkpoint.json
1002,59,/home/gensis2/research/archx/chiplet4ai/llama/description/architecture/config_59.architecture.yaml,llama_3_70b,8,/home/gensis2/research/archx/chiplet4ai/llama/description/workload/llama_3_70b/config_8.workload.yaml,/home/gensis2/research/archx/chiplet4ai/llama/description/event/event.yaml,/home/gensis2/research/archx/chiplet4ai/llama/description/metric/metric.yaml,/home/gensis2/research/archx/chiplet4ai/llama/description/runs/llama_3_70b/arch_59/config_8,/home/gensis2/research/archx/chiplet4ai/llama/description/runs/llama_3_70b/arch_59/config_8/checkpoint.json
1003,59,/home/gensis2/research/archx/chiplet4ai/llama/description/architecture/config_59.architecture.yaml,llama_3_70b,9,/home/gensis2/research/archx/chiplet4ai/llama/description/workload/llama_3_70b/config_9.workload.yaml,/home/gensis2/research/archx/chiplet4ai/llama/description/event/event.yaml,/home/gensis2/research/archx/chiplet4ai/llama/description/metric/metric.yaml,/home/gensis2/research/archx/chiplet4ai/llama/description/runs/llama_3_70b/arch_59/config_9,/home/gensis2/research/archx/chiplet4ai/llama/description/runs/llama_3_70b/arch_59/config_9/checkpoint.json
1004,42,/home/gensis2/research/archx/chiplet4ai/llama/description/architecture/config_42.architecture.yaml,llama_3_70b,9,/home/gensis2/research/archx/chiplet4ai/llama/description/workload/llama_3_70b/config_9.workload.yaml,/home/gensis2/research/archx/chiplet4ai/llama/description/event/event.yaml,/home/gensis2/research/archx/chiplet4ai/llama/description/metric/metric.yaml,/home/gensis2/research/archx/chiplet4ai/llama/description/runs/llama_3_70b/arch_42/config_9,/home/gensis2/research/archx/chiplet4ai/llama/description/runs/llama_3_70b/arch_42/config_9/checkpoint.json
1005,42,/home/gensis2/research/archx/chiplet4ai/llama/description/architecture/config_42.architecture.yaml,llama_3_70b,8,/home/gensis2/research/archx/chiplet4ai/llama/description/workload/llama_3_70b/config_8.workload.yaml,/home/gensis2/research/archx/chiplet4ai/llama/description/event/event.yaml,/home/gensis2/research/archx/chiplet4ai/llama/description/metric/metric.yaml,/home/gensis2/research/archx/chiplet4ai/llama/description/runs/llama_3_70b/arch_42/config_8,/home/gensis2/research/archx/chiplet4ai/llama/description/runs/llama_3_70b/arch_42/config_8/checkpoint.json
1006,42,/home/gensis2/research/archx/chiplet4ai/llama/description/architecture/config_42.architecture.yaml,llama_3_70b,7,/home/gensis2/research/archx/chiplet4ai/llama/description/workload/llama_3_70b/config_7.workload.yaml,/home/gensis2/research/archx/chiplet4ai/llama/description/event/event.yaml,/home/gensis2/research/archx/chiplet4ai/llama/description/metric/metric.yaml,/home/gensis2/research/archx/chiplet4ai/llama/description/runs/llama_3_70b/arch_42/config_7,/home/gensis2/research/archx/chiplet4ai/llama/description/runs/llama_3_70b/arch_42/config_7/checkpoint.json
1007,39,/home/gensis2/research/archx/chiplet4ai/llama/description/architecture/config_39.architecture.yaml,llama_3_70b,7,/home/gensis2/research/archx/chiplet4ai/llama/description/workload/llama_3_70b/config_7.workload.yaml,/home/gensis2/research/archx/chiplet4ai/llama/description/event/event.yaml,/home/gensis2/research/archx/chiplet4ai/llama/description/metric/metric.yaml,/home/gensis2/research/archx/chiplet4ai/llama/description/runs/llama_3_70b/arch_39/config_7,/home/gensis2/research/archx/chiplet4ai/llama/description/runs/llama_3_70b/arch_39/config_7/checkpoint.json
1008,39,/home/gensis2/research/archx/chiplet4ai/llama/description/architecture/config_39.architecture.yaml,llama_3_70b,8,/home/gensis2/research/archx/chiplet4ai/llama/description/workload/llama_3_70b/config_8.workload.yaml,/home/gensis2/research/archx/chiplet4ai/llama/description/event/event.yaml,/home/gensis2/research/archx/chiplet4ai/llama/description/metric/metric.yaml,/home/gensis2/research/archx/chiplet4ai/llama/description/runs/llama_3_70b/arch_39/config_8,/home/gensis2/research/archx/chiplet4ai/llama/description/runs/llama_3_70b/arch_39/config_8/checkpoint.json
1009,39,/home/gensis2/research/archx/chiplet4ai/llama/description/architecture/config_39.architecture.yaml,llama_3_70b,9,/home/gensis2/research/archx/chiplet4ai/llama/description/workload/llama_3_70b/config_9.workload.yaml,/home/gensis2/research/archx/chiplet4ai/llama/description/event/event.yaml,/home/gensis2/research/archx/chiplet4ai/llama/description/metric/metric.yaml,/home/gensis2/research/archx/chiplet4ai/llama/description/runs/llama_3_70b/arch_39/config_9,/home/gensis2/research/archx/chiplet4ai/llama/description/runs/llama_3_70b/arch_39/config_9/checkpoint.json
1010,22,/home/gensis2/research/archx/chiplet4ai/llama/description/architecture/config_22.architecture.yaml,llama_3_70b,9,/home/gensis2/research/archx/chiplet4ai/llama/description/workload/llama_3_70b/config_9.workload.yaml,/home/gensis2/research/archx/chiplet4ai/llama/description/event/event.yaml,/home/gensis2/research/archx/chiplet4ai/llama/description/metric/metric.yaml,/home/gensis2/research/archx/chiplet4ai/llama/description/runs/llama_3_70b/arch_22/config_9,/home/gensis2/research/archx/chiplet4ai/llama/description/runs/llama_3_70b/arch_22/config_9/checkpoint.json
1011,22,/home/gensis2/research/archx/chiplet4ai/llama/description/architecture/config_22.architecture.yaml,llama_3_70b,8,/home/gensis2/research/archx/chiplet4ai/llama/description/workload/llama_3_70b/config_8.workload.yaml,/home/gensis2/research/archx/chiplet4ai/llama/description/event/event.yaml,/home/gensis2/research/archx/chiplet4ai/llama/description/metric/metric.yaml,/home/gensis2/research/archx/chiplet4ai/llama/description/runs/llama_3_70b/arch_22/config_8,/home/gensis2/research/archx/chiplet4ai/llama/description/runs/llama_3_70b/arch_22/config_8/checkpoint.json
1012,22,/home/gensis2/research/archx/chiplet4ai/llama/description/architecture/config_22.architecture.yaml,llama_3_70b,7,/home/gensis2/research/archx/chiplet4ai/llama/description/workload/llama_3_70b/config_7.workload.yaml,/home/gensis2/research/archx/chiplet4ai/llama/description/event/event.yaml,/home/gensis2/research/archx/chiplet4ai/llama/description/metric/metric.yaml,/home/gensis2/research/archx/chiplet4ai/llama/description/runs/llama_3_70b/arch_22/config_7,/home/gensis2/research/archx/chiplet4ai/llama/description/runs/llama_3_70b/arch_22/config_7/checkpoint.json
1013,22,/home/gensis2/research/archx/chiplet4ai/llama/description/architecture/config_22.architecture.yaml,llama_3_8b,5,/home/gensis2/research/archx/chiplet4ai/llama/description/workload/llama_3_8b/config_5.workload.yaml,/home/gensis2/research/archx/chiplet4ai/llama/description/event/event.yaml,/home/gensis2/research/archx/chiplet4ai/llama/description/metric/metric.yaml,/home/gensis2/research/archx/chiplet4ai/llama/description/runs/llama_3_8b/arch_22/config_5,/home/gensis2/research/archx/chiplet4ai/llama/description/runs/llama_3_8b/arch_22/config_5/checkpoint.json
1014,22,/home/gensis2/research/archx/chiplet4ai/llama/description/architecture/config_22.architecture.yaml,llama_3_8b,6,/home/gensis2/research/archx/chiplet4ai/llama/description/workload/llama_3_8b/config_6.workload.yaml,/home/gensis2/research/archx/chiplet4ai/llama/description/event/event.yaml,/home/gensis2/research/archx/chiplet4ai/llama/description/metric/metric.yaml,/home/gensis2/research/archx/chiplet4ai/llama/description/runs/llama_3_8b/arch_22/config_6,/home/gensis2/research/archx/chiplet4ai/llama/description/runs/llama_3_8b/arch_22/config_6/checkpoint.json
1015,39,/home/gensis2/research/archx/chiplet4ai/llama/description/architecture/config_39.architecture.yaml,llama_3_8b,5,/home/gensis2/research/archx/chiplet4ai/llama/description/workload/llama_3_8b/config_5.workload.yaml,/home/gensis2/research/archx/chiplet4ai/llama/description/event/event.yaml,/home/gensis2/research/archx/chiplet4ai/llama/description/metric/metric.yaml,/home/gensis2/research/archx/chiplet4ai/llama/description/runs/llama_3_8b/arch_39/config_5,/home/gensis2/research/archx/chiplet4ai/llama/description/runs/llama_3_8b/arch_39/config_5/checkpoint.json
1016,39,/home/gensis2/research/archx/chiplet4ai/llama/description/architecture/config_39.architecture.yaml,llama_3_8b,6,/home/gensis2/research/archx/chiplet4ai/llama/description/workload/llama_3_8b/config_6.workload.yaml,/home/gensis2/research/archx/chiplet4ai/llama/description/event/event.yaml,/home/gensis2/research/archx/chiplet4ai/llama/description/metric/metric.yaml,/home/gensis2/research/archx/chiplet4ai/llama/description/runs/llama_3_8b/arch_39/config_6,/home/gensis2/research/archx/chiplet4ai/llama/description/runs/llama_3_8b/arch_39/config_6/checkpoint.json
1017,42,/home/gensis2/research/archx/chiplet4ai/llama/description/architecture/config_42.architecture.yaml,llama_3_8b,5,/home/gensis2/research/archx/chiplet4ai/llama/description/workload/llama_3_8b/config_5.workload.yaml,/home/gensis2/research/archx/chiplet4ai/llama/description/event/event.yaml,/home/gensis2/research/archx/chiplet4ai/llama/description/metric/metric.yaml,/home/gensis2/research/archx/chiplet4ai/llama/description/runs/llama_3_8b/arch_42/config_5,/home/gensis2/research/archx/chiplet4ai/llama/description/runs/llama_3_8b/arch_42/config_5/checkpoint.json
1018,42,/home/gensis2/research/archx/chiplet4ai/llama/description/architecture/config_42.architecture.yaml,llama_3_8b,6,/home/gensis2/research/archx/chiplet4ai/llama/description/workload/llama_3_8b/config_6.workload.yaml,/home/gensis2/research/archx/chiplet4ai/llama/description/event/event.yaml,/home/gensis2/research/archx/chiplet4ai/llama/description/metric/metric.yaml,/home/gensis2/research/archx/chiplet4ai/llama/description/runs/llama_3_8b/arch_42/config_6,/home/gensis2/research/archx/chiplet4ai/llama/description/runs/llama_3_8b/arch_42/config_6/checkpoint.json
1019,59,/home/gensis2/research/archx/chiplet4ai/llama/description/architecture/config_59.architecture.yaml,llama_3_8b,5,/home/gensis2/research/archx/chiplet4ai/llama/description/workload/llama_3_8b/config_5.workload.yaml,/home/gensis2/research/archx/chiplet4ai/llama/description/event/event.yaml,/home/gensis2/research/archx/chiplet4ai/llama/description/metric/metric.yaml,/home/gensis2/research/archx/chiplet4ai/llama/description/runs/llama_3_8b/arch_59/config_5,/home/gensis2/research/archx/chiplet4ai/llama/description/runs/llama_3_8b/arch_59/config_5/checkpoint.json
1020,59,/home/gensis2/research/archx/chiplet4ai/llama/description/architecture/config_59.architecture.yaml,llama_3_8b,6,/home/gensis2/research/archx/chiplet4ai/llama/description/workload/llama_3_8b/config_6.workload.yaml,/home/gensis2/research/archx/chiplet4ai/llama/description/event/event.yaml,/home/gensis2/research/archx/chiplet4ai/llama/description/metric/metric.yaml,/home/gensis2/research/archx/chiplet4ai/llama/description/runs/llama_3_8b/arch_59/config_6,/home/gensis2/research/archx/chiplet4ai/llama/description/runs/llama_3_8b/arch_59/config_6/checkpoint.json
1021,79,/home/gensis2/research/archx/chiplet4ai/llama/description/architecture/config_79.architecture.yaml,llama_3_8b,5,/home/gensis2/research/archx/chiplet4ai/llama/description/workload/llama_3_8b/config_5.workload.yaml,/home/gensis2/research/archx/chiplet4ai/llama/description/event/event.yaml,/home/gensis2/research/archx/chiplet4ai/llama/description/metric/metric.yaml,/home/gensis2/research/archx/chiplet4ai/llama/description/runs/llama_3_8b/arch_79/config_5,/home/gensis2/research/archx/chiplet4ai/llama/description/runs/llama_3_8b/arch_79/config_5/checkpoint.json
1022,79,/home/gensis2/research/archx/chiplet4ai/llama/description/architecture/config_79.architecture.yaml,llama_3_8b,6,/home/gensis2/research/archx/chiplet4ai/llama/description/workload/llama_3_8b/config_6.workload.yaml,/home/gensis2/research/archx/chiplet4ai/llama/description/event/event.yaml,/home/gensis2/research/archx/chiplet4ai/llama/description/metric/metric.yaml,/home/gensis2/research/archx/chiplet4ai/llama/description/runs/llama_3_8b/arch_79/config_6,/home/gensis2/research/archx/chiplet4ai/llama/description/runs/llama_3_8b/arch_79/config_6/checkpoint.json
1023,62,/home/gensis2/research/archx/chiplet4ai/llama/description/architecture/config_62.architecture.yaml,llama_3_8b,5,/home/gensis2/research/archx/chiplet4ai/llama/description/workload/llama_3_8b/config_5.workload.yaml,/home/gensis2/research/archx/chiplet4ai/llama/description/event/event.yaml,/home/gensis2/research/archx/chiplet4ai/llama/description/metric/metric.yaml,/home/gensis2/research/archx/chiplet4ai/llama/description/runs/llama_3_8b/arch_62/config_5,/home/gensis2/research/archx/chiplet4ai/llama/description/runs/llama_3_8b/arch_62/config_5/checkpoint.json
1024,62,/home/gensis2/research/archx/chiplet4ai/llama/description/architecture/config_62.architecture.yaml,llama_3_8b,6,/home/gensis2/research/archx/chiplet4ai/llama/description/workload/llama_3_8b/config_6.workload.yaml,/home/gensis2/research/archx/chiplet4ai/llama/description/event/event.yaml,/home/gensis2/research/archx/chiplet4ai/llama/description/metric/metric.yaml,/home/gensis2/research/archx/chiplet4ai/llama/description/runs/llama_3_8b/arch_62/config_6,/home/gensis2/research/archx/chiplet4ai/llama/description/runs/llama_3_8b/arch_62/config_6/checkpoint.json
1025,2,/home/gensis2/research/archx/chiplet4ai/llama/description/architecture/config_2.architecture.yaml,llama_3_8b,5,/home/gensis2/research/archx/chiplet4ai/llama/description/workload/llama_3_8b/config_5.workload.yaml,/home/gensis2/research/archx/chiplet4ai/llama/description/event/event.yaml,/home/gensis2/research/archx/chiplet4ai/llama/description/metric/metric.yaml,/home/gensis2/research/archx/chiplet4ai/llama/description/runs/llama_3_8b/arch_2/config_5,/home/gensis2/research/archx/chiplet4ai/llama/description/runs/llama_3_8b/arch_2/config_5/checkpoint.json
1026,2,/home/gensis2/research/archx/chiplet4ai/llama/description/architecture/config_2.architecture.yaml,llama_3_70b,7,/home/gensis2/research/archx/chiplet4ai/llama/description/workload/llama_3_70b/config_7.workload.yaml,/home/gensis2/research/archx/chiplet4ai/llama/description/event/event.yaml,/home/gensis2/research/archx/chiplet4ai/llama/description/metric/metric.yaml,/home/gensis2/research/archx/chiplet4ai/llama/description/runs/llama_3_70b/arch_2/config_7,/home/gensis2/research/archx/chiplet4ai/llama/description/runs/llama_3_70b/arch_2/config_7/checkpoint.json
1027,2,/home/gensis2/research/archx/chiplet4ai/llama/description/architecture/config_2.architecture.yaml,llama_3_8b,6,/home/gensis2/research/archx/chiplet4ai/llama/description/workload/llama_3_8b/config_6.workload.yaml,/home/gensis2/research/archx/chiplet4ai/llama/description/event/event.yaml,/home/gensis2/research/archx/chiplet4ai/llama/description/metric/metric.yaml,/home/gensis2/research/archx/chiplet4ai/llama/description/runs/llama_3_8b/arch_2/config_6,/home/gensis2/research/archx/chiplet4ai/llama/description/runs/llama_3_8b/arch_2/config_6/checkpoint.json
1028,2,/home/gensis2/research/archx/chiplet4ai/llama/description/architecture/config_2.architecture.yaml,llama_3_70b,8,/home/gensis2/research/archx/chiplet4ai/llama/description/workload/llama_3_70b/config_8.workload.yaml,/home/gensis2/research/archx/chiplet4ai/llama/description/event/event.yaml,/home/gensis2/research/archx/chiplet4ai/llama/description/metric/metric.yaml,/home/gensis2/research/archx/chiplet4ai/llama/description/runs/llama_3_70b/arch_2/config_8,/home/gensis2/research/archx/chiplet4ai/llama/description/runs/llama_3_70b/arch_2/config_8/checkpoint.json
1029,2,/home/gensis2/research/archx/chiplet4ai/llama/description/architecture/config_2.architecture.yaml,llama_3_70b,9,/home/gensis2/research/archx/chiplet4ai/llama/description/workload/llama_3_70b/config_9.workload.yaml,/home/gensis2/research/archx/chiplet4ai/llama/description/event/event.yaml,/home/gensis2/research/archx/chiplet4ai/llama/description/metric/metric.yaml,/home/gensis2/research/archx/chiplet4ai/llama/description/runs/llama_3_70b/arch_2/config_9,/home/gensis2/research/archx/chiplet4ai/llama/description/runs/llama_3_70b/arch_2/config_9/checkpoint.json
1030,19,/home/gensis2/research/archx/chiplet4ai/llama/description/architecture/config_19.architecture.yaml,llama_3_8b,5,/home/gensis2/research/archx/chiplet4ai/llama/description/workload/llama_3_8b/config_5.workload.yaml,/home/gensis2/research/archx/chiplet4ai/llama/description/event/event.yaml,/home/gensis2/research/archx/chiplet4ai/llama/description/metric/metric.yaml,/home/gensis2/research/archx/chiplet4ai/llama/description/runs/llama_3_8b/arch_19/config_5,/home/gensis2/research/archx/chiplet4ai/llama/description/runs/llama_3_8b/arch_19/config_5/checkpoint.json
1031,19,/home/gensis2/research/archx/chiplet4ai/llama/description/architecture/config_19.architecture.yaml,llama_3_70b,8,/home/gensis2/research/archx/chiplet4ai/llama/description/workload/llama_3_70b/config_8.workload.yaml,/home/gensis2/research/archx/chiplet4ai/llama/description/event/event.yaml,/home/gensis2/research/archx/chiplet4ai/llama/description/metric/metric.yaml,/home/gensis2/research/archx/chiplet4ai/llama/description/runs/llama_3_70b/arch_19/config_8,/home/gensis2/research/archx/chiplet4ai/llama/description/runs/llama_3_70b/arch_19/config_8/checkpoint.json
1032,19,/home/gensis2/research/archx/chiplet4ai/llama/description/architecture/config_19.architecture.yaml,llama_3_70b,9,/home/gensis2/research/archx/chiplet4ai/llama/description/workload/llama_3_70b/config_9.workload.yaml,/home/gensis2/research/archx/chiplet4ai/llama/description/event/event.yaml,/home/gensis2/research/archx/chiplet4ai/llama/description/metric/metric.yaml,/home/gensis2/research/archx/chiplet4ai/llama/description/runs/llama_3_70b/arch_19/config_9,/home/gensis2/research/archx/chiplet4ai/llama/description/runs/llama_3_70b/arch_19/config_9/checkpoint.json
1033,19,/home/gensis2/research/archx/chiplet4ai/llama/description/architecture/config_19.architecture.yaml,llama_3_8b,6,/home/gensis2/research/archx/chiplet4ai/llama/description/workload/llama_3_8b/config_6.workload.yaml,/home/gensis2/research/archx/chiplet4ai/llama/description/event/event.yaml,/home/gensis2/research/archx/chiplet4ai/llama/description/metric/metric.yaml,/home/gensis2/research/archx/chiplet4ai/llama/description/runs/llama_3_8b/arch_19/config_6,/home/gensis2/research/archx/chiplet4ai/llama/description/runs/llama_3_8b/arch_19/config_6/checkpoint.json
1034,19,/home/gensis2/research/archx/chiplet4ai/llama/description/architecture/config_19.architecture.yaml,llama_3_70b,7,/home/gensis2/research/archx/chiplet4ai/llama/description/workload/llama_3_70b/config_7.workload.yaml,/home/gensis2/research/archx/chiplet4ai/llama/description/event/event.yaml,/home/gensis2/research/archx/chiplet4ai/llama/description/metric/metric.yaml,/home/gensis2/research/archx/chiplet4ai/llama/description/runs/llama_3_70b/arch_19/config_7,/home/gensis2/research/archx/chiplet4ai/llama/description/runs/llama_3_70b/arch_19/config_7/checkpoint.json
1035,1,/home/gensis2/research/archx/chiplet4ai/llama/description/architecture/config_1.architecture.yaml,llama_3_70b,7,/home/gensis2/research/archx/chiplet4ai/llama/description/workload/llama_3_70b/config_7.workload.yaml,/home/gensis2/research/archx/chiplet4ai/llama/description/event/event.yaml,/home/gensis2/research/archx/chiplet4ai/llama/description/metric/metric.yaml,/home/gensis2/research/archx/chiplet4ai/llama/description/runs/llama_3_70b/arch_1/config_7,/home/gensis2/research/archx/chiplet4ai/llama/description/runs/llama_3_70b/arch_1/config_7/checkpoint.json
1036,1,/home/gensis2/research/archx/chiplet4ai/llama/description/architecture/config_1.architecture.yaml,llama_3_70b,8,/home/gensis2/research/archx/chiplet4ai/llama/description/workload/llama_3_70b/config_8.workload.yaml,/home/gensis2/research/archx/chiplet4ai/llama/description/event/event.yaml,/home/gensis2/research/archx/chiplet4ai/llama/description/metric/metric.yaml,/home/gensis2/research/archx/chiplet4ai/llama/description/runs/llama_3_70b/arch_1/config_8,/home/gensis2/research/archx/chiplet4ai/llama/description/runs/llama_3_70b/arch_1/config_8/checkpoint.json
1037,1,/home/gensis2/research/archx/chiplet4ai/llama/description/architecture/config_1.architecture.yaml,llama_3_70b,9,/home/gensis2/research/archx/chiplet4ai/llama/description/workload/llama_3_70b/config_9.workload.yaml,/home/gensis2/research/archx/chiplet4ai/llama/description/event/event.yaml,/home/gensis2/research/archx/chiplet4ai/llama/description/metric/metric.yaml,/home/gensis2/research/archx/chiplet4ai/llama/description/runs/llama_3_70b/arch_1/config_9,/home/gensis2/research/archx/chiplet4ai/llama/description/runs/llama_3_70b/arch_1/config_9/checkpoint.json
1038,20,/home/gensis2/research/archx/chiplet4ai/llama/description/architecture/config_20.architecture.yaml,llama_3_70b,9,/home/gensis2/research/archx/chiplet4ai/llama/description/workload/llama_3_70b/config_9.workload.yaml,/home/gensis2/research/archx/chiplet4ai/llama/description/event/event.yaml,/home/gensis2/research/archx/chiplet4ai/llama/description/metric/metric.yaml,/home/gensis2/research/archx/chiplet4ai/llama/description/runs/llama_3_70b/arch_20/config_9,/home/gensis2/research/archx/chiplet4ai/llama/description/runs/llama_3_70b/arch_20/config_9/checkpoint.json
1039,20,/home/gensis2/research/archx/chiplet4ai/llama/description/architecture/config_20.architecture.yaml,llama_3_70b,8,/home/gensis2/research/archx/chiplet4ai/llama/description/workload/llama_3_70b/config_8.workload.yaml,/home/gensis2/research/archx/chiplet4ai/llama/description/event/event.yaml,/home/gensis2/research/archx/chiplet4ai/llama/description/metric/metric.yaml,/home/gensis2/research/archx/chiplet4ai/llama/description/runs/llama_3_70b/arch_20/config_8,/home/gensis2/research/archx/chiplet4ai/llama/description/runs/llama_3_70b/arch_20/config_8/checkpoint.json
1040,20,/home/gensis2/research/archx/chiplet4ai/llama/description/architecture/config_20.architecture.yaml,llama_3_70b,7,/home/gensis2/research/archx/chiplet4ai/llama/description/workload/llama_3_70b/config_7.workload.yaml,/home/gensis2/research/archx/chiplet4ai/llama/description/event/event.yaml,/home/gensis2/research/archx/chiplet4ai/llama/description/metric/metric.yaml,/home/gensis2/research/archx/chiplet4ai/llama/description/runs/llama_3_70b/arch_20/config_7,/home/gensis2/research/archx/chiplet4ai/llama/description/runs/llama_3_70b/arch_20/config_7/checkpoint.json
1041,103,/home/gensis2/research/archx/chiplet4ai/llama/description/architecture/config_103.architecture.yaml,llama_3_70b,7,/home/gensis2/research/archx/chiplet4ai/llama/description/workload/llama_3_70b/config_7.workload.yaml,/home/gensis2/research/archx/chiplet4ai/llama/description/event/event.yaml,/home/gensis2/research/archx/chiplet4ai/llama/description/metric/metric.yaml,/home/gensis2/research/archx/chiplet4ai/llama/description/runs/llama_3_70b/arch_103/config_7,/home/gensis2/research/archx/chiplet4ai/llama/description/runs/llama_3_70b/arch_103/config_7/checkpoint.json
1042,103,/home/gensis2/research/archx/chiplet4ai/llama/description/architecture/config_103.architecture.yaml,llama_3_70b,8,/home/gensis2/research/archx/chiplet4ai/llama/description/workload/llama_3_70b/config_8.workload.yaml,/home/gensis2/research/archx/chiplet4ai/llama/description/event/event.yaml,/home/gensis2/research/archx/chiplet4ai/llama/description/metric/metric.yaml,/home/gensis2/research/archx/chiplet4ai/llama/description/runs/llama_3_70b/arch_103/config_8,/home/gensis2/research/archx/chiplet4ai/llama/description/runs/llama_3_70b/arch_103/config_8/checkpoint.json
1043,103,/home/gensis2/research/archx/chiplet4ai/llama/description/architecture/config_103.architecture.yaml,llama_3_70b,9,/home/gensis2/research/archx/chiplet4ai/llama/description/workload/llama_3_70b/config_9.workload.yaml,/home/gensis2/research/archx/chiplet4ai/llama/description/event/event.yaml,/home/gensis2/research/archx/chiplet4ai/llama/description/metric/metric.yaml,/home/gensis2/research/archx/chiplet4ai/llama/description/runs/llama_3_70b/arch_103/config_9,/home/gensis2/research/archx/chiplet4ai/llama/description/runs/llama_3_70b/arch_103/config_9/checkpoint.json
1044,102,/home/gensis2/research/archx/chiplet4ai/llama/description/architecture/config_102.architecture.yaml,llama_3_70b,9,/home/gensis2/research/archx/chiplet4ai/llama/description/workload/llama_3_70b/config_9.workload.yaml,/home/gensis2/research/archx/chiplet4ai/llama/description/event/event.yaml,/home/gensis2/research/archx/chiplet4ai/llama/description/metric/metric.yaml,/home/gensis2/research/archx/chiplet4ai/llama/description/runs/llama_3_70b/arch_102/config_9,/home/gensis2/research/archx/chiplet4ai/llama/description/runs/llama_3_70b/arch_102/config_9/checkpoint.json
1045,102,/home/gensis2/research/archx/chiplet4ai/llama/description/architecture/config_102.architecture.yaml,llama_3_70b,8,/home/gensis2/research/archx/chiplet4ai/llama/description/workload/llama_3_70b/config_8.workload.yaml,/home/gensis2/research/archx/chiplet4ai/llama/description/event/event.yaml,/home/gensis2/research/archx/chiplet4ai/llama/description/metric/metric.yaml,/home/gensis2/research/archx/chiplet4ai/llama/description/runs/llama_3_70b/arch_102/config_8,/home/gensis2/research/archx/chiplet4ai/llama/description/runs/llama_3_70b/arch_102/config_8/checkpoint.json
1046,102,/home/gensis2/research/archx/chiplet4ai/llama/description/architecture/config_102.architecture.yaml,llama_3_70b,7,/home/gensis2/research/archx/chiplet4ai/llama/description/workload/llama_3_70b/config_7.workload.yaml,/home/gensis2/research/archx/chiplet4ai/llama/description/event/event.yaml,/home/gensis2/research/archx/chiplet4ai/llama/description/metric/metric.yaml,/home/gensis2/research/archx/chiplet4ai/llama/description/runs/llama_3_70b/arch_102/config_7,/home/gensis2/research/archx/chiplet4ai/llama/description/runs/llama_3_70b/arch_102/config_7/checkpoint.json
1047,101,/home/gensis2/research/archx/chiplet4ai/llama/description/architecture/config_101.architecture.yaml,llama_3_70b,7,/home/gensis2/research/archx/chiplet4ai/llama/description/workload/llama_3_70b/config_7.workload.yaml,/home/gensis2/research/archx/chiplet4ai/llama/description/event/event.yaml,/home/gensis2/research/archx/chiplet4ai/llama/description/metric/metric.yaml,/home/gensis2/research/archx/chiplet4ai/llama/description/runs/llama_3_70b/arch_101/config_7,/home/gensis2/research/archx/chiplet4ai/llama/description/runs/llama_3_70b/arch_101/config_7/checkpoint.json
1048,101,/home/gensis2/research/archx/chiplet4ai/llama/description/architecture/config_101.architecture.yaml,llama_3_70b,8,/home/gensis2/research/archx/chiplet4ai/llama/description/workload/llama_3_70b/config_8.workload.yaml,/home/gensis2/research/archx/chiplet4ai/llama/description/event/event.yaml,/home/gensis2/research/archx/chiplet4ai/llama/description/metric/metric.yaml,/home/gensis2/research/archx/chiplet4ai/llama/description/runs/llama_3_70b/arch_101/config_8,/home/gensis2/research/archx/chiplet4ai/llama/description/runs/llama_3_70b/arch_101/config_8/checkpoint.json
1049,101,/home/gensis2/research/archx/chiplet4ai/llama/description/architecture/config_101.architecture.yaml,llama_3_70b,9,/home/gensis2/research/archx/chiplet4ai/llama/description/workload/llama_3_70b/config_9.workload.yaml,/home/gensis2/research/archx/chiplet4ai/llama/description/event/event.yaml,/home/gensis2/research/archx/chiplet4ai/llama/description/metric/metric.yaml,/home/gensis2/research/archx/chiplet4ai/llama/description/runs/llama_3_70b/arch_101/config_9,/home/gensis2/research/archx/chiplet4ai/llama/description/runs/llama_3_70b/arch_101/config_9/checkpoint.json
1050,0,/home/gensis2/research/archx/chiplet4ai/llama/description/architecture/config_0.architecture.yaml,llama_3_70b,9,/home/gensis2/research/archx/chiplet4ai/llama/description/workload/llama_3_70b/config_9.workload.yaml,/home/gensis2/research/archx/chiplet4ai/llama/description/event/event.yaml,/home/gensis2/research/archx/chiplet4ai/llama/description/metric/metric.yaml,/home/gensis2/research/archx/chiplet4ai/llama/description/runs/llama_3_70b/arch_0/config_9,/home/gensis2/research/archx/chiplet4ai/llama/description/runs/llama_3_70b/arch_0/config_9/checkpoint.json
1051,0,/home/gensis2/research/archx/chiplet4ai/llama/description/architecture/config_0.architecture.yaml,llama_3_70b,8,/home/gensis2/research/archx/chiplet4ai/llama/description/workload/llama_3_70b/config_8.workload.yaml,/home/gensis2/research/archx/chiplet4ai/llama/description/event/event.yaml,/home/gensis2/research/archx/chiplet4ai/llama/description/metric/metric.yaml,/home/gensis2/research/archx/chiplet4ai/llama/description/runs/llama_3_70b/arch_0/config_8,/home/gensis2/research/archx/chiplet4ai/llama/description/runs/llama_3_70b/arch_0/config_8/checkpoint.json
1052,0,/home/gensis2/research/archx/chiplet4ai/llama/description/architecture/config_0.architecture.yaml,llama_3_70b,7,/home/gensis2/research/archx/chiplet4ai/llama/description/workload/llama_3_70b/config_7.workload.yaml,/home/gensis2/research/archx/chiplet4ai/llama/description/event/event.yaml,/home/gensis2/research/archx/chiplet4ai/llama/description/metric/metric.yaml,/home/gensis2/research/archx/chiplet4ai/llama/description/runs/llama_3_70b/arch_0/config_7,/home/gensis2/research/archx/chiplet4ai/llama/description/runs/llama_3_70b/arch_0/config_7/checkpoint.json
1053,0,/home/gensis2/research/archx/chiplet4ai/llama/description/architecture/config_0.architecture.yaml,llama_3_8b,5,/home/gensis2/research/archx/chiplet4ai/llama/description/workload/llama_3_8b/config_5.workload.yaml,/home/gensis2/research/archx/chiplet4ai/llama/description/event/event.yaml,/home/gensis2/research/archx/chiplet4ai/llama/description/metric/metric.yaml,/home/gensis2/research/archx/chiplet4ai/llama/description/runs/llama_3_8b/arch_0/config_5,/home/gensis2/research/archx/chiplet4ai/llama/description/runs/llama_3_8b/arch_0/config_5/checkpoint.json
1054,0,/home/gensis2/research/archx/chiplet4ai/llama/description/architecture/config_0.architecture.yaml,llama_3_8b,6,/home/gensis2/research/archx/chiplet4ai/llama/description/workload/llama_3_8b/config_6.workload.yaml,/home/gensis2/research/archx/chiplet4ai/llama/description/event/event.yaml,/home/gensis2/research/archx/chiplet4ai/llama/description/metric/metric.yaml,/home/gensis2/research/archx/chiplet4ai/llama/description/runs/llama_3_8b/arch_0/config_6,/home/gensis2/research/archx/chiplet4ai/llama/description/runs/llama_3_8b/arch_0/config_6/checkpoint.json
1055,103,/home/gensis2/research/archx/chiplet4ai/llama/description/architecture/config_103.architecture.yaml,llama_3_8b,5,/home/gensis2/research/archx/chiplet4ai/llama/description/workload/llama_3_8b/config_5.workload.yaml,/home/gensis2/research/archx/chiplet4ai/llama/description/event/event.yaml,/home/gensis2/research/archx/chiplet4ai/llama/description/metric/metric.yaml,/home/gensis2/research/archx/chiplet4ai/llama/description/runs/llama_3_8b/arch_103/config_5,/home/gensis2/research/archx/chiplet4ai/llama/description/runs/llama_3_8b/arch_103/config_5/checkpoint.json
1056,103,/home/gensis2/research/archx/chiplet4ai/llama/description/architecture/config_103.architecture.yaml,llama_3_8b,6,/home/gensis2/research/archx/chiplet4ai/llama/description/workload/llama_3_8b/config_6.workload.yaml,/home/gensis2/research/archx/chiplet4ai/llama/description/event/event.yaml,/home/gensis2/research/archx/chiplet4ai/llama/description/metric/metric.yaml,/home/gensis2/research/archx/chiplet4ai/llama/description/runs/llama_3_8b/arch_103/config_6,/home/gensis2/research/archx/chiplet4ai/llama/description/runs/llama_3_8b/arch_103/config_6/checkpoint.json
1057,102,/home/gensis2/research/archx/chiplet4ai/llama/description/architecture/config_102.architecture.yaml,llama_3_8b,5,/home/gensis2/research/archx/chiplet4ai/llama/description/workload/llama_3_8b/config_5.workload.yaml,/home/gensis2/research/archx/chiplet4ai/llama/description/event/event.yaml,/home/gensis2/research/archx/chiplet4ai/llama/description/metric/metric.yaml,/home/gensis2/research/archx/chiplet4ai/llama/description/runs/llama_3_8b/arch_102/config_5,/home/gensis2/research/archx/chiplet4ai/llama/description/runs/llama_3_8b/arch_102/config_5/checkpoint.json
1058,102,/home/gensis2/research/archx/chiplet4ai/llama/description/architecture/config_102.architecture.yaml,llama_3_8b,6,/home/gensis2/research/archx/chiplet4ai/llama/description/workload/llama_3_8b/config_6.workload.yaml,/home/gensis2/research/archx/chiplet4ai/llama/description/event/event.yaml,/home/gensis2/research/archx/chiplet4ai/llama/description/metric/metric.yaml,/home/gensis2/research/archx/chiplet4ai/llama/description/runs/llama_3_8b/arch_102/config_6,/home/gensis2/research/archx/chiplet4ai/llama/description/runs/llama_3_8b/arch_102/config_6/checkpoint.json
1059,101,/home/gensis2/research/archx/chiplet4ai/llama/description/architecture/config_101.architecture.yaml,llama_3_8b,5,/home/gensis2/research/archx/chiplet4ai/llama/description/workload/llama_3_8b/config_5.workload.yaml,/home/gensis2/research/archx/chiplet4ai/llama/description/event/event.yaml,/home/gensis2/research/archx/chiplet4ai/llama/description/metric/metric.yaml,/home/gensis2/research/archx/chiplet4ai/llama/description/runs/llama_3_8b/arch_101/config_5,/home/gensis2/research/archx/chiplet4ai/llama/description/runs/llama_3_8b/arch_101/config_5/checkpoint.json
1060,101,/home/gensis2/research/archx/chiplet4ai/llama/description/architecture/config_101.architecture.yaml,llama_3_8b,6,/home/gensis2/research/archx/chiplet4ai/llama/description/workload/llama_3_8b/config_6.workload.yaml,/home/gensis2/research/archx/chiplet4ai/llama/description/event/event.yaml,/home/gensis2/research/archx/chiplet4ai/llama/description/metric/metric.yaml,/home/gensis2/research/archx/chiplet4ai/llama/description/runs/llama_3_8b/arch_101/config_6,/home/gensis2/research/archx/chiplet4ai/llama/description/runs/llama_3_8b/arch_101/config_6/checkpoint.json
1061,1,/home/gensis2/research/archx/chiplet4ai/llama/description/architecture/config_1.architecture.yaml,llama_3_8b,5,/home/gensis2/research/archx/chiplet4ai/llama/description/workload/llama_3_8b/config_5.workload.yaml,/home/gensis2/research/archx/chiplet4ai/llama/description/event/event.yaml,/home/gensis2/research/archx/chiplet4ai/llama/description/metric/metric.yaml,/home/gensis2/research/archx/chiplet4ai/llama/description/runs/llama_3_8b/arch_1/config_5,/home/gensis2/research/archx/chiplet4ai/llama/description/runs/llama_3_8b/arch_1/config_5/checkpoint.json
1062,1,/home/gensis2/research/archx/chiplet4ai/llama/description/architecture/config_1.architecture.yaml,llama_3_8b,6,/home/gensis2/research/archx/chiplet4ai/llama/description/workload/llama_3_8b/config_6.workload.yaml,/home/gensis2/research/archx/chiplet4ai/llama/description/event/event.yaml,/home/gensis2/research/archx/chiplet4ai/llama/description/metric/metric.yaml,/home/gensis2/research/archx/chiplet4ai/llama/description/runs/llama_3_8b/arch_1/config_6,/home/gensis2/research/archx/chiplet4ai/llama/description/runs/llama_3_8b/arch_1/config_6/checkpoint.json
1063,20,/home/gensis2/research/archx/chiplet4ai/llama/description/architecture/config_20.architecture.yaml,llama_3_8b,5,/home/gensis2/research/archx/chiplet4ai/llama/description/workload/llama_3_8b/config_5.workload.yaml,/home/gensis2/research/archx/chiplet4ai/llama/description/event/event.yaml,/home/gensis2/research/archx/chiplet4ai/llama/description/metric/metric.yaml,/home/gensis2/research/archx/chiplet4ai/llama/description/runs/llama_3_8b/arch_20/config_5,/home/gensis2/research/archx/chiplet4ai/llama/description/runs/llama_3_8b/arch_20/config_5/checkpoint.json
1064,20,/home/gensis2/research/archx/chiplet4ai/llama/description/architecture/config_20.architecture.yaml,llama_3_8b,6,/home/gensis2/research/archx/chiplet4ai/llama/description/workload/llama_3_8b/config_6.workload.yaml,/home/gensis2/research/archx/chiplet4ai/llama/description/event/event.yaml,/home/gensis2/research/archx/chiplet4ai/llama/description/metric/metric.yaml,/home/gensis2/research/archx/chiplet4ai/llama/description/runs/llama_3_8b/arch_20/config_6,/home/gensis2/research/archx/chiplet4ai/llama/description/runs/llama_3_8b/arch_20/config_6/checkpoint.json
1065,21,/home/gensis2/research/archx/chiplet4ai/llama/description/architecture/config_21.architecture.yaml,llama_3_8b,5,/home/gensis2/research/archx/chiplet4ai/llama/description/workload/llama_3_8b/config_5.workload.yaml,/home/gensis2/research/archx/chiplet4ai/llama/description/event/event.yaml,/home/gensis2/research/archx/chiplet4ai/llama/description/metric/metric.yaml,/home/gensis2/research/archx/chiplet4ai/llama/description/runs/llama_3_8b/arch_21/config_5,/home/gensis2/research/archx/chiplet4ai/llama/description/runs/llama_3_8b/arch_21/config_5/checkpoint.json
1066,21,/home/gensis2/research/archx/chiplet4ai/llama/description/architecture/config_21.architecture.yaml,llama_3_70b,7,/home/gensis2/research/archx/chiplet4ai/llama/description/workload/llama_3_70b/config_7.workload.yaml,/home/gensis2/research/archx/chiplet4ai/llama/description/event/event.yaml,/home/gensis2/research/archx/chiplet4ai/llama/description/metric/metric.yaml,/home/gensis2/research/archx/chiplet4ai/llama/description/runs/llama_3_70b/arch_21/config_7,/home/gensis2/research/archx/chiplet4ai/llama/description/runs/llama_3_70b/arch_21/config_7/checkpoint.json
1067,21,/home/gensis2/research/archx/chiplet4ai/llama/description/architecture/config_21.architecture.yaml,llama_3_8b,6,/home/gensis2/research/archx/chiplet4ai/llama/description/workload/llama_3_8b/config_6.workload.yaml,/home/gensis2/research/archx/chiplet4ai/llama/description/event/event.yaml,/home/gensis2/research/archx/chiplet4ai/llama/description/metric/metric.yaml,/home/gensis2/research/archx/chiplet4ai/llama/description/runs/llama_3_8b/arch_21/config_6,/home/gensis2/research/archx/chiplet4ai/llama/description/runs/llama_3_8b/arch_21/config_6/checkpoint.json
1068,21,/home/gensis2/research/archx/chiplet4ai/llama/description/architecture/config_21.architecture.yaml,llama_3_70b,8,/home/gensis2/research/archx/chiplet4ai/llama/description/workload/llama_3_70b/config_8.workload.yaml,/home/gensis2/research/archx/chiplet4ai/llama/description/event/event.yaml,/home/gensis2/research/archx/chiplet4ai/llama/description/metric/metric.yaml,/home/gensis2/research/archx/chiplet4ai/llama/description/runs/llama_3_70b/arch_21/config_8,/home/gensis2/research/archx/chiplet4ai/llama/description/runs/llama_3_70b/arch_21/config_8/checkpoint.json
1069,21,/home/gensis2/research/archx/chiplet4ai/llama/description/architecture/config_21.architecture.yaml,llama_3_70b,9,/home/gensis2/research/archx/chiplet4ai/llama/description/workload/llama_3_70b/config_9.workload.yaml,/home/gensis2/research/archx/chiplet4ai/llama/description/event/event.yaml,/home/gensis2/research/archx/chiplet4ai/llama/description/metric/metric.yaml,/home/gensis2/research/archx/chiplet4ai/llama/description/runs/llama_3_70b/arch_21/config_9,/home/gensis2/research/archx/chiplet4ai/llama/description/runs/llama_3_70b/arch_21/config_9/checkpoint.json
1070,40,/home/gensis2/research/archx/chiplet4ai/llama/description/architecture/config_40.architecture.yaml,llama_3_8b,5,/home/gensis2/research/archx/chiplet4ai/llama/description/workload/llama_3_8b/config_5.workload.yaml,/home/gensis2/research/archx/chiplet4ai/llama/description/event/event.yaml,/home/gensis2/research/archx/chiplet4ai/llama/description/metric/metric.yaml,/home/gensis2/research/archx/chiplet4ai/llama/description/runs/llama_3_8b/arch_40/config_5,/home/gensis2/research/archx/chiplet4ai/llama/description/runs/llama_3_8b/arch_40/config_5/checkpoint.json
1071,40,/home/gensis2/research/archx/chiplet4ai/llama/description/architecture/config_40.architecture.yaml,llama_3_70b,8,/home/gensis2/research/archx/chiplet4ai/llama/description/workload/llama_3_70b/config_8.workload.yaml,/home/gensis2/research/archx/chiplet4ai/llama/description/event/event.yaml,/home/gensis2/research/archx/chiplet4ai/llama/description/metric/metric.yaml,/home/gensis2/research/archx/chiplet4ai/llama/description/runs/llama_3_70b/arch_40/config_8,/home/gensis2/research/archx/chiplet4ai/llama/description/runs/llama_3_70b/arch_40/config_8/checkpoint.json
1072,40,/home/gensis2/research/archx/chiplet4ai/llama/description/architecture/config_40.architecture.yaml,llama_3_70b,9,/home/gensis2/research/archx/chiplet4ai/llama/description/workload/llama_3_70b/config_9.workload.yaml,/home/gensis2/research/archx/chiplet4ai/llama/description/event/event.yaml,/home/gensis2/research/archx/chiplet4ai/llama/description/metric/metric.yaml,/home/gensis2/research/archx/chiplet4ai/llama/description/runs/llama_3_70b/arch_40/config_9,/home/gensis2/research/archx/chiplet4ai/llama/description/runs/llama_3_70b/arch_40/config_9/checkpoint.json
1073,40,/home/gensis2/research/archx/chiplet4ai/llama/description/architecture/config_40.architecture.yaml,llama_3_8b,6,/home/gensis2/research/archx/chiplet4ai/llama/description/workload/llama_3_8b/config_6.workload.yaml,/home/gensis2/research/archx/chiplet4ai/llama/description/event/event.yaml,/home/gensis2/research/archx/chiplet4ai/llama/description/metric/metric.yaml,/home/gensis2/research/archx/chiplet4ai/llama/description/runs/llama_3_8b/arch_40/config_6,/home/gensis2/research/archx/chiplet4ai/llama/description/runs/llama_3_8b/arch_40/config_6/checkpoint.json
1074,40,/home/gensis2/research/archx/chiplet4ai/llama/description/architecture/config_40.architecture.yaml,llama_3_70b,7,/home/gensis2/research/archx/chiplet4ai/llama/description/workload/llama_3_70b/config_7.workload.yaml,/home/gensis2/research/archx/chiplet4ai/llama/description/event/event.yaml,/home/gensis2/research/archx/chiplet4ai/llama/description/metric/metric.yaml,/home/gensis2/research/archx/chiplet4ai/llama/description/runs/llama_3_70b/arch_40/config_7,/home/gensis2/research/archx/chiplet4ai/llama/description/runs/llama_3_70b/arch_40/config_7/checkpoint.json
1075,41,/home/gensis2/research/archx/chiplet4ai/llama/description/architecture/config_41.architecture.yaml,llama_3_8b,5,/home/gensis2/research/archx/chiplet4ai/llama/description/workload/llama_3_8b/config_5.workload.yaml,/home/gensis2/research/archx/chiplet4ai/llama/description/event/event.yaml,/home/gensis2/research/archx/chiplet4ai/llama/description/metric/metric.yaml,/home/gensis2/research/archx/chiplet4ai/llama/description/runs/llama_3_8b/arch_41/config_5,/home/gensis2/research/archx/chiplet4ai/llama/description/runs/llama_3_8b/arch_41/config_5/checkpoint.json
1076,41,/home/gensis2/research/archx/chiplet4ai/llama/description/architecture/config_41.architecture.yaml,llama_3_70b,7,/home/gensis2/research/archx/chiplet4ai/llama/description/workload/llama_3_70b/config_7.workload.yaml,/home/gensis2/research/archx/chiplet4ai/llama/description/event/event.yaml,/home/gensis2/research/archx/chiplet4ai/llama/description/metric/metric.yaml,/home/gensis2/research/archx/chiplet4ai/llama/description/runs/llama_3_70b/arch_41/config_7,/home/gensis2/research/archx/chiplet4ai/llama/description/runs/llama_3_70b/arch_41/config_7/checkpoint.json
1077,41,/home/gensis2/research/archx/chiplet4ai/llama/description/architecture/config_41.architecture.yaml,llama_3_8b,6,/home/gensis2/research/archx/chiplet4ai/llama/description/workload/llama_3_8b/config_6.workload.yaml,/home/gensis2/research/archx/chiplet4ai/llama/description/event/event.yaml,/home/gensis2/research/archx/chiplet4ai/llama/description/metric/metric.yaml,/home/gensis2/research/archx/chiplet4ai/llama/description/runs/llama_3_8b/arch_41/config_6,/home/gensis2/research/archx/chiplet4ai/llama/description/runs/llama_3_8b/arch_41/config_6/checkpoint.json
1078,41,/home/gensis2/research/archx/chiplet4ai/llama/description/architecture/config_41.architecture.yaml,llama_3_70b,8,/home/gensis2/research/archx/chiplet4ai/llama/description/workload/llama_3_70b/config_8.workload.yaml,/home/gensis2/research/archx/chiplet4ai/llama/description/event/event.yaml,/home/gensis2/research/archx/chiplet4ai/llama/description/metric/metric.yaml,/home/gensis2/research/archx/chiplet4ai/llama/description/runs/llama_3_70b/arch_41/config_8,/home/gensis2/research/archx/chiplet4ai/llama/description/runs/llama_3_70b/arch_41/config_8/checkpoint.json
1079,41,/home/gensis2/research/archx/chiplet4ai/llama/description/architecture/config_41.architecture.yaml,llama_3_70b,9,/home/gensis2/research/archx/chiplet4ai/llama/description/workload/llama_3_70b/config_9.workload.yaml,/home/gensis2/research/archx/chiplet4ai/llama/description/event/event.yaml,/home/gensis2/research/archx/chiplet4ai/llama/description/metric/metric.yaml,/home/gensis2/research/archx/chiplet4ai/llama/description/runs/llama_3_70b/arch_41/config_9,/home/gensis2/research/archx/chiplet4ai/llama/description/runs/llama_3_70b/arch_41/config_9/checkpoint.json
1080,60,/home/gensis2/research/archx/chiplet4ai/llama/description/architecture/config_60.architecture.yaml,llama_3_8b,5,/home/gensis2/research/archx/chiplet4ai/llama/description/workload/llama_3_8b/config_5.workload.yaml,/home/gensis2/research/archx/chiplet4ai/llama/description/event/event.yaml,/home/gensis2/research/archx/chiplet4ai/llama/description/metric/metric.yaml,/home/gensis2/research/archx/chiplet4ai/llama/description/runs/llama_3_8b/arch_60/config_5,/home/gensis2/research/archx/chiplet4ai/llama/description/runs/llama_3_8b/arch_60/config_5/checkpoint.json
1081,60,/home/gensis2/research/archx/chiplet4ai/llama/description/architecture/config_60.architecture.yaml,llama_3_70b,8,/home/gensis2/research/archx/chiplet4ai/llama/description/workload/llama_3_70b/config_8.workload.yaml,/home/gensis2/research/archx/chiplet4ai/llama/description/event/event.yaml,/home/gensis2/research/archx/chiplet4ai/llama/description/metric/metric.yaml,/home/gensis2/research/archx/chiplet4ai/llama/description/runs/llama_3_70b/arch_60/config_8,/home/gensis2/research/archx/chiplet4ai/llama/description/runs/llama_3_70b/arch_60/config_8/checkpoint.json
1082,60,/home/gensis2/research/archx/chiplet4ai/llama/description/architecture/config_60.architecture.yaml,llama_3_70b,9,/home/gensis2/research/archx/chiplet4ai/llama/description/workload/llama_3_70b/config_9.workload.yaml,/home/gensis2/research/archx/chiplet4ai/llama/description/event/event.yaml,/home/gensis2/research/archx/chiplet4ai/llama/description/metric/metric.yaml,/home/gensis2/research/archx/chiplet4ai/llama/description/runs/llama_3_70b/arch_60/config_9,/home/gensis2/research/archx/chiplet4ai/llama/description/runs/llama_3_70b/arch_60/config_9/checkpoint.json
1083,60,/home/gensis2/research/archx/chiplet4ai/llama/description/architecture/config_60.architecture.yaml,llama_3_8b,6,/home/gensis2/research/archx/chiplet4ai/llama/description/workload/llama_3_8b/config_6.workload.yaml,/home/gensis2/research/archx/chiplet4ai/llama/description/event/event.yaml,/home/gensis2/research/archx/chiplet4ai/llama/description/metric/metric.yaml,/home/gensis2/research/archx/chiplet4ai/llama/description/runs/llama_3_8b/arch_60/config_6,/home/gensis2/research/archx/chiplet4ai/llama/description/runs/llama_3_8b/arch_60/config_6/checkpoint.json
1084,60,/home/gensis2/research/archx/chiplet4ai/llama/description/architecture/config_60.architecture.yaml,llama_3_70b,7,/home/gensis2/research/archx/chiplet4ai/llama/description/workload/llama_3_70b/config_7.workload.yaml,/home/gensis2/research/archx/chiplet4ai/llama/description/event/event.yaml,/home/gensis2/research/archx/chiplet4ai/llama/description/metric/metric.yaml,/home/gensis2/research/archx/chiplet4ai/llama/description/runs/llama_3_70b/arch_60/config_7,/home/gensis2/research/archx/chiplet4ai/llama/description/runs/llama_3_70b/arch_60/config_7/checkpoint.json
1085,80,/home/gensis2/research/archx/chiplet4ai/llama/description/architecture/config_80.architecture.yaml,llama_3_8b,5,/home/gensis2/research/archx/chiplet4ai/llama/description/workload/llama_3_8b/config_5.workload.yaml,/home/gensis2/research/archx/chiplet4ai/llama/description/event/event.yaml,/home/gensis2/research/archx/chiplet4ai/llama/description/metric/metric.yaml,/home/gensis2/research/archx/chiplet4ai/llama/description/runs/llama_3_8b/arch_80/config_5,/home/gensis2/research/archx/chiplet4ai/llama/description/runs/llama_3_8b/arch_80/config_5/checkpoint.json
1086,80,/home/gensis2/research/archx/chiplet4ai/llama/description/architecture/config_80.architecture.yaml,llama_3_70b,7,/home/gensis2/research/archx/chiplet4ai/llama/description/workload/llama_3_70b/config_7.workload.yaml,/home/gensis2/research/archx/chiplet4ai/llama/description/event/event.yaml,/home/gensis2/research/archx/chiplet4ai/llama/description/metric/metric.yaml,/home/gensis2/research/archx/chiplet4ai/llama/description/runs/llama_3_70b/arch_80/config_7,/home/gensis2/research/archx/chiplet4ai/llama/description/runs/llama_3_70b/arch_80/config_7/checkpoint.json
1087,80,/home/gensis2/research/archx/chiplet4ai/llama/description/architecture/config_80.architecture.yaml,llama_3_8b,6,/home/gensis2/research/archx/chiplet4ai/llama/description/workload/llama_3_8b/config_6.workload.yaml,/home/gensis2/research/archx/chiplet4ai/llama/description/event/event.yaml,/home/gensis2/research/archx/chiplet4ai/llama/description/metric/metric.yaml,/home/gensis2/research/archx/chiplet4ai/llama/description/runs/llama_3_8b/arch_80/config_6,/home/gensis2/research/archx/chiplet4ai/llama/description/runs/llama_3_8b/arch_80/config_6/checkpoint.json
1088,80,/home/gensis2/research/archx/chiplet4ai/llama/description/architecture/config_80.architecture.yaml,llama_3_70b,8,/home/gensis2/research/archx/chiplet4ai/llama/description/workload/llama_3_70b/config_8.workload.yaml,/home/gensis2/research/archx/chiplet4ai/llama/description/event/event.yaml,/home/gensis2/research/archx/chiplet4ai/llama/description/metric/metric.yaml,/home/gensis2/research/archx/chiplet4ai/llama/description/runs/llama_3_70b/arch_80/config_8,/home/gensis2/research/archx/chiplet4ai/llama/description/runs/llama_3_70b/arch_80/config_8/checkpoint.json
1089,80,/home/gensis2/research/archx/chiplet4ai/llama/description/architecture/config_80.architecture.yaml,llama_3_70b,9,/home/gensis2/research/archx/chiplet4ai/llama/description/workload/llama_3_70b/config_9.workload.yaml,/home/gensis2/research/archx/chiplet4ai/llama/description/event/event.yaml,/home/gensis2/research/archx/chiplet4ai/llama/description/metric/metric.yaml,/home/gensis2/research/archx/chiplet4ai/llama/description/runs/llama_3_70b/arch_80/config_9,/home/gensis2/research/archx/chiplet4ai/llama/description/runs/llama_3_70b/arch_80/config_9/checkpoint.json
1090,61,/home/gensis2/research/archx/chiplet4ai/llama/description/architecture/config_61.architecture.yaml,llama_3_8b,5,/home/gensis2/research/archx/chiplet4ai/llama/description/workload/llama_3_8b/config_5.workload.yaml,/home/gensis2/research/archx/chiplet4ai/llama/description/event/event.yaml,/home/gensis2/research/archx/chiplet4ai/llama/description/metric/metric.yaml,/home/gensis2/research/archx/chiplet4ai/llama/description/runs/llama_3_8b/arch_61/config_5,/home/gensis2/research/archx/chiplet4ai/llama/description/runs/llama_3_8b/arch_61/config_5/checkpoint.json
1091,61,/home/gensis2/research/archx/chiplet4ai/llama/description/architecture/config_61.architecture.yaml,llama_3_70b,8,/home/gensis2/research/archx/chiplet4ai/llama/description/workload/llama_3_70b/config_8.workload.yaml,/home/gensis2/research/archx/chiplet4ai/llama/description/event/event.yaml,/home/gensis2/research/archx/chiplet4ai/llama/description/metric/metric.yaml,/home/gensis2/research/archx/chiplet4ai/llama/description/runs/llama_3_70b/arch_61/config_8,/home/gensis2/research/archx/chiplet4ai/llama/description/runs/llama_3_70b/arch_61/config_8/checkpoint.json
1092,61,/home/gensis2/research/archx/chiplet4ai/llama/description/architecture/config_61.architecture.yaml,llama_3_70b,9,/home/gensis2/research/archx/chiplet4ai/llama/description/workload/llama_3_70b/config_9.workload.yaml,/home/gensis2/research/archx/chiplet4ai/llama/description/event/event.yaml,/home/gensis2/research/archx/chiplet4ai/llama/description/metric/metric.yaml,/home/gensis2/research/archx/chiplet4ai/llama/description/runs/llama_3_70b/arch_61/config_9,/home/gensis2/research/archx/chiplet4ai/llama/description/runs/llama_3_70b/arch_61/config_9/checkpoint.json
1093,61,/home/gensis2/research/archx/chiplet4ai/llama/description/architecture/config_61.architecture.yaml,llama_3_8b,6,/home/gensis2/research/archx/chiplet4ai/llama/description/workload/llama_3_8b/config_6.workload.yaml,/home/gensis2/research/archx/chiplet4ai/llama/description/event/event.yaml,/home/gensis2/research/archx/chiplet4ai/llama/description/metric/metric.yaml,/home/gensis2/research/archx/chiplet4ai/llama/description/runs/llama_3_8b/arch_61/config_6,/home/gensis2/research/archx/chiplet4ai/llama/description/runs/llama_3_8b/arch_61/config_6/checkpoint.json
1094,61,/home/gensis2/research/archx/chiplet4ai/llama/description/architecture/config_61.architecture.yaml,llama_3_70b,7,/home/gensis2/research/archx/chiplet4ai/llama/description/workload/llama_3_70b/config_7.workload.yaml,/home/gensis2/research/archx/chiplet4ai/llama/description/event/event.yaml,/home/gensis2/research/archx/chiplet4ai/llama/description/metric/metric.yaml,/home/gensis2/research/archx/chiplet4ai/llama/description/runs/llama_3_70b/arch_61/config_7,/home/gensis2/research/archx/chiplet4ai/llama/description/runs/llama_3_70b/arch_61/config_7/checkpoint.json
1095,104,/home/gensis2/research/archx/chiplet4ai/llama/description/architecture/config_104.architecture.yaml,llama_3_70b,7,/home/gensis2/research/archx/chiplet4ai/llama/description/workload/llama_3_70b/config_7.workload.yaml,/home/gensis2/research/archx/chiplet4ai/llama/description/event/event.yaml,/home/gensis2/research/archx/chiplet4ai/llama/description/metric/metric.yaml,/home/gensis2/research/archx/chiplet4ai/llama/description/runs/llama_3_70b/arch_104/config_7,/home/gensis2/research/archx/chiplet4ai/llama/description/runs/llama_3_70b/arch_104/config_7/checkpoint.json
1096,104,/home/gensis2/research/archx/chiplet4ai/llama/description/architecture/config_104.architecture.yaml,llama_3_70b,8,/home/gensis2/research/archx/chiplet4ai/llama/description/workload/llama_3_70b/config_8.workload.yaml,/home/gensis2/research/archx/chiplet4ai/llama/description/event/event.yaml,/home/gensis2/research/archx/chiplet4ai/llama/description/metric/metric.yaml,/home/gensis2/research/archx/chiplet4ai/llama/description/runs/llama_3_70b/arch_104/config_8,/home/gensis2/research/archx/chiplet4ai/llama/description/runs/llama_3_70b/arch_104/config_8/checkpoint.json
1097,104,/home/gensis2/research/archx/chiplet4ai/llama/description/architecture/config_104.architecture.yaml,llama_3_70b,9,/home/gensis2/research/archx/chiplet4ai/llama/description/workload/llama_3_70b/config_9.workload.yaml,/home/gensis2/research/archx/chiplet4ai/llama/description/event/event.yaml,/home/gensis2/research/archx/chiplet4ai/llama/description/metric/metric.yaml,/home/gensis2/research/archx/chiplet4ai/llama/description/runs/llama_3_70b/arch_104/config_9,/home/gensis2/research/archx/chiplet4ai/llama/description/runs/llama_3_70b/arch_104/config_9/checkpoint.json
1098,105,/home/gensis2/research/archx/chiplet4ai/llama/description/architecture/config_105.architecture.yaml,llama_3_70b,9,/home/gensis2/research/archx/chiplet4ai/llama/description/workload/llama_3_70b/config_9.workload.yaml,/home/gensis2/research/archx/chiplet4ai/llama/description/event/event.yaml,/home/gensis2/research/archx/chiplet4ai/llama/description/metric/metric.yaml,/home/gensis2/research/archx/chiplet4ai/llama/description/runs/llama_3_70b/arch_105/config_9,/home/gensis2/research/archx/chiplet4ai/llama/description/runs/llama_3_70b/arch_105/config_9/checkpoint.json
1099,105,/home/gensis2/research/archx/chiplet4ai/llama/description/architecture/config_105.architecture.yaml,llama_3_70b,8,/home/gensis2/research/archx/chiplet4ai/llama/description/workload/llama_3_70b/config_8.workload.yaml,/home/gensis2/research/archx/chiplet4ai/llama/description/event/event.yaml,/home/gensis2/research/archx/chiplet4ai/llama/description/metric/metric.yaml,/home/gensis2/research/archx/chiplet4ai/llama/description/runs/llama_3_70b/arch_105/config_8,/home/gensis2/research/archx/chiplet4ai/llama/description/runs/llama_3_70b/arch_105/config_8/checkpoint.json
1100,105,/home/gensis2/research/archx/chiplet4ai/llama/description/architecture/config_105.architecture.yaml,llama_3_70b,7,/home/gensis2/research/archx/chiplet4ai/llama/description/workload/llama_3_70b/config_7.workload.yaml,/home/gensis2/research/archx/chiplet4ai/llama/description/event/event.yaml,/home/gensis2/research/archx/chiplet4ai/llama/description/metric/metric.yaml,/home/gensis2/research/archx/chiplet4ai/llama/description/runs/llama_3_70b/arch_105/config_7,/home/gensis2/research/archx/chiplet4ai/llama/description/runs/llama_3_70b/arch_105/config_7/checkpoint.json
1101,106,/home/gensis2/research/archx/chiplet4ai/llama/description/architecture/config_106.architecture.yaml,llama_3_70b,7,/home/gensis2/research/archx/chiplet4ai/llama/description/workload/llama_3_70b/config_7.workload.yaml,/home/gensis2/research/archx/chiplet4ai/llama/description/event/event.yaml,/home/gensis2/research/archx/chiplet4ai/llama/description/metric/metric.yaml,/home/gensis2/research/archx/chiplet4ai/llama/description/runs/llama_3_70b/arch_106/config_7,/home/gensis2/research/archx/chiplet4ai/llama/description/runs/llama_3_70b/arch_106/config_7/checkpoint.json
1102,106,/home/gensis2/research/archx/chiplet4ai/llama/description/architecture/config_106.architecture.yaml,llama_3_70b,8,/home/gensis2/research/archx/chiplet4ai/llama/description/workload/llama_3_70b/config_8.workload.yaml,/home/gensis2/research/archx/chiplet4ai/llama/description/event/event.yaml,/home/gensis2/research/archx/chiplet4ai/llama/description/metric/metric.yaml,/home/gensis2/research/archx/chiplet4ai/llama/description/runs/llama_3_70b/arch_106/config_8,/home/gensis2/research/archx/chiplet4ai/llama/description/runs/llama_3_70b/arch_106/config_8/checkpoint.json
1103,106,/home/gensis2/research/archx/chiplet4ai/llama/description/architecture/config_106.architecture.yaml,llama_3_70b,9,/home/gensis2/research/archx/chiplet4ai/llama/description/workload/llama_3_70b/config_9.workload.yaml,/home/gensis2/research/archx/chiplet4ai/llama/description/event/event.yaml,/home/gensis2/research/archx/chiplet4ai/llama/description/metric/metric.yaml,/home/gensis2/research/archx/chiplet4ai/llama/description/runs/llama_3_70b/arch_106/config_9,/home/gensis2/research/archx/chiplet4ai/llama/description/runs/llama_3_70b/arch_106/config_9/checkpoint.json
1104,106,/home/gensis2/research/archx/chiplet4ai/llama/description/architecture/config_106.architecture.yaml,llama_3_8b,5,/home/gensis2/research/archx/chiplet4ai/llama/description/workload/llama_3_8b/config_5.workload.yaml,/home/gensis2/research/archx/chiplet4ai/llama/description/event/event.yaml,/home/gensis2/research/archx/chiplet4ai/llama/description/metric/metric.yaml,/home/gensis2/research/archx/chiplet4ai/llama/description/runs/llama_3_8b/arch_106/config_5,/home/gensis2/research/archx/chiplet4ai/llama/description/runs/llama_3_8b/arch_106/config_5/checkpoint.json
1105,106,/home/gensis2/research/archx/chiplet4ai/llama/description/architecture/config_106.architecture.yaml,llama_3_8b,6,/home/gensis2/research/archx/chiplet4ai/llama/description/workload/llama_3_8b/config_6.workload.yaml,/home/gensis2/research/archx/chiplet4ai/llama/description/event/event.yaml,/home/gensis2/research/archx/chiplet4ai/llama/description/metric/metric.yaml,/home/gensis2/research/archx/chiplet4ai/llama/description/runs/llama_3_8b/arch_106/config_6,/home/gensis2/research/archx/chiplet4ai/llama/description/runs/llama_3_8b/arch_106/config_6/checkpoint.json
1106,105,/home/gensis2/research/archx/chiplet4ai/llama/description/architecture/config_105.architecture.yaml,llama_3_8b,5,/home/gensis2/research/archx/chiplet4ai/llama/description/workload/llama_3_8b/config_5.workload.yaml,/home/gensis2/research/archx/chiplet4ai/llama/description/event/event.yaml,/home/gensis2/research/archx/chiplet4ai/llama/description/metric/metric.yaml,/home/gensis2/research/archx/chiplet4ai/llama/description/runs/llama_3_8b/arch_105/config_5,/home/gensis2/research/archx/chiplet4ai/llama/description/runs/llama_3_8b/arch_105/config_5/checkpoint.json
1107,105,/home/gensis2/research/archx/chiplet4ai/llama/description/architecture/config_105.architecture.yaml,llama_3_8b,6,/home/gensis2/research/archx/chiplet4ai/llama/description/workload/llama_3_8b/config_6.workload.yaml,/home/gensis2/research/archx/chiplet4ai/llama/description/event/event.yaml,/home/gensis2/research/archx/chiplet4ai/llama/description/metric/metric.yaml,/home/gensis2/research/archx/chiplet4ai/llama/description/runs/llama_3_8b/arch_105/config_6,/home/gensis2/research/archx/chiplet4ai/llama/description/runs/llama_3_8b/arch_105/config_6/checkpoint.json
1108,104,/home/gensis2/research/archx/chiplet4ai/llama/description/architecture/config_104.architecture.yaml,llama_3_8b,5,/home/gensis2/research/archx/chiplet4ai/llama/description/workload/llama_3_8b/config_5.workload.yaml,/home/gensis2/research/archx/chiplet4ai/llama/description/event/event.yaml,/home/gensis2/research/archx/chiplet4ai/llama/description/metric/metric.yaml,/home/gensis2/research/archx/chiplet4ai/llama/description/runs/llama_3_8b/arch_104/config_5,/home/gensis2/research/archx/chiplet4ai/llama/description/runs/llama_3_8b/arch_104/config_5/checkpoint.json
1109,104,/home/gensis2/research/archx/chiplet4ai/llama/description/architecture/config_104.architecture.yaml,llama_3_8b,6,/home/gensis2/research/archx/chiplet4ai/llama/description/workload/llama_3_8b/config_6.workload.yaml,/home/gensis2/research/archx/chiplet4ai/llama/description/event/event.yaml,/home/gensis2/research/archx/chiplet4ai/llama/description/metric/metric.yaml,/home/gensis2/research/archx/chiplet4ai/llama/description/runs/llama_3_8b/arch_104/config_6,/home/gensis2/research/archx/chiplet4ai/llama/description/runs/llama_3_8b/arch_104/config_6/checkpoint.json
1110,107,/home/gensis2/research/archx/chiplet4ai/llama/description/architecture/config_107.architecture.yaml,llama_3_8b,5,/home/gensis2/research/archx/chiplet4ai/llama/description/workload/llama_3_8b/config_5.workload.yaml,/home/gensis2/research/archx/chiplet4ai/llama/description/event/event.yaml,/home/gensis2/research/archx/chiplet4ai/llama/description/metric/metric.yaml,/home/gensis2/research/archx/chiplet4ai/llama/description/runs/llama_3_8b/arch_107/config_5,/home/gensis2/research/archx/chiplet4ai/llama/description/runs/llama_3_8b/arch_107/config_5/checkpoint.json
1111,107,/home/gensis2/research/archx/chiplet4ai/llama/description/architecture/config_107.architecture.yaml,llama_3_70b,7,/home/gensis2/research/archx/chiplet4ai/llama/description/workload/llama_3_70b/config_7.workload.yaml,/home/gensis2/research/archx/chiplet4ai/llama/description/event/event.yaml,/home/gensis2/research/archx/chiplet4ai/llama/description/metric/metric.yaml,/home/gensis2/research/archx/chiplet4ai/llama/description/runs/llama_3_70b/arch_107/config_7,/home/gensis2/research/archx/chiplet4ai/llama/description/runs/llama_3_70b/arch_107/config_7/checkpoint.json
1112,107,/home/gensis2/research/archx/chiplet4ai/llama/description/architecture/config_107.architecture.yaml,llama_3_8b,6,/home/gensis2/research/archx/chiplet4ai/llama/description/workload/llama_3_8b/config_6.workload.yaml,/home/gensis2/research/archx/chiplet4ai/llama/description/event/event.yaml,/home/gensis2/research/archx/chiplet4ai/llama/description/metric/metric.yaml,/home/gensis2/research/archx/chiplet4ai/llama/description/runs/llama_3_8b/arch_107/config_6,/home/gensis2/research/archx/chiplet4ai/llama/description/runs/llama_3_8b/arch_107/config_6/checkpoint.json
1113,107,/home/gensis2/research/archx/chiplet4ai/llama/description/architecture/config_107.architecture.yaml,llama_3_70b,8,/home/gensis2/research/archx/chiplet4ai/llama/description/workload/llama_3_70b/config_8.workload.yaml,/home/gensis2/research/archx/chiplet4ai/llama/description/event/event.yaml,/home/gensis2/research/archx/chiplet4ai/llama/description/metric/metric.yaml,/home/gensis2/research/archx/chiplet4ai/llama/description/runs/llama_3_70b/arch_107/config_8,/home/gensis2/research/archx/chiplet4ai/llama/description/runs/llama_3_70b/arch_107/config_8/checkpoint.json
1114,107,/home/gensis2/research/archx/chiplet4ai/llama/description/architecture/config_107.architecture.yaml,llama_3_70b,9,/home/gensis2/research/archx/chiplet4ai/llama/description/workload/llama_3_70b/config_9.workload.yaml,/home/gensis2/research/archx/chiplet4ai/llama/description/event/event.yaml,/home/gensis2/research/archx/chiplet4ai/llama/description/metric/metric.yaml,/home/gensis2/research/archx/chiplet4ai/llama/description/runs/llama_3_70b/arch_107/config_9,/home/gensis2/research/archx/chiplet4ai/llama/description/runs/llama_3_70b/arch_107/config_9/checkpoint.json
1115,108,/home/gensis2/research/archx/chiplet4ai/llama/description/architecture/config_108.architecture.yaml,llama_3_8b,5,/home/gensis2/research/archx/chiplet4ai/llama/description/workload/llama_3_8b/config_5.workload.yaml,/home/gensis2/research/archx/chiplet4ai/llama/description/event/event.yaml,/home/gensis2/research/archx/chiplet4ai/llama/description/metric/metric.yaml,/home/gensis2/research/archx/chiplet4ai/llama/description/runs/llama_3_8b/arch_108/config_5,/home/gensis2/research/archx/chiplet4ai/llama/description/runs/llama_3_8b/arch_108/config_5/checkpoint.json
1116,108,/home/gensis2/research/archx/chiplet4ai/llama/description/architecture/config_108.architecture.yaml,llama_3_70b,8,/home/gensis2/research/archx/chiplet4ai/llama/description/workload/llama_3_70b/config_8.workload.yaml,/home/gensis2/research/archx/chiplet4ai/llama/description/event/event.yaml,/home/gensis2/research/archx/chiplet4ai/llama/description/metric/metric.yaml,/home/gensis2/research/archx/chiplet4ai/llama/description/runs/llama_3_70b/arch_108/config_8,/home/gensis2/research/archx/chiplet4ai/llama/description/runs/llama_3_70b/arch_108/config_8/checkpoint.json
1117,108,/home/gensis2/research/archx/chiplet4ai/llama/description/architecture/config_108.architecture.yaml,llama_3_70b,9,/home/gensis2/research/archx/chiplet4ai/llama/description/workload/llama_3_70b/config_9.workload.yaml,/home/gensis2/research/archx/chiplet4ai/llama/description/event/event.yaml,/home/gensis2/research/archx/chiplet4ai/llama/description/metric/metric.yaml,/home/gensis2/research/archx/chiplet4ai/llama/description/runs/llama_3_70b/arch_108/config_9,/home/gensis2/research/archx/chiplet4ai/llama/description/runs/llama_3_70b/arch_108/config_9/checkpoint.json
1118,108,/home/gensis2/research/archx/chiplet4ai/llama/description/architecture/config_108.architecture.yaml,llama_3_8b,6,/home/gensis2/research/archx/chiplet4ai/llama/description/workload/llama_3_8b/config_6.workload.yaml,/home/gensis2/research/archx/chiplet4ai/llama/description/event/event.yaml,/home/gensis2/research/archx/chiplet4ai/llama/description/metric/metric.yaml,/home/gensis2/research/archx/chiplet4ai/llama/description/runs/llama_3_8b/arch_108/config_6,/home/gensis2/research/archx/chiplet4ai/llama/description/runs/llama_3_8b/arch_108/config_6/checkpoint.json
1119,108,/home/gensis2/research/archx/chiplet4ai/llama/description/architecture/config_108.architecture.yaml,llama_3_70b,7,/home/gensis2/research/archx/chiplet4ai/llama/description/workload/llama_3_70b/config_7.workload.yaml,/home/gensis2/research/archx/chiplet4ai/llama/description/event/event.yaml,/home/gensis2/research/archx/chiplet4ai/llama/description/metric/metric.yaml,/home/gensis2/research/archx/chiplet4ai/llama/description/runs/llama_3_70b/arch_108/config_7,/home/gensis2/research/archx/chiplet4ai/llama/description/runs/llama_3_70b/arch_108/config_7/checkpoint.json
1120,109,/home/gensis2/research/archx/chiplet4ai/llama/description/architecture/config_109.architecture.yaml,llama_3_8b,5,/home/gensis2/research/archx/chiplet4ai/llama/description/workload/llama_3_8b/config_5.workload.yaml,/home/gensis2/research/archx/chiplet4ai/llama/description/event/event.yaml,/home/gensis2/research/archx/chiplet4ai/llama/description/metric/metric.yaml,/home/gensis2/research/archx/chiplet4ai/llama/description/runs/llama_3_8b/arch_109/config_5,/home/gensis2/research/archx/chiplet4ai/llama/description/runs/llama_3_8b/arch_109/config_5/checkpoint.json
1121,109,/home/gensis2/research/archx/chiplet4ai/llama/description/architecture/config_109.architecture.yaml,llama_3_70b,7,/home/gensis2/research/archx/chiplet4ai/llama/description/workload/llama_3_70b/config_7.workload.yaml,/home/gensis2/research/archx/chiplet4ai/llama/description/event/event.yaml,/home/gensis2/research/archx/chiplet4ai/llama/description/metric/metric.yaml,/home/gensis2/research/archx/chiplet4ai/llama/description/runs/llama_3_70b/arch_109/config_7,/home/gensis2/research/archx/chiplet4ai/llama/description/runs/llama_3_70b/arch_109/config_7/checkpoint.json
1122,109,/home/gensis2/research/archx/chiplet4ai/llama/description/architecture/config_109.architecture.yaml,llama_3_8b,6,/home/gensis2/research/archx/chiplet4ai/llama/description/workload/llama_3_8b/config_6.workload.yaml,/home/gensis2/research/archx/chiplet4ai/llama/description/event/event.yaml,/home/gensis2/research/archx/chiplet4ai/llama/description/metric/metric.yaml,/home/gensis2/research/archx/chiplet4ai/llama/description/runs/llama_3_8b/arch_109/config_6,/home/gensis2/research/archx/chiplet4ai/llama/description/runs/llama_3_8b/arch_109/config_6/checkpoint.json
1123,109,/home/gensis2/research/archx/chiplet4ai/llama/description/architecture/config_109.architecture.yaml,llama_3_70b,8,/home/gensis2/research/archx/chiplet4ai/llama/description/workload/llama_3_70b/config_8.workload.yaml,/home/gensis2/research/archx/chiplet4ai/llama/description/event/event.yaml,/home/gensis2/research/archx/chiplet4ai/llama/description/metric/metric.yaml,/home/gensis2/research/archx/chiplet4ai/llama/description/runs/llama_3_70b/arch_109/config_8,/home/gensis2/research/archx/chiplet4ai/llama/description/runs/llama_3_70b/arch_109/config_8/checkpoint.json
1124,109,/home/gensis2/research/archx/chiplet4ai/llama/description/architecture/config_109.architecture.yaml,llama_3_70b,9,/home/gensis2/research/archx/chiplet4ai/llama/description/workload/llama_3_70b/config_9.workload.yaml,/home/gensis2/research/archx/chiplet4ai/llama/description/event/event.yaml,/home/gensis2/research/archx/chiplet4ai/llama/description/metric/metric.yaml,/home/gensis2/research/archx/chiplet4ai/llama/description/runs/llama_3_70b/arch_109/config_9,/home/gensis2/research/archx/chiplet4ai/llama/description/runs/llama_3_70b/arch_109/config_9/checkpoint.json
1125,110,/home/gensis2/research/archx/chiplet4ai/llama/description/architecture/config_110.architecture.yaml,llama_3_8b,5,/home/gensis2/research/archx/chiplet4ai/llama/description/workload/llama_3_8b/config_5.workload.yaml,/home/gensis2/research/archx/chiplet4ai/llama/description/event/event.yaml,/home/gensis2/research/archx/chiplet4ai/llama/description/metric/metric.yaml,/home/gensis2/research/archx/chiplet4ai/llama/description/runs/llama_3_8b/arch_110/config_5,/home/gensis2/research/archx/chiplet4ai/llama/description/runs/llama_3_8b/arch_110/config_5/checkpoint.json
1126,110,/home/gensis2/research/archx/chiplet4ai/llama/description/architecture/config_110.architecture.yaml,llama_3_70b,8,/home/gensis2/research/archx/chiplet4ai/llama/description/workload/llama_3_70b/config_8.workload.yaml,/home/gensis2/research/archx/chiplet4ai/llama/description/event/event.yaml,/home/gensis2/research/archx/chiplet4ai/llama/description/metric/metric.yaml,/home/gensis2/research/archx/chiplet4ai/llama/description/runs/llama_3_70b/arch_110/config_8,/home/gensis2/research/archx/chiplet4ai/llama/description/runs/llama_3_70b/arch_110/config_8/checkpoint.json
1127,110,/home/gensis2/research/archx/chiplet4ai/llama/description/architecture/config_110.architecture.yaml,llama_3_70b,9,/home/gensis2/research/archx/chiplet4ai/llama/description/workload/llama_3_70b/config_9.workload.yaml,/home/gensis2/research/archx/chiplet4ai/llama/description/event/event.yaml,/home/gensis2/research/archx/chiplet4ai/llama/description/metric/metric.yaml,/home/gensis2/research/archx/chiplet4ai/llama/description/runs/llama_3_70b/arch_110/config_9,/home/gensis2/research/archx/chiplet4ai/llama/description/runs/llama_3_70b/arch_110/config_9/checkpoint.json
1128,110,/home/gensis2/research/archx/chiplet4ai/llama/description/architecture/config_110.architecture.yaml,llama_3_8b,6,/home/gensis2/research/archx/chiplet4ai/llama/description/workload/llama_3_8b/config_6.workload.yaml,/home/gensis2/research/archx/chiplet4ai/llama/description/event/event.yaml,/home/gensis2/research/archx/chiplet4ai/llama/description/metric/metric.yaml,/home/gensis2/research/archx/chiplet4ai/llama/description/runs/llama_3_8b/arch_110/config_6,/home/gensis2/research/archx/chiplet4ai/llama/description/runs/llama_3_8b/arch_110/config_6/checkpoint.json
1129,110,/home/gensis2/research/archx/chiplet4ai/llama/description/architecture/config_110.architecture.yaml,llama_3_70b,7,/home/gensis2/research/archx/chiplet4ai/llama/description/workload/llama_3_70b/config_7.workload.yaml,/home/gensis2/research/archx/chiplet4ai/llama/description/event/event.yaml,/home/gensis2/research/archx/chiplet4ai/llama/description/metric/metric.yaml,/home/gensis2/research/archx/chiplet4ai/llama/description/runs/llama_3_70b/arch_110/config_7,/home/gensis2/research/archx/chiplet4ai/llama/description/runs/llama_3_70b/arch_110/config_7/checkpoint.json
1130,111,/home/gensis2/research/archx/chiplet4ai/llama/description/architecture/config_111.architecture.yaml,llama_3_8b,5,/home/gensis2/research/archx/chiplet4ai/llama/description/workload/llama_3_8b/config_5.workload.yaml,/home/gensis2/research/archx/chiplet4ai/llama/description/event/event.yaml,/home/gensis2/research/archx/chiplet4ai/llama/description/metric/metric.yaml,/home/gensis2/research/archx/chiplet4ai/llama/description/runs/llama_3_8b/arch_111/config_5,/home/gensis2/research/archx/chiplet4ai/llama/description/runs/llama_3_8b/arch_111/config_5/checkpoint.json
1131,111,/home/gensis2/research/archx/chiplet4ai/llama/description/architecture/config_111.architecture.yaml,llama_3_70b,7,/home/gensis2/research/archx/chiplet4ai/llama/description/workload/llama_3_70b/config_7.workload.yaml,/home/gensis2/research/archx/chiplet4ai/llama/description/event/event.yaml,/home/gensis2/research/archx/chiplet4ai/llama/description/metric/metric.yaml,/home/gensis2/research/archx/chiplet4ai/llama/description/runs/llama_3_70b/arch_111/config_7,/home/gensis2/research/archx/chiplet4ai/llama/description/runs/llama_3_70b/arch_111/config_7/checkpoint.json
1132,111,/home/gensis2/research/archx/chiplet4ai/llama/description/architecture/config_111.architecture.yaml,llama_3_8b,6,/home/gensis2/research/archx/chiplet4ai/llama/description/workload/llama_3_8b/config_6.workload.yaml,/home/gensis2/research/archx/chiplet4ai/llama/description/event/event.yaml,/home/gensis2/research/archx/chiplet4ai/llama/description/metric/metric.yaml,/home/gensis2/research/archx/chiplet4ai/llama/description/runs/llama_3_8b/arch_111/config_6,/home/gensis2/research/archx/chiplet4ai/llama/description/runs/llama_3_8b/arch_111/config_6/checkpoint.json
1133,111,/home/gensis2/research/archx/chiplet4ai/llama/description/architecture/config_111.architecture.yaml,llama_3_70b,8,/home/gensis2/research/archx/chiplet4ai/llama/description/workload/llama_3_70b/config_8.workload.yaml,/home/gensis2/research/archx/chiplet4ai/llama/description/event/event.yaml,/home/gensis2/research/archx/chiplet4ai/llama/description/metric/metric.yaml,/home/gensis2/research/archx/chiplet4ai/llama/description/runs/llama_3_70b/arch_111/config_8,/home/gensis2/research/archx/chiplet4ai/llama/description/runs/llama_3_70b/arch_111/config_8/checkpoint.json
1134,111,/home/gensis2/research/archx/chiplet4ai/llama/description/architecture/config_111.architecture.yaml,llama_3_70b,9,/home/gensis2/research/archx/chiplet4ai/llama/description/workload/llama_3_70b/config_9.workload.yaml,/home/gensis2/research/archx/chiplet4ai/llama/description/event/event.yaml,/home/gensis2/research/archx/chiplet4ai/llama/description/metric/metric.yaml,/home/gensis2/research/archx/chiplet4ai/llama/description/runs/llama_3_70b/arch_111/config_9,/home/gensis2/research/archx/chiplet4ai/llama/description/runs/llama_3_70b/arch_111/config_9/checkpoint.json
1135,112,/home/gensis2/research/archx/chiplet4ai/llama/description/architecture/config_112.architecture.yaml,llama_3_8b,5,/home/gensis2/research/archx/chiplet4ai/llama/description/workload/llama_3_8b/config_5.workload.yaml,/home/gensis2/research/archx/chiplet4ai/llama/description/event/event.yaml,/home/gensis2/research/archx/chiplet4ai/llama/description/metric/metric.yaml,/home/gensis2/research/archx/chiplet4ai/llama/description/runs/llama_3_8b/arch_112/config_5,/home/gensis2/research/archx/chiplet4ai/llama/description/runs/llama_3_8b/arch_112/config_5/checkpoint.json
1136,112,/home/gensis2/research/archx/chiplet4ai/llama/description/architecture/config_112.architecture.yaml,llama_3_70b,8,/home/gensis2/research/archx/chiplet4ai/llama/description/workload/llama_3_70b/config_8.workload.yaml,/home/gensis2/research/archx/chiplet4ai/llama/description/event/event.yaml,/home/gensis2/research/archx/chiplet4ai/llama/description/metric/metric.yaml,/home/gensis2/research/archx/chiplet4ai/llama/description/runs/llama_3_70b/arch_112/config_8,/home/gensis2/research/archx/chiplet4ai/llama/description/runs/llama_3_70b/arch_112/config_8/checkpoint.json
1137,112,/home/gensis2/research/archx/chiplet4ai/llama/description/architecture/config_112.architecture.yaml,llama_3_70b,9,/home/gensis2/research/archx/chiplet4ai/llama/description/workload/llama_3_70b/config_9.workload.yaml,/home/gensis2/research/archx/chiplet4ai/llama/description/event/event.yaml,/home/gensis2/research/archx/chiplet4ai/llama/description/metric/metric.yaml,/home/gensis2/research/archx/chiplet4ai/llama/description/runs/llama_3_70b/arch_112/config_9,/home/gensis2/research/archx/chiplet4ai/llama/description/runs/llama_3_70b/arch_112/config_9/checkpoint.json
1138,112,/home/gensis2/research/archx/chiplet4ai/llama/description/architecture/config_112.architecture.yaml,llama_3_8b,6,/home/gensis2/research/archx/chiplet4ai/llama/description/workload/llama_3_8b/config_6.workload.yaml,/home/gensis2/research/archx/chiplet4ai/llama/description/event/event.yaml,/home/gensis2/research/archx/chiplet4ai/llama/description/metric/metric.yaml,/home/gensis2/research/archx/chiplet4ai/llama/description/runs/llama_3_8b/arch_112/config_6,/home/gensis2/research/archx/chiplet4ai/llama/description/runs/llama_3_8b/arch_112/config_6/checkpoint.json
1139,112,/home/gensis2/research/archx/chiplet4ai/llama/description/architecture/config_112.architecture.yaml,llama_3_70b,7,/home/gensis2/research/archx/chiplet4ai/llama/description/workload/llama_3_70b/config_7.workload.yaml,/home/gensis2/research/archx/chiplet4ai/llama/description/event/event.yaml,/home/gensis2/research/archx/chiplet4ai/llama/description/metric/metric.yaml,/home/gensis2/research/archx/chiplet4ai/llama/description/runs/llama_3_70b/arch_112/config_7,/home/gensis2/research/archx/chiplet4ai/llama/description/runs/llama_3_70b/arch_112/config_7/checkpoint.json
1140,113,/home/gensis2/research/archx/chiplet4ai/llama/description/architecture/config_113.architecture.yaml,llama_3_8b,5,/home/gensis2/research/archx/chiplet4ai/llama/description/workload/llama_3_8b/config_5.workload.yaml,/home/gensis2/research/archx/chiplet4ai/llama/description/event/event.yaml,/home/gensis2/research/archx/chiplet4ai/llama/description/metric/metric.yaml,/home/gensis2/research/archx/chiplet4ai/llama/description/runs/llama_3_8b/arch_113/config_5,/home/gensis2/research/archx/chiplet4ai/llama/description/runs/llama_3_8b/arch_113/config_5/checkpoint.json
1141,113,/home/gensis2/research/archx/chiplet4ai/llama/description/architecture/config_113.architecture.yaml,llama_3_70b,7,/home/gensis2/research/archx/chiplet4ai/llama/description/workload/llama_3_70b/config_7.workload.yaml,/home/gensis2/research/archx/chiplet4ai/llama/description/event/event.yaml,/home/gensis2/research/archx/chiplet4ai/llama/description/metric/metric.yaml,/home/gensis2/research/archx/chiplet4ai/llama/description/runs/llama_3_70b/arch_113/config_7,/home/gensis2/research/archx/chiplet4ai/llama/description/runs/llama_3_70b/arch_113/config_7/checkpoint.json
1142,113,/home/gensis2/research/archx/chiplet4ai/llama/description/architecture/config_113.architecture.yaml,llama_3_8b,6,/home/gensis2/research/archx/chiplet4ai/llama/description/workload/llama_3_8b/config_6.workload.yaml,/home/gensis2/research/archx/chiplet4ai/llama/description/event/event.yaml,/home/gensis2/research/archx/chiplet4ai/llama/description/metric/metric.yaml,/home/gensis2/research/archx/chiplet4ai/llama/description/runs/llama_3_8b/arch_113/config_6,/home/gensis2/research/archx/chiplet4ai/llama/description/runs/llama_3_8b/arch_113/config_6/checkpoint.json
1143,113,/home/gensis2/research/archx/chiplet4ai/llama/description/architecture/config_113.architecture.yaml,llama_3_70b,8,/home/gensis2/research/archx/chiplet4ai/llama/description/workload/llama_3_70b/config_8.workload.yaml,/home/gensis2/research/archx/chiplet4ai/llama/description/event/event.yaml,/home/gensis2/research/archx/chiplet4ai/llama/description/metric/metric.yaml,/home/gensis2/research/archx/chiplet4ai/llama/description/runs/llama_3_70b/arch_113/config_8,/home/gensis2/research/archx/chiplet4ai/llama/description/runs/llama_3_70b/arch_113/config_8/checkpoint.json
1144,113,/home/gensis2/research/archx/chiplet4ai/llama/description/architecture/config_113.architecture.yaml,llama_3_70b,9,/home/gensis2/research/archx/chiplet4ai/llama/description/workload/llama_3_70b/config_9.workload.yaml,/home/gensis2/research/archx/chiplet4ai/llama/description/event/event.yaml,/home/gensis2/research/archx/chiplet4ai/llama/description/metric/metric.yaml,/home/gensis2/research/archx/chiplet4ai/llama/description/runs/llama_3_70b/arch_113/config_9,/home/gensis2/research/archx/chiplet4ai/llama/description/runs/llama_3_70b/arch_113/config_9/checkpoint.json
1145,114,/home/gensis2/research/archx/chiplet4ai/llama/description/architecture/config_114.architecture.yaml,llama_3_70b,7,/home/gensis2/research/archx/chiplet4ai/llama/description/workload/llama_3_70b/config_7.workload.yaml,/home/gensis2/research/archx/chiplet4ai/llama/description/event/event.yaml,/home/gensis2/research/archx/chiplet4ai/llama/description/metric/metric.yaml,/home/gensis2/research/archx/chiplet4ai/llama/description/runs/llama_3_70b/arch_114/config_7,/home/gensis2/research/archx/chiplet4ai/llama/description/runs/llama_3_70b/arch_114/config_7/checkpoint.json
1146,114,/home/gensis2/research/archx/chiplet4ai/llama/description/architecture/config_114.architecture.yaml,llama_3_70b,8,/home/gensis2/research/archx/chiplet4ai/llama/description/workload/llama_3_70b/config_8.workload.yaml,/home/gensis2/research/archx/chiplet4ai/llama/description/event/event.yaml,/home/gensis2/research/archx/chiplet4ai/llama/description/metric/metric.yaml,/home/gensis2/research/archx/chiplet4ai/llama/description/runs/llama_3_70b/arch_114/config_8,/home/gensis2/research/archx/chiplet4ai/llama/description/runs/llama_3_70b/arch_114/config_8/checkpoint.json
1147,114,/home/gensis2/research/archx/chiplet4ai/llama/description/architecture/config_114.architecture.yaml,llama_3_70b,9,/home/gensis2/research/archx/chiplet4ai/llama/description/workload/llama_3_70b/config_9.workload.yaml,/home/gensis2/research/archx/chiplet4ai/llama/description/event/event.yaml,/home/gensis2/research/archx/chiplet4ai/llama/description/metric/metric.yaml,/home/gensis2/research/archx/chiplet4ai/llama/description/runs/llama_3_70b/arch_114/config_9,/home/gensis2/research/archx/chiplet4ai/llama/description/runs/llama_3_70b/arch_114/config_9/checkpoint.json
1148,115,/home/gensis2/research/archx/chiplet4ai/llama/description/architecture/config_115.architecture.yaml,llama_3_70b,9,/home/gensis2/research/archx/chiplet4ai/llama/description/workload/llama_3_70b/config_9.workload.yaml,/home/gensis2/research/archx/chiplet4ai/llama/description/event/event.yaml,/home/gensis2/research/archx/chiplet4ai/llama/description/metric/metric.yaml,/home/gensis2/research/archx/chiplet4ai/llama/description/runs/llama_3_70b/arch_115/config_9,/home/gensis2/research/archx/chiplet4ai/llama/description/runs/llama_3_70b/arch_115/config_9/checkpoint.json
1149,115,/home/gensis2/research/archx/chiplet4ai/llama/description/architecture/config_115.architecture.yaml,llama_3_70b,8,/home/gensis2/research/archx/chiplet4ai/llama/description/workload/llama_3_70b/config_8.workload.yaml,/home/gensis2/research/archx/chiplet4ai/llama/description/event/event.yaml,/home/gensis2/research/archx/chiplet4ai/llama/description/metric/metric.yaml,/home/gensis2/research/archx/chiplet4ai/llama/description/runs/llama_3_70b/arch_115/config_8,/home/gensis2/research/archx/chiplet4ai/llama/description/runs/llama_3_70b/arch_115/config_8/checkpoint.json
1150,115,/home/gensis2/research/archx/chiplet4ai/llama/description/architecture/config_115.architecture.yaml,llama_3_70b,7,/home/gensis2/research/archx/chiplet4ai/llama/description/workload/llama_3_70b/config_7.workload.yaml,/home/gensis2/research/archx/chiplet4ai/llama/description/event/event.yaml,/home/gensis2/research/archx/chiplet4ai/llama/description/metric/metric.yaml,/home/gensis2/research/archx/chiplet4ai/llama/description/runs/llama_3_70b/arch_115/config_7,/home/gensis2/research/archx/chiplet4ai/llama/description/runs/llama_3_70b/arch_115/config_7/checkpoint.json
1151,116,/home/gensis2/research/archx/chiplet4ai/llama/description/architecture/config_116.architecture.yaml,llama_3_70b,7,/home/gensis2/research/archx/chiplet4ai/llama/description/workload/llama_3_70b/config_7.workload.yaml,/home/gensis2/research/archx/chiplet4ai/llama/description/event/event.yaml,/home/gensis2/research/archx/chiplet4ai/llama/description/metric/metric.yaml,/home/gensis2/research/archx/chiplet4ai/llama/description/runs/llama_3_70b/arch_116/config_7,/home/gensis2/research/archx/chiplet4ai/llama/description/runs/llama_3_70b/arch_116/config_7/checkpoint.json
1152,116,/home/gensis2/research/archx/chiplet4ai/llama/description/architecture/config_116.architecture.yaml,llama_3_70b,8,/home/gensis2/research/archx/chiplet4ai/llama/description/workload/llama_3_70b/config_8.workload.yaml,/home/gensis2/research/archx/chiplet4ai/llama/description/event/event.yaml,/home/gensis2/research/archx/chiplet4ai/llama/description/metric/metric.yaml,/home/gensis2/research/archx/chiplet4ai/llama/description/runs/llama_3_70b/arch_116/config_8,/home/gensis2/research/archx/chiplet4ai/llama/description/runs/llama_3_70b/arch_116/config_8/checkpoint.json
1153,116,/home/gensis2/research/archx/chiplet4ai/llama/description/architecture/config_116.architecture.yaml,llama_3_70b,9,/home/gensis2/research/archx/chiplet4ai/llama/description/workload/llama_3_70b/config_9.workload.yaml,/home/gensis2/research/archx/chiplet4ai/llama/description/event/event.yaml,/home/gensis2/research/archx/chiplet4ai/llama/description/metric/metric.yaml,/home/gensis2/research/archx/chiplet4ai/llama/description/runs/llama_3_70b/arch_116/config_9,/home/gensis2/research/archx/chiplet4ai/llama/description/runs/llama_3_70b/arch_116/config_9/checkpoint.json
1154,117,/home/gensis2/research/archx/chiplet4ai/llama/description/architecture/config_117.architecture.yaml,llama_3_70b,9,/home/gensis2/research/archx/chiplet4ai/llama/description/workload/llama_3_70b/config_9.workload.yaml,/home/gensis2/research/archx/chiplet4ai/llama/description/event/event.yaml,/home/gensis2/research/archx/chiplet4ai/llama/description/metric/metric.yaml,/home/gensis2/research/archx/chiplet4ai/llama/description/runs/llama_3_70b/arch_117/config_9,/home/gensis2/research/archx/chiplet4ai/llama/description/runs/llama_3_70b/arch_117/config_9/checkpoint.json
1155,117,/home/gensis2/research/archx/chiplet4ai/llama/description/architecture/config_117.architecture.yaml,llama_3_70b,8,/home/gensis2/research/archx/chiplet4ai/llama/description/workload/llama_3_70b/config_8.workload.yaml,/home/gensis2/research/archx/chiplet4ai/llama/description/event/event.yaml,/home/gensis2/research/archx/chiplet4ai/llama/description/metric/metric.yaml,/home/gensis2/research/archx/chiplet4ai/llama/description/runs/llama_3_70b/arch_117/config_8,/home/gensis2/research/archx/chiplet4ai/llama/description/runs/llama_3_70b/arch_117/config_8/checkpoint.json
1156,117,/home/gensis2/research/archx/chiplet4ai/llama/description/architecture/config_117.architecture.yaml,llama_3_70b,7,/home/gensis2/research/archx/chiplet4ai/llama/description/workload/llama_3_70b/config_7.workload.yaml,/home/gensis2/research/archx/chiplet4ai/llama/description/event/event.yaml,/home/gensis2/research/archx/chiplet4ai/llama/description/metric/metric.yaml,/home/gensis2/research/archx/chiplet4ai/llama/description/runs/llama_3_70b/arch_117/config_7,/home/gensis2/research/archx/chiplet4ai/llama/description/runs/llama_3_70b/arch_117/config_7/checkpoint.json
1157,118,/home/gensis2/research/archx/chiplet4ai/llama/description/architecture/config_118.architecture.yaml,llama_3_70b,7,/home/gensis2/research/archx/chiplet4ai/llama/description/workload/llama_3_70b/config_7.workload.yaml,/home/gensis2/research/archx/chiplet4ai/llama/description/event/event.yaml,/home/gensis2/research/archx/chiplet4ai/llama/description/metric/metric.yaml,/home/gensis2/research/archx/chiplet4ai/llama/description/runs/llama_3_70b/arch_118/config_7,/home/gensis2/research/archx/chiplet4ai/llama/description/runs/llama_3_70b/arch_118/config_7/checkpoint.json
1158,118,/home/gensis2/research/archx/chiplet4ai/llama/description/architecture/config_118.architecture.yaml,llama_3_70b,8,/home/gensis2/research/archx/chiplet4ai/llama/description/workload/llama_3_70b/config_8.workload.yaml,/home/gensis2/research/archx/chiplet4ai/llama/description/event/event.yaml,/home/gensis2/research/archx/chiplet4ai/llama/description/metric/metric.yaml,/home/gensis2/research/archx/chiplet4ai/llama/description/runs/llama_3_70b/arch_118/config_8,/home/gensis2/research/archx/chiplet4ai/llama/description/runs/llama_3_70b/arch_118/config_8/checkpoint.json
1159,118,/home/gensis2/research/archx/chiplet4ai/llama/description/architecture/config_118.architecture.yaml,llama_3_70b,9,/home/gensis2/research/archx/chiplet4ai/llama/description/workload/llama_3_70b/config_9.workload.yaml,/home/gensis2/research/archx/chiplet4ai/llama/description/event/event.yaml,/home/gensis2/research/archx/chiplet4ai/llama/description/metric/metric.yaml,/home/gensis2/research/archx/chiplet4ai/llama/description/runs/llama_3_70b/arch_118/config_9,/home/gensis2/research/archx/chiplet4ai/llama/description/runs/llama_3_70b/arch_118/config_9/checkpoint.json
1160,118,/home/gensis2/research/archx/chiplet4ai/llama/description/architecture/config_118.architecture.yaml,llama_3_8b,5,/home/gensis2/research/archx/chiplet4ai/llama/description/workload/llama_3_8b/config_5.workload.yaml,/home/gensis2/research/archx/chiplet4ai/llama/description/event/event.yaml,/home/gensis2/research/archx/chiplet4ai/llama/description/metric/metric.yaml,/home/gensis2/research/archx/chiplet4ai/llama/description/runs/llama_3_8b/arch_118/config_5,/home/gensis2/research/archx/chiplet4ai/llama/description/runs/llama_3_8b/arch_118/config_5/checkpoint.json
1161,118,/home/gensis2/research/archx/chiplet4ai/llama/description/architecture/config_118.architecture.yaml,llama_3_8b,6,/home/gensis2/research/archx/chiplet4ai/llama/description/workload/llama_3_8b/config_6.workload.yaml,/home/gensis2/research/archx/chiplet4ai/llama/description/event/event.yaml,/home/gensis2/research/archx/chiplet4ai/llama/description/metric/metric.yaml,/home/gensis2/research/archx/chiplet4ai/llama/description/runs/llama_3_8b/arch_118/config_6,/home/gensis2/research/archx/chiplet4ai/llama/description/runs/llama_3_8b/arch_118/config_6/checkpoint.json
1162,117,/home/gensis2/research/archx/chiplet4ai/llama/description/architecture/config_117.architecture.yaml,llama_3_8b,5,/home/gensis2/research/archx/chiplet4ai/llama/description/workload/llama_3_8b/config_5.workload.yaml,/home/gensis2/research/archx/chiplet4ai/llama/description/event/event.yaml,/home/gensis2/research/archx/chiplet4ai/llama/description/metric/metric.yaml,/home/gensis2/research/archx/chiplet4ai/llama/description/runs/llama_3_8b/arch_117/config_5,/home/gensis2/research/archx/chiplet4ai/llama/description/runs/llama_3_8b/arch_117/config_5/checkpoint.json
1163,117,/home/gensis2/research/archx/chiplet4ai/llama/description/architecture/config_117.architecture.yaml,llama_3_8b,6,/home/gensis2/research/archx/chiplet4ai/llama/description/workload/llama_3_8b/config_6.workload.yaml,/home/gensis2/research/archx/chiplet4ai/llama/description/event/event.yaml,/home/gensis2/research/archx/chiplet4ai/llama/description/metric/metric.yaml,/home/gensis2/research/archx/chiplet4ai/llama/description/runs/llama_3_8b/arch_117/config_6,/home/gensis2/research/archx/chiplet4ai/llama/description/runs/llama_3_8b/arch_117/config_6/checkpoint.json
1164,116,/home/gensis2/research/archx/chiplet4ai/llama/description/architecture/config_116.architecture.yaml,llama_3_8b,5,/home/gensis2/research/archx/chiplet4ai/llama/description/workload/llama_3_8b/config_5.workload.yaml,/home/gensis2/research/archx/chiplet4ai/llama/description/event/event.yaml,/home/gensis2/research/archx/chiplet4ai/llama/description/metric/metric.yaml,/home/gensis2/research/archx/chiplet4ai/llama/description/runs/llama_3_8b/arch_116/config_5,/home/gensis2/research/archx/chiplet4ai/llama/description/runs/llama_3_8b/arch_116/config_5/checkpoint.json
1165,116,/home/gensis2/research/archx/chiplet4ai/llama/description/architecture/config_116.architecture.yaml,llama_3_8b,6,/home/gensis2/research/archx/chiplet4ai/llama/description/workload/llama_3_8b/config_6.workload.yaml,/home/gensis2/research/archx/chiplet4ai/llama/description/event/event.yaml,/home/gensis2/research/archx/chiplet4ai/llama/description/metric/metric.yaml,/home/gensis2/research/archx/chiplet4ai/llama/description/runs/llama_3_8b/arch_116/config_6,/home/gensis2/research/archx/chiplet4ai/llama/description/runs/llama_3_8b/arch_116/config_6/checkpoint.json
1166,115,/home/gensis2/research/archx/chiplet4ai/llama/description/architecture/config_115.architecture.yaml,llama_3_8b,5,/home/gensis2/research/archx/chiplet4ai/llama/description/workload/llama_3_8b/config_5.workload.yaml,/home/gensis2/research/archx/chiplet4ai/llama/description/event/event.yaml,/home/gensis2/research/archx/chiplet4ai/llama/description/metric/metric.yaml,/home/gensis2/research/archx/chiplet4ai/llama/description/runs/llama_3_8b/arch_115/config_5,/home/gensis2/research/archx/chiplet4ai/llama/description/runs/llama_3_8b/arch_115/config_5/checkpoint.json
1167,115,/home/gensis2/research/archx/chiplet4ai/llama/description/architecture/config_115.architecture.yaml,llama_3_8b,6,/home/gensis2/research/archx/chiplet4ai/llama/description/workload/llama_3_8b/config_6.workload.yaml,/home/gensis2/research/archx/chiplet4ai/llama/description/event/event.yaml,/home/gensis2/research/archx/chiplet4ai/llama/description/metric/metric.yaml,/home/gensis2/research/archx/chiplet4ai/llama/description/runs/llama_3_8b/arch_115/config_6,/home/gensis2/research/archx/chiplet4ai/llama/description/runs/llama_3_8b/arch_115/config_6/checkpoint.json
1168,114,/home/gensis2/research/archx/chiplet4ai/llama/description/architecture/config_114.architecture.yaml,llama_3_8b,5,/home/gensis2/research/archx/chiplet4ai/llama/description/workload/llama_3_8b/config_5.workload.yaml,/home/gensis2/research/archx/chiplet4ai/llama/description/event/event.yaml,/home/gensis2/research/archx/chiplet4ai/llama/description/metric/metric.yaml,/home/gensis2/research/archx/chiplet4ai/llama/description/runs/llama_3_8b/arch_114/config_5,/home/gensis2/research/archx/chiplet4ai/llama/description/runs/llama_3_8b/arch_114/config_5/checkpoint.json
1169,114,/home/gensis2/research/archx/chiplet4ai/llama/description/architecture/config_114.architecture.yaml,llama_3_8b,6,/home/gensis2/research/archx/chiplet4ai/llama/description/workload/llama_3_8b/config_6.workload.yaml,/home/gensis2/research/archx/chiplet4ai/llama/description/event/event.yaml,/home/gensis2/research/archx/chiplet4ai/llama/description/metric/metric.yaml,/home/gensis2/research/archx/chiplet4ai/llama/description/runs/llama_3_8b/arch_114/config_6,/home/gensis2/research/archx/chiplet4ai/llama/description/runs/llama_3_8b/arch_114/config_6/checkpoint.json
1170,81,/home/gensis2/research/archx/chiplet4ai/llama/description/architecture/config_81.architecture.yaml,llama_3_8b,5,/home/gensis2/research/archx/chiplet4ai/llama/description/workload/llama_3_8b/config_5.workload.yaml,/home/gensis2/research/archx/chiplet4ai/llama/description/event/event.yaml,/home/gensis2/research/archx/chiplet4ai/llama/description/metric/metric.yaml,/home/gensis2/research/archx/chiplet4ai/llama/description/runs/llama_3_8b/arch_81/config_5,/home/gensis2/research/archx/chiplet4ai/llama/description/runs/llama_3_8b/arch_81/config_5/checkpoint.json
1171,81,/home/gensis2/research/archx/chiplet4ai/llama/description/architecture/config_81.architecture.yaml,llama_3_8b,6,/home/gensis2/research/archx/chiplet4ai/llama/description/workload/llama_3_8b/config_6.workload.yaml,/home/gensis2/research/archx/chiplet4ai/llama/description/event/event.yaml,/home/gensis2/research/archx/chiplet4ai/llama/description/metric/metric.yaml,/home/gensis2/research/archx/chiplet4ai/llama/description/runs/llama_3_8b/arch_81/config_6,/home/gensis2/research/archx/chiplet4ai/llama/description/runs/llama_3_8b/arch_81/config_6/checkpoint.json
1172,82,/home/gensis2/research/archx/chiplet4ai/llama/description/architecture/config_82.architecture.yaml,llama_3_8b,5,/home/gensis2/research/archx/chiplet4ai/llama/description/workload/llama_3_8b/config_5.workload.yaml,/home/gensis2/research/archx/chiplet4ai/llama/description/event/event.yaml,/home/gensis2/research/archx/chiplet4ai/llama/description/metric/metric.yaml,/home/gensis2/research/archx/chiplet4ai/llama/description/runs/llama_3_8b/arch_82/config_5,/home/gensis2/research/archx/chiplet4ai/llama/description/runs/llama_3_8b/arch_82/config_5/checkpoint.json
1173,82,/home/gensis2/research/archx/chiplet4ai/llama/description/architecture/config_82.architecture.yaml,llama_3_8b,6,/home/gensis2/research/archx/chiplet4ai/llama/description/workload/llama_3_8b/config_6.workload.yaml,/home/gensis2/research/archx/chiplet4ai/llama/description/event/event.yaml,/home/gensis2/research/archx/chiplet4ai/llama/description/metric/metric.yaml,/home/gensis2/research/archx/chiplet4ai/llama/description/runs/llama_3_8b/arch_82/config_6,/home/gensis2/research/archx/chiplet4ai/llama/description/runs/llama_3_8b/arch_82/config_6/checkpoint.json
1174,83,/home/gensis2/research/archx/chiplet4ai/llama/description/architecture/config_83.architecture.yaml,llama_3_8b,5,/home/gensis2/research/archx/chiplet4ai/llama/description/workload/llama_3_8b/config_5.workload.yaml,/home/gensis2/research/archx/chiplet4ai/llama/description/event/event.yaml,/home/gensis2/research/archx/chiplet4ai/llama/description/metric/metric.yaml,/home/gensis2/research/archx/chiplet4ai/llama/description/runs/llama_3_8b/arch_83/config_5,/home/gensis2/research/archx/chiplet4ai/llama/description/runs/llama_3_8b/arch_83/config_5/checkpoint.json
1175,83,/home/gensis2/research/archx/chiplet4ai/llama/description/architecture/config_83.architecture.yaml,llama_3_8b,6,/home/gensis2/research/archx/chiplet4ai/llama/description/workload/llama_3_8b/config_6.workload.yaml,/home/gensis2/research/archx/chiplet4ai/llama/description/event/event.yaml,/home/gensis2/research/archx/chiplet4ai/llama/description/metric/metric.yaml,/home/gensis2/research/archx/chiplet4ai/llama/description/runs/llama_3_8b/arch_83/config_6,/home/gensis2/research/archx/chiplet4ai/llama/description/runs/llama_3_8b/arch_83/config_6/checkpoint.json
1176,84,/home/gensis2/research/archx/chiplet4ai/llama/description/architecture/config_84.architecture.yaml,llama_3_8b,5,/home/gensis2/research/archx/chiplet4ai/llama/description/workload/llama_3_8b/config_5.workload.yaml,/home/gensis2/research/archx/chiplet4ai/llama/description/event/event.yaml,/home/gensis2/research/archx/chiplet4ai/llama/description/metric/metric.yaml,/home/gensis2/research/archx/chiplet4ai/llama/description/runs/llama_3_8b/arch_84/config_5,/home/gensis2/research/archx/chiplet4ai/llama/description/runs/llama_3_8b/arch_84/config_5/checkpoint.json
1177,84,/home/gensis2/research/archx/chiplet4ai/llama/description/architecture/config_84.architecture.yaml,llama_3_8b,6,/home/gensis2/research/archx/chiplet4ai/llama/description/workload/llama_3_8b/config_6.workload.yaml,/home/gensis2/research/archx/chiplet4ai/llama/description/event/event.yaml,/home/gensis2/research/archx/chiplet4ai/llama/description/metric/metric.yaml,/home/gensis2/research/archx/chiplet4ai/llama/description/runs/llama_3_8b/arch_84/config_6,/home/gensis2/research/archx/chiplet4ai/llama/description/runs/llama_3_8b/arch_84/config_6/checkpoint.json
1178,84,/home/gensis2/research/archx/chiplet4ai/llama/description/architecture/config_84.architecture.yaml,llama_3_70b,7,/home/gensis2/research/archx/chiplet4ai/llama/description/workload/llama_3_70b/config_7.workload.yaml,/home/gensis2/research/archx/chiplet4ai/llama/description/event/event.yaml,/home/gensis2/research/archx/chiplet4ai/llama/description/metric/metric.yaml,/home/gensis2/research/archx/chiplet4ai/llama/description/runs/llama_3_70b/arch_84/config_7,/home/gensis2/research/archx/chiplet4ai/llama/description/runs/llama_3_70b/arch_84/config_7/checkpoint.json
1179,84,/home/gensis2/research/archx/chiplet4ai/llama/description/architecture/config_84.architecture.yaml,llama_3_70b,8,/home/gensis2/research/archx/chiplet4ai/llama/description/workload/llama_3_70b/config_8.workload.yaml,/home/gensis2/research/archx/chiplet4ai/llama/description/event/event.yaml,/home/gensis2/research/archx/chiplet4ai/llama/description/metric/metric.yaml,/home/gensis2/research/archx/chiplet4ai/llama/description/runs/llama_3_70b/arch_84/config_8,/home/gensis2/research/archx/chiplet4ai/llama/description/runs/llama_3_70b/arch_84/config_8/checkpoint.json
1180,84,/home/gensis2/research/archx/chiplet4ai/llama/description/architecture/config_84.architecture.yaml,llama_3_70b,9,/home/gensis2/research/archx/chiplet4ai/llama/description/workload/llama_3_70b/config_9.workload.yaml,/home/gensis2/research/archx/chiplet4ai/llama/description/event/event.yaml,/home/gensis2/research/archx/chiplet4ai/llama/description/metric/metric.yaml,/home/gensis2/research/archx/chiplet4ai/llama/description/runs/llama_3_70b/arch_84/config_9,/home/gensis2/research/archx/chiplet4ai/llama/description/runs/llama_3_70b/arch_84/config_9/checkpoint.json
1181,83,/home/gensis2/research/archx/chiplet4ai/llama/description/architecture/config_83.architecture.yaml,llama_3_70b,9,/home/gensis2/research/archx/chiplet4ai/llama/description/workload/llama_3_70b/config_9.workload.yaml,/home/gensis2/research/archx/chiplet4ai/llama/description/event/event.yaml,/home/gensis2/research/archx/chiplet4ai/llama/description/metric/metric.yaml,/home/gensis2/research/archx/chiplet4ai/llama/description/runs/llama_3_70b/arch_83/config_9,/home/gensis2/research/archx/chiplet4ai/llama/description/runs/llama_3_70b/arch_83/config_9/checkpoint.json
1182,83,/home/gensis2/research/archx/chiplet4ai/llama/description/architecture/config_83.architecture.yaml,llama_3_70b,8,/home/gensis2/research/archx/chiplet4ai/llama/description/workload/llama_3_70b/config_8.workload.yaml,/home/gensis2/research/archx/chiplet4ai/llama/description/event/event.yaml,/home/gensis2/research/archx/chiplet4ai/llama/description/metric/metric.yaml,/home/gensis2/research/archx/chiplet4ai/llama/description/runs/llama_3_70b/arch_83/config_8,/home/gensis2/research/archx/chiplet4ai/llama/description/runs/llama_3_70b/arch_83/config_8/checkpoint.json
1183,83,/home/gensis2/research/archx/chiplet4ai/llama/description/architecture/config_83.architecture.yaml,llama_3_70b,7,/home/gensis2/research/archx/chiplet4ai/llama/description/workload/llama_3_70b/config_7.workload.yaml,/home/gensis2/research/archx/chiplet4ai/llama/description/event/event.yaml,/home/gensis2/research/archx/chiplet4ai/llama/description/metric/metric.yaml,/home/gensis2/research/archx/chiplet4ai/llama/description/runs/llama_3_70b/arch_83/config_7,/home/gensis2/research/archx/chiplet4ai/llama/description/runs/llama_3_70b/arch_83/config_7/checkpoint.json
1184,82,/home/gensis2/research/archx/chiplet4ai/llama/description/architecture/config_82.architecture.yaml,llama_3_70b,7,/home/gensis2/research/archx/chiplet4ai/llama/description/workload/llama_3_70b/config_7.workload.yaml,/home/gensis2/research/archx/chiplet4ai/llama/description/event/event.yaml,/home/gensis2/research/archx/chiplet4ai/llama/description/metric/metric.yaml,/home/gensis2/research/archx/chiplet4ai/llama/description/runs/llama_3_70b/arch_82/config_7,/home/gensis2/research/archx/chiplet4ai/llama/description/runs/llama_3_70b/arch_82/config_7/checkpoint.json
1185,82,/home/gensis2/research/archx/chiplet4ai/llama/description/architecture/config_82.architecture.yaml,llama_3_70b,8,/home/gensis2/research/archx/chiplet4ai/llama/description/workload/llama_3_70b/config_8.workload.yaml,/home/gensis2/research/archx/chiplet4ai/llama/description/event/event.yaml,/home/gensis2/research/archx/chiplet4ai/llama/description/metric/metric.yaml,/home/gensis2/research/archx/chiplet4ai/llama/description/runs/llama_3_70b/arch_82/config_8,/home/gensis2/research/archx/chiplet4ai/llama/description/runs/llama_3_70b/arch_82/config_8/checkpoint.json
1186,82,/home/gensis2/research/archx/chiplet4ai/llama/description/architecture/config_82.architecture.yaml,llama_3_70b,9,/home/gensis2/research/archx/chiplet4ai/llama/description/workload/llama_3_70b/config_9.workload.yaml,/home/gensis2/research/archx/chiplet4ai/llama/description/event/event.yaml,/home/gensis2/research/archx/chiplet4ai/llama/description/metric/metric.yaml,/home/gensis2/research/archx/chiplet4ai/llama/description/runs/llama_3_70b/arch_82/config_9,/home/gensis2/research/archx/chiplet4ai/llama/description/runs/llama_3_70b/arch_82/config_9/checkpoint.json
1187,81,/home/gensis2/research/archx/chiplet4ai/llama/description/architecture/config_81.architecture.yaml,llama_3_70b,9,/home/gensis2/research/archx/chiplet4ai/llama/description/workload/llama_3_70b/config_9.workload.yaml,/home/gensis2/research/archx/chiplet4ai/llama/description/event/event.yaml,/home/gensis2/research/archx/chiplet4ai/llama/description/metric/metric.yaml,/home/gensis2/research/archx/chiplet4ai/llama/description/runs/llama_3_70b/arch_81/config_9,/home/gensis2/research/archx/chiplet4ai/llama/description/runs/llama_3_70b/arch_81/config_9/checkpoint.json
1188,81,/home/gensis2/research/archx/chiplet4ai/llama/description/architecture/config_81.architecture.yaml,llama_3_70b,8,/home/gensis2/research/archx/chiplet4ai/llama/description/workload/llama_3_70b/config_8.workload.yaml,/home/gensis2/research/archx/chiplet4ai/llama/description/event/event.yaml,/home/gensis2/research/archx/chiplet4ai/llama/description/metric/metric.yaml,/home/gensis2/research/archx/chiplet4ai/llama/description/runs/llama_3_70b/arch_81/config_8,/home/gensis2/research/archx/chiplet4ai/llama/description/runs/llama_3_70b/arch_81/config_8/checkpoint.json
1189,81,/home/gensis2/research/archx/chiplet4ai/llama/description/architecture/config_81.architecture.yaml,llama_3_70b,7,/home/gensis2/research/archx/chiplet4ai/llama/description/workload/llama_3_70b/config_7.workload.yaml,/home/gensis2/research/archx/chiplet4ai/llama/description/event/event.yaml,/home/gensis2/research/archx/chiplet4ai/llama/description/metric/metric.yaml,/home/gensis2/research/archx/chiplet4ai/llama/description/runs/llama_3_70b/arch_81/config_7,/home/gensis2/research/archx/chiplet4ai/llama/description/runs/llama_3_70b/arch_81/config_7/checkpoint.json
1190,119,/home/gensis2/research/archx/chiplet4ai/llama/description/architecture/config_119.architecture.yaml,llama_3_8b,0,/home/gensis2/research/archx/chiplet4ai/llama/description/workload/llama_3_8b/config_0.workload.yaml,/home/gensis2/research/archx/chiplet4ai/llama/description/event/event.yaml,/home/gensis2/research/archx/chiplet4ai/llama/description/metric/metric.yaml,/home/gensis2/research/archx/chiplet4ai/llama/description/runs/llama_3_8b/arch_119/config_0,/home/gensis2/research/archx/chiplet4ai/llama/description/runs/llama_3_8b/arch_119/config_0/checkpoint.json
1191,119,/home/gensis2/research/archx/chiplet4ai/llama/description/architecture/config_119.architecture.yaml,llama_3_70b,7,/home/gensis2/research/archx/chiplet4ai/llama/description/workload/llama_3_70b/config_7.workload.yaml,/home/gensis2/research/archx/chiplet4ai/llama/description/event/event.yaml,/home/gensis2/research/archx/chiplet4ai/llama/description/metric/metric.yaml,/home/gensis2/research/archx/chiplet4ai/llama/description/runs/llama_3_70b/arch_119/config_7,/home/gensis2/research/archx/chiplet4ai/llama/description/runs/llama_3_70b/arch_119/config_7/checkpoint.json
1192,119,/home/gensis2/research/archx/chiplet4ai/llama/description/architecture/config_119.architecture.yaml,llama_3_70b,8,/home/gensis2/research/archx/chiplet4ai/llama/description/workload/llama_3_70b/config_8.workload.yaml,/home/gensis2/research/archx/chiplet4ai/llama/description/event/event.yaml,/home/gensis2/research/archx/chiplet4ai/llama/description/metric/metric.yaml,/home/gensis2/research/archx/chiplet4ai/llama/description/runs/llama_3_70b/arch_119/config_8,/home/gensis2/research/archx/chiplet4ai/llama/description/runs/llama_3_70b/arch_119/config_8/checkpoint.json
1193,119,/home/gensis2/research/archx/chiplet4ai/llama/description/architecture/config_119.architecture.yaml,llama_3_70b,9,/home/gensis2/research/archx/chiplet4ai/llama/description/workload/llama_3_70b/config_9.workload.yaml,/home/gensis2/research/archx/chiplet4ai/llama/description/event/event.yaml,/home/gensis2/research/archx/chiplet4ai/llama/description/metric/metric.yaml,/home/gensis2/research/archx/chiplet4ai/llama/description/runs/llama_3_70b/arch_119/config_9,/home/gensis2/research/archx/chiplet4ai/llama/description/runs/llama_3_70b/arch_119/config_9/checkpoint.json
1194,120,/home/gensis2/research/archx/chiplet4ai/llama/description/architecture/config_120.architecture.yaml,llama_3_8b,0,/home/gensis2/research/archx/chiplet4ai/llama/description/workload/llama_3_8b/config_0.workload.yaml,/home/gensis2/research/archx/chiplet4ai/llama/description/event/event.yaml,/home/gensis2/research/archx/chiplet4ai/llama/description/metric/metric.yaml,/home/gensis2/research/archx/chiplet4ai/llama/description/runs/llama_3_8b/arch_120/config_0,/home/gensis2/research/archx/chiplet4ai/llama/description/runs/llama_3_8b/arch_120/config_0/checkpoint.json
1195,120,/home/gensis2/research/archx/chiplet4ai/llama/description/architecture/config_120.architecture.yaml,llama_3_70b,9,/home/gensis2/research/archx/chiplet4ai/llama/description/workload/llama_3_70b/config_9.workload.yaml,/home/gensis2/research/archx/chiplet4ai/llama/description/event/event.yaml,/home/gensis2/research/archx/chiplet4ai/llama/description/metric/metric.yaml,/home/gensis2/research/archx/chiplet4ai/llama/description/runs/llama_3_70b/arch_120/config_9,/home/gensis2/research/archx/chiplet4ai/llama/description/runs/llama_3_70b/arch_120/config_9/checkpoint.json
1196,120,/home/gensis2/research/archx/chiplet4ai/llama/description/architecture/config_120.architecture.yaml,llama_3_70b,8,/home/gensis2/research/archx/chiplet4ai/llama/description/workload/llama_3_70b/config_8.workload.yaml,/home/gensis2/research/archx/chiplet4ai/llama/description/event/event.yaml,/home/gensis2/research/archx/chiplet4ai/llama/description/metric/metric.yaml,/home/gensis2/research/archx/chiplet4ai/llama/description/runs/llama_3_70b/arch_120/config_8,/home/gensis2/research/archx/chiplet4ai/llama/description/runs/llama_3_70b/arch_120/config_8/checkpoint.json
1197,120,/home/gensis2/research/archx/chiplet4ai/llama/description/architecture/config_120.architecture.yaml,llama_3_70b,7,/home/gensis2/research/archx/chiplet4ai/llama/description/workload/llama_3_70b/config_7.workload.yaml,/home/gensis2/research/archx/chiplet4ai/llama/description/event/event.yaml,/home/gensis2/research/archx/chiplet4ai/llama/description/metric/metric.yaml,/home/gensis2/research/archx/chiplet4ai/llama/description/runs/llama_3_70b/arch_120/config_7,/home/gensis2/research/archx/chiplet4ai/llama/description/runs/llama_3_70b/arch_120/config_7/checkpoint.json
1198,121,/home/gensis2/research/archx/chiplet4ai/llama/description/architecture/config_121.architecture.yaml,llama_3_8b,0,/home/gensis2/research/archx/chiplet4ai/llama/description/workload/llama_3_8b/config_0.workload.yaml,/home/gensis2/research/archx/chiplet4ai/llama/description/event/event.yaml,/home/gensis2/research/archx/chiplet4ai/llama/description/metric/metric.yaml,/home/gensis2/research/archx/chiplet4ai/llama/description/runs/llama_3_8b/arch_121/config_0,/home/gensis2/research/archx/chiplet4ai/llama/description/runs/llama_3_8b/arch_121/config_0/checkpoint.json
1199,121,/home/gensis2/research/archx/chiplet4ai/llama/description/architecture/config_121.architecture.yaml,llama_3_70b,7,/home/gensis2/research/archx/chiplet4ai/llama/description/workload/llama_3_70b/config_7.workload.yaml,/home/gensis2/research/archx/chiplet4ai/llama/description/event/event.yaml,/home/gensis2/research/archx/chiplet4ai/llama/description/metric/metric.yaml,/home/gensis2/research/archx/chiplet4ai/llama/description/runs/llama_3_70b/arch_121/config_7,/home/gensis2/research/archx/chiplet4ai/llama/description/runs/llama_3_70b/arch_121/config_7/checkpoint.json
1200,121,/home/gensis2/research/archx/chiplet4ai/llama/description/architecture/config_121.architecture.yaml,llama_3_70b,8,/home/gensis2/research/archx/chiplet4ai/llama/description/workload/llama_3_70b/config_8.workload.yaml,/home/gensis2/research/archx/chiplet4ai/llama/description/event/event.yaml,/home/gensis2/research/archx/chiplet4ai/llama/description/metric/metric.yaml,/home/gensis2/research/archx/chiplet4ai/llama/description/runs/llama_3_70b/arch_121/config_8,/home/gensis2/research/archx/chiplet4ai/llama/description/runs/llama_3_70b/arch_121/config_8/checkpoint.json
1201,121,/home/gensis2/research/archx/chiplet4ai/llama/description/architecture/config_121.architecture.yaml,llama_3_70b,9,/home/gensis2/research/archx/chiplet4ai/llama/description/workload/llama_3_70b/config_9.workload.yaml,/home/gensis2/research/archx/chiplet4ai/llama/description/event/event.yaml,/home/gensis2/research/archx/chiplet4ai/llama/description/metric/metric.yaml,/home/gensis2/research/archx/chiplet4ai/llama/description/runs/llama_3_70b/arch_121/config_9,/home/gensis2/research/archx/chiplet4ai/llama/description/runs/llama_3_70b/arch_121/config_9/checkpoint.json
1202,122,/home/gensis2/research/archx/chiplet4ai/llama/description/architecture/config_122.architecture.yaml,llama_3_8b,0,/home/gensis2/research/archx/chiplet4ai/llama/description/workload/llama_3_8b/config_0.workload.yaml,/home/gensis2/research/archx/chiplet4ai/llama/description/event/event.yaml,/home/gensis2/research/archx/chiplet4ai/llama/description/metric/metric.yaml,/home/gensis2/research/archx/chiplet4ai/llama/description/runs/llama_3_8b/arch_122/config_0,/home/gensis2/research/archx/chiplet4ai/llama/description/runs/llama_3_8b/arch_122/config_0/checkpoint.json
1203,122,/home/gensis2/research/archx/chiplet4ai/llama/description/architecture/config_122.architecture.yaml,llama_3_70b,9,/home/gensis2/research/archx/chiplet4ai/llama/description/workload/llama_3_70b/config_9.workload.yaml,/home/gensis2/research/archx/chiplet4ai/llama/description/event/event.yaml,/home/gensis2/research/archx/chiplet4ai/llama/description/metric/metric.yaml,/home/gensis2/research/archx/chiplet4ai/llama/description/runs/llama_3_70b/arch_122/config_9,/home/gensis2/research/archx/chiplet4ai/llama/description/runs/llama_3_70b/arch_122/config_9/checkpoint.json
1204,122,/home/gensis2/research/archx/chiplet4ai/llama/description/architecture/config_122.architecture.yaml,llama_3_70b,8,/home/gensis2/research/archx/chiplet4ai/llama/description/workload/llama_3_70b/config_8.workload.yaml,/home/gensis2/research/archx/chiplet4ai/llama/description/event/event.yaml,/home/gensis2/research/archx/chiplet4ai/llama/description/metric/metric.yaml,/home/gensis2/research/archx/chiplet4ai/llama/description/runs/llama_3_70b/arch_122/config_8,/home/gensis2/research/archx/chiplet4ai/llama/description/runs/llama_3_70b/arch_122/config_8/checkpoint.json
1205,122,/home/gensis2/research/archx/chiplet4ai/llama/description/architecture/config_122.architecture.yaml,llama_3_70b,7,/home/gensis2/research/archx/chiplet4ai/llama/description/workload/llama_3_70b/config_7.workload.yaml,/home/gensis2/research/archx/chiplet4ai/llama/description/event/event.yaml,/home/gensis2/research/archx/chiplet4ai/llama/description/metric/metric.yaml,/home/gensis2/research/archx/chiplet4ai/llama/description/runs/llama_3_70b/arch_122/config_7,/home/gensis2/research/archx/chiplet4ai/llama/description/runs/llama_3_70b/arch_122/config_7/checkpoint.json
1206,123,/home/gensis2/research/archx/chiplet4ai/llama/description/architecture/config_123.architecture.yaml,llama_3_8b,0,/home/gensis2/research/archx/chiplet4ai/llama/description/workload/llama_3_8b/config_0.workload.yaml,/home/gensis2/research/archx/chiplet4ai/llama/description/event/event.yaml,/home/gensis2/research/archx/chiplet4ai/llama/description/metric/metric.yaml,/home/gensis2/research/archx/chiplet4ai/llama/description/runs/llama_3_8b/arch_123/config_0,/home/gensis2/research/archx/chiplet4ai/llama/description/runs/llama_3_8b/arch_123/config_0/checkpoint.json
1207,123,/home/gensis2/research/archx/chiplet4ai/llama/description/architecture/config_123.architecture.yaml,llama_3_70b,7,/home/gensis2/research/archx/chiplet4ai/llama/description/workload/llama_3_70b/config_7.workload.yaml,/home/gensis2/research/archx/chiplet4ai/llama/description/event/event.yaml,/home/gensis2/research/archx/chiplet4ai/llama/description/metric/metric.yaml,/home/gensis2/research/archx/chiplet4ai/llama/description/runs/llama_3_70b/arch_123/config_7,/home/gensis2/research/archx/chiplet4ai/llama/description/runs/llama_3_70b/arch_123/config_7/checkpoint.json
1208,123,/home/gensis2/research/archx/chiplet4ai/llama/description/architecture/config_123.architecture.yaml,llama_3_70b,8,/home/gensis2/research/archx/chiplet4ai/llama/description/workload/llama_3_70b/config_8.workload.yaml,/home/gensis2/research/archx/chiplet4ai/llama/description/event/event.yaml,/home/gensis2/research/archx/chiplet4ai/llama/description/metric/metric.yaml,/home/gensis2/research/archx/chiplet4ai/llama/description/runs/llama_3_70b/arch_123/config_8,/home/gensis2/research/archx/chiplet4ai/llama/description/runs/llama_3_70b/arch_123/config_8/checkpoint.json
1209,123,/home/gensis2/research/archx/chiplet4ai/llama/description/architecture/config_123.architecture.yaml,llama_3_70b,9,/home/gensis2/research/archx/chiplet4ai/llama/description/workload/llama_3_70b/config_9.workload.yaml,/home/gensis2/research/archx/chiplet4ai/llama/description/event/event.yaml,/home/gensis2/research/archx/chiplet4ai/llama/description/metric/metric.yaml,/home/gensis2/research/archx/chiplet4ai/llama/description/runs/llama_3_70b/arch_123/config_9,/home/gensis2/research/archx/chiplet4ai/llama/description/runs/llama_3_70b/arch_123/config_9/checkpoint.json
1210,123,/home/gensis2/research/archx/chiplet4ai/llama/description/architecture/config_123.architecture.yaml,llama_3_8b,2,/home/gensis2/research/archx/chiplet4ai/llama/description/workload/llama_3_8b/config_2.workload.yaml,/home/gensis2/research/archx/chiplet4ai/llama/description/event/event.yaml,/home/gensis2/research/archx/chiplet4ai/llama/description/metric/metric.yaml,/home/gensis2/research/archx/chiplet4ai/llama/description/runs/llama_3_8b/arch_123/config_2,/home/gensis2/research/archx/chiplet4ai/llama/description/runs/llama_3_8b/arch_123/config_2/checkpoint.json
1211,122,/home/gensis2/research/archx/chiplet4ai/llama/description/architecture/config_122.architecture.yaml,llama_3_8b,2,/home/gensis2/research/archx/chiplet4ai/llama/description/workload/llama_3_8b/config_2.workload.yaml,/home/gensis2/research/archx/chiplet4ai/llama/description/event/event.yaml,/home/gensis2/research/archx/chiplet4ai/llama/description/metric/metric.yaml,/home/gensis2/research/archx/chiplet4ai/llama/description/runs/llama_3_8b/arch_122/config_2,/home/gensis2/research/archx/chiplet4ai/llama/description/runs/llama_3_8b/arch_122/config_2/checkpoint.json
1212,121,/home/gensis2/research/archx/chiplet4ai/llama/description/architecture/config_121.architecture.yaml,llama_3_8b,2,/home/gensis2/research/archx/chiplet4ai/llama/description/workload/llama_3_8b/config_2.workload.yaml,/home/gensis2/research/archx/chiplet4ai/llama/description/event/event.yaml,/home/gensis2/research/archx/chiplet4ai/llama/description/metric/metric.yaml,/home/gensis2/research/archx/chiplet4ai/llama/description/runs/llama_3_8b/arch_121/config_2,/home/gensis2/research/archx/chiplet4ai/llama/description/runs/llama_3_8b/arch_121/config_2/checkpoint.json
1213,120,/home/gensis2/research/archx/chiplet4ai/llama/description/architecture/config_120.architecture.yaml,llama_3_8b,2,/home/gensis2/research/archx/chiplet4ai/llama/description/workload/llama_3_8b/config_2.workload.yaml,/home/gensis2/research/archx/chiplet4ai/llama/description/event/event.yaml,/home/gensis2/research/archx/chiplet4ai/llama/description/metric/metric.yaml,/home/gensis2/research/archx/chiplet4ai/llama/description/runs/llama_3_8b/arch_120/config_2,/home/gensis2/research/archx/chiplet4ai/llama/description/runs/llama_3_8b/arch_120/config_2/checkpoint.json
1214,119,/home/gensis2/research/archx/chiplet4ai/llama/description/architecture/config_119.architecture.yaml,llama_3_8b,2,/home/gensis2/research/archx/chiplet4ai/llama/description/workload/llama_3_8b/config_2.workload.yaml,/home/gensis2/research/archx/chiplet4ai/llama/description/event/event.yaml,/home/gensis2/research/archx/chiplet4ai/llama/description/metric/metric.yaml,/home/gensis2/research/archx/chiplet4ai/llama/description/runs/llama_3_8b/arch_119/config_2,/home/gensis2/research/archx/chiplet4ai/llama/description/runs/llama_3_8b/arch_119/config_2/checkpoint.json
1215,119,/home/gensis2/research/archx/chiplet4ai/llama/description/architecture/config_119.architecture.yaml,llama_3_8b,4,/home/gensis2/research/archx/chiplet4ai/llama/description/workload/llama_3_8b/config_4.workload.yaml,/home/gensis2/research/archx/chiplet4ai/llama/description/event/event.yaml,/home/gensis2/research/archx/chiplet4ai/llama/description/metric/metric.yaml,/home/gensis2/research/archx/chiplet4ai/llama/description/runs/llama_3_8b/arch_119/config_4,/home/gensis2/research/archx/chiplet4ai/llama/description/runs/llama_3_8b/arch_119/config_4/checkpoint.json
1216,120,/home/gensis2/research/archx/chiplet4ai/llama/description/architecture/config_120.architecture.yaml,llama_3_8b,4,/home/gensis2/research/archx/chiplet4ai/llama/description/workload/llama_3_8b/config_4.workload.yaml,/home/gensis2/research/archx/chiplet4ai/llama/description/event/event.yaml,/home/gensis2/research/archx/chiplet4ai/llama/description/metric/metric.yaml,/home/gensis2/research/archx/chiplet4ai/llama/description/runs/llama_3_8b/arch_120/config_4,/home/gensis2/research/archx/chiplet4ai/llama/description/runs/llama_3_8b/arch_120/config_4/checkpoint.json
1217,121,/home/gensis2/research/archx/chiplet4ai/llama/description/architecture/config_121.architecture.yaml,llama_3_8b,4,/home/gensis2/research/archx/chiplet4ai/llama/description/workload/llama_3_8b/config_4.workload.yaml,/home/gensis2/research/archx/chiplet4ai/llama/description/event/event.yaml,/home/gensis2/research/archx/chiplet4ai/llama/description/metric/metric.yaml,/home/gensis2/research/archx/chiplet4ai/llama/description/runs/llama_3_8b/arch_121/config_4,/home/gensis2/research/archx/chiplet4ai/llama/description/runs/llama_3_8b/arch_121/config_4/checkpoint.json
1218,122,/home/gensis2/research/archx/chiplet4ai/llama/description/architecture/config_122.architecture.yaml,llama_3_8b,4,/home/gensis2/research/archx/chiplet4ai/llama/description/workload/llama_3_8b/config_4.workload.yaml,/home/gensis2/research/archx/chiplet4ai/llama/description/event/event.yaml,/home/gensis2/research/archx/chiplet4ai/llama/description/metric/metric.yaml,/home/gensis2/research/archx/chiplet4ai/llama/description/runs/llama_3_8b/arch_122/config_4,/home/gensis2/research/archx/chiplet4ai/llama/description/runs/llama_3_8b/arch_122/config_4/checkpoint.json
1219,123,/home/gensis2/research/archx/chiplet4ai/llama/description/architecture/config_123.architecture.yaml,llama_3_8b,4,/home/gensis2/research/archx/chiplet4ai/llama/description/workload/llama_3_8b/config_4.workload.yaml,/home/gensis2/research/archx/chiplet4ai/llama/description/event/event.yaml,/home/gensis2/research/archx/chiplet4ai/llama/description/metric/metric.yaml,/home/gensis2/research/archx/chiplet4ai/llama/description/runs/llama_3_8b/arch_123/config_4,/home/gensis2/research/archx/chiplet4ai/llama/description/runs/llama_3_8b/arch_123/config_4/checkpoint.json
1220,123,/home/gensis2/research/archx/chiplet4ai/llama/description/architecture/config_123.architecture.yaml,llama_3_8b,5,/home/gensis2/research/archx/chiplet4ai/llama/description/workload/llama_3_8b/config_5.workload.yaml,/home/gensis2/research/archx/chiplet4ai/llama/description/event/event.yaml,/home/gensis2/research/archx/chiplet4ai/llama/description/metric/metric.yaml,/home/gensis2/research/archx/chiplet4ai/llama/description/runs/llama_3_8b/arch_123/config_5,/home/gensis2/research/archx/chiplet4ai/llama/description/runs/llama_3_8b/arch_123/config_5/checkpoint.json
1221,123,/home/gensis2/research/archx/chiplet4ai/llama/description/architecture/config_123.architecture.yaml,llama_3_8b,6,/home/gensis2/research/archx/chiplet4ai/llama/description/workload/llama_3_8b/config_6.workload.yaml,/home/gensis2/research/archx/chiplet4ai/llama/description/event/event.yaml,/home/gensis2/research/archx/chiplet4ai/llama/description/metric/metric.yaml,/home/gensis2/research/archx/chiplet4ai/llama/description/runs/llama_3_8b/arch_123/config_6,/home/gensis2/research/archx/chiplet4ai/llama/description/runs/llama_3_8b/arch_123/config_6/checkpoint.json
1222,122,/home/gensis2/research/archx/chiplet4ai/llama/description/architecture/config_122.architecture.yaml,llama_3_8b,6,/home/gensis2/research/archx/chiplet4ai/llama/description/workload/llama_3_8b/config_6.workload.yaml,/home/gensis2/research/archx/chiplet4ai/llama/description/event/event.yaml,/home/gensis2/research/archx/chiplet4ai/llama/description/metric/metric.yaml,/home/gensis2/research/archx/chiplet4ai/llama/description/runs/llama_3_8b/arch_122/config_6,/home/gensis2/research/archx/chiplet4ai/llama/description/runs/llama_3_8b/arch_122/config_6/checkpoint.json
1223,122,/home/gensis2/research/archx/chiplet4ai/llama/description/architecture/config_122.architecture.yaml,llama_3_8b,5,/home/gensis2/research/archx/chiplet4ai/llama/description/workload/llama_3_8b/config_5.workload.yaml,/home/gensis2/research/archx/chiplet4ai/llama/description/event/event.yaml,/home/gensis2/research/archx/chiplet4ai/llama/description/metric/metric.yaml,/home/gensis2/research/archx/chiplet4ai/llama/description/runs/llama_3_8b/arch_122/config_5,/home/gensis2/research/archx/chiplet4ai/llama/description/runs/llama_3_8b/arch_122/config_5/checkpoint.json
1224,121,/home/gensis2/research/archx/chiplet4ai/llama/description/architecture/config_121.architecture.yaml,llama_3_8b,5,/home/gensis2/research/archx/chiplet4ai/llama/description/workload/llama_3_8b/config_5.workload.yaml,/home/gensis2/research/archx/chiplet4ai/llama/description/event/event.yaml,/home/gensis2/research/archx/chiplet4ai/llama/description/metric/metric.yaml,/home/gensis2/research/archx/chiplet4ai/llama/description/runs/llama_3_8b/arch_121/config_5,/home/gensis2/research/archx/chiplet4ai/llama/description/runs/llama_3_8b/arch_121/config_5/checkpoint.json
1225,121,/home/gensis2/research/archx/chiplet4ai/llama/description/architecture/config_121.architecture.yaml,llama_3_8b,6,/home/gensis2/research/archx/chiplet4ai/llama/description/workload/llama_3_8b/config_6.workload.yaml,/home/gensis2/research/archx/chiplet4ai/llama/description/event/event.yaml,/home/gensis2/research/archx/chiplet4ai/llama/description/metric/metric.yaml,/home/gensis2/research/archx/chiplet4ai/llama/description/runs/llama_3_8b/arch_121/config_6,/home/gensis2/research/archx/chiplet4ai/llama/description/runs/llama_3_8b/arch_121/config_6/checkpoint.json
1226,120,/home/gensis2/research/archx/chiplet4ai/llama/description/architecture/config_120.architecture.yaml,llama_3_8b,6,/home/gensis2/research/archx/chiplet4ai/llama/description/workload/llama_3_8b/config_6.workload.yaml,/home/gensis2/research/archx/chiplet4ai/llama/description/event/event.yaml,/home/gensis2/research/archx/chiplet4ai/llama/description/metric/metric.yaml,/home/gensis2/research/archx/chiplet4ai/llama/description/runs/llama_3_8b/arch_120/config_6,/home/gensis2/research/archx/chiplet4ai/llama/description/runs/llama_3_8b/arch_120/config_6/checkpoint.json
1227,120,/home/gensis2/research/archx/chiplet4ai/llama/description/architecture/config_120.architecture.yaml,llama_3_8b,5,/home/gensis2/research/archx/chiplet4ai/llama/description/workload/llama_3_8b/config_5.workload.yaml,/home/gensis2/research/archx/chiplet4ai/llama/description/event/event.yaml,/home/gensis2/research/archx/chiplet4ai/llama/description/metric/metric.yaml,/home/gensis2/research/archx/chiplet4ai/llama/description/runs/llama_3_8b/arch_120/config_5,/home/gensis2/research/archx/chiplet4ai/llama/description/runs/llama_3_8b/arch_120/config_5/checkpoint.json
1228,119,/home/gensis2/research/archx/chiplet4ai/llama/description/architecture/config_119.architecture.yaml,llama_3_8b,5,/home/gensis2/research/archx/chiplet4ai/llama/description/workload/llama_3_8b/config_5.workload.yaml,/home/gensis2/research/archx/chiplet4ai/llama/description/event/event.yaml,/home/gensis2/research/archx/chiplet4ai/llama/description/metric/metric.yaml,/home/gensis2/research/archx/chiplet4ai/llama/description/runs/llama_3_8b/arch_119/config_5,/home/gensis2/research/archx/chiplet4ai/llama/description/runs/llama_3_8b/arch_119/config_5/checkpoint.json
1229,119,/home/gensis2/research/archx/chiplet4ai/llama/description/architecture/config_119.architecture.yaml,llama_3_8b,6,/home/gensis2/research/archx/chiplet4ai/llama/description/workload/llama_3_8b/config_6.workload.yaml,/home/gensis2/research/archx/chiplet4ai/llama/description/event/event.yaml,/home/gensis2/research/archx/chiplet4ai/llama/description/metric/metric.yaml,/home/gensis2/research/archx/chiplet4ai/llama/description/runs/llama_3_8b/arch_119/config_6,/home/gensis2/research/archx/chiplet4ai/llama/description/runs/llama_3_8b/arch_119/config_6/checkpoint.json
1230,119,/home/gensis2/research/archx/chiplet4ai/llama/description/architecture/config_119.architecture.yaml,llama_3_70b,3,/home/gensis2/research/archx/chiplet4ai/llama/description/workload/llama_3_70b/config_3.workload.yaml,/home/gensis2/research/archx/chiplet4ai/llama/description/event/event.yaml,/home/gensis2/research/archx/chiplet4ai/llama/description/metric/metric.yaml,/home/gensis2/research/archx/chiplet4ai/llama/description/runs/llama_3_70b/arch_119/config_3,/home/gensis2/research/archx/chiplet4ai/llama/description/runs/llama_3_70b/arch_119/config_3/checkpoint.json
1231,119,/home/gensis2/research/archx/chiplet4ai/llama/description/architecture/config_119.architecture.yaml,llama_3_70b,1,/home/gensis2/research/archx/chiplet4ai/llama/description/workload/llama_3_70b/config_1.workload.yaml,/home/gensis2/research/archx/chiplet4ai/llama/description/event/event.yaml,/home/gensis2/research/archx/chiplet4ai/llama/description/metric/metric.yaml,/home/gensis2/research/archx/chiplet4ai/llama/description/runs/llama_3_70b/arch_119/config_1,/home/gensis2/research/archx/chiplet4ai/llama/description/runs/llama_3_70b/arch_119/config_1/checkpoint.json
1232,120,/home/gensis2/research/archx/chiplet4ai/llama/description/architecture/config_120.architecture.yaml,llama_3_70b,3,/home/gensis2/research/archx/chiplet4ai/llama/description/workload/llama_3_70b/config_3.workload.yaml,/home/gensis2/research/archx/chiplet4ai/llama/description/event/event.yaml,/home/gensis2/research/archx/chiplet4ai/llama/description/metric/metric.yaml,/home/gensis2/research/archx/chiplet4ai/llama/description/runs/llama_3_70b/arch_120/config_3,/home/gensis2/research/archx/chiplet4ai/llama/description/runs/llama_3_70b/arch_120/config_3/checkpoint.json
1233,120,/home/gensis2/research/archx/chiplet4ai/llama/description/architecture/config_120.architecture.yaml,llama_3_70b,1,/home/gensis2/research/archx/chiplet4ai/llama/description/workload/llama_3_70b/config_1.workload.yaml,/home/gensis2/research/archx/chiplet4ai/llama/description/event/event.yaml,/home/gensis2/research/archx/chiplet4ai/llama/description/metric/metric.yaml,/home/gensis2/research/archx/chiplet4ai/llama/description/runs/llama_3_70b/arch_120/config_1,/home/gensis2/research/archx/chiplet4ai/llama/description/runs/llama_3_70b/arch_120/config_1/checkpoint.json
1234,121,/home/gensis2/research/archx/chiplet4ai/llama/description/architecture/config_121.architecture.yaml,llama_3_70b,3,/home/gensis2/research/archx/chiplet4ai/llama/description/workload/llama_3_70b/config_3.workload.yaml,/home/gensis2/research/archx/chiplet4ai/llama/description/event/event.yaml,/home/gensis2/research/archx/chiplet4ai/llama/description/metric/metric.yaml,/home/gensis2/research/archx/chiplet4ai/llama/description/runs/llama_3_70b/arch_121/config_3,/home/gensis2/research/archx/chiplet4ai/llama/description/runs/llama_3_70b/arch_121/config_3/checkpoint.json
1235,121,/home/gensis2/research/archx/chiplet4ai/llama/description/architecture/config_121.architecture.yaml,llama_3_70b,1,/home/gensis2/research/archx/chiplet4ai/llama/description/workload/llama_3_70b/config_1.workload.yaml,/home/gensis2/research/archx/chiplet4ai/llama/description/event/event.yaml,/home/gensis2/research/archx/chiplet4ai/llama/description/metric/metric.yaml,/home/gensis2/research/archx/chiplet4ai/llama/description/runs/llama_3_70b/arch_121/config_1,/home/gensis2/research/archx/chiplet4ai/llama/description/runs/llama_3_70b/arch_121/config_1/checkpoint.json
1236,122,/home/gensis2/research/archx/chiplet4ai/llama/description/architecture/config_122.architecture.yaml,llama_3_70b,3,/home/gensis2/research/archx/chiplet4ai/llama/description/workload/llama_3_70b/config_3.workload.yaml,/home/gensis2/research/archx/chiplet4ai/llama/description/event/event.yaml,/home/gensis2/research/archx/chiplet4ai/llama/description/metric/metric.yaml,/home/gensis2/research/archx/chiplet4ai/llama/description/runs/llama_3_70b/arch_122/config_3,/home/gensis2/research/archx/chiplet4ai/llama/description/runs/llama_3_70b/arch_122/config_3/checkpoint.json
1237,122,/home/gensis2/research/archx/chiplet4ai/llama/description/architecture/config_122.architecture.yaml,llama_3_70b,1,/home/gensis2/research/archx/chiplet4ai/llama/description/workload/llama_3_70b/config_1.workload.yaml,/home/gensis2/research/archx/chiplet4ai/llama/description/event/event.yaml,/home/gensis2/research/archx/chiplet4ai/llama/description/metric/metric.yaml,/home/gensis2/research/archx/chiplet4ai/llama/description/runs/llama_3_70b/arch_122/config_1,/home/gensis2/research/archx/chiplet4ai/llama/description/runs/llama_3_70b/arch_122/config_1/checkpoint.json
1238,123,/home/gensis2/research/archx/chiplet4ai/llama/description/architecture/config_123.architecture.yaml,llama_3_70b,3,/home/gensis2/research/archx/chiplet4ai/llama/description/workload/llama_3_70b/config_3.workload.yaml,/home/gensis2/research/archx/chiplet4ai/llama/description/event/event.yaml,/home/gensis2/research/archx/chiplet4ai/llama/description/metric/metric.yaml,/home/gensis2/research/archx/chiplet4ai/llama/description/runs/llama_3_70b/arch_123/config_3,/home/gensis2/research/archx/chiplet4ai/llama/description/runs/llama_3_70b/arch_123/config_3/checkpoint.json
1239,123,/home/gensis2/research/archx/chiplet4ai/llama/description/architecture/config_123.architecture.yaml,llama_3_70b,1,/home/gensis2/research/archx/chiplet4ai/llama/description/workload/llama_3_70b/config_1.workload.yaml,/home/gensis2/research/archx/chiplet4ai/llama/description/event/event.yaml,/home/gensis2/research/archx/chiplet4ai/llama/description/metric/metric.yaml,/home/gensis2/research/archx/chiplet4ai/llama/description/runs/llama_3_70b/arch_123/config_1,/home/gensis2/research/archx/chiplet4ai/llama/description/runs/llama_3_70b/arch_123/config_1/checkpoint.json
