model,array_dim,array_m,array_n,pe_count,batch_size,frequency,max_seq_len,cycle_count,llama_cycle_count,runtime_ms,runtime_ms_per_sequence,throughput_tokens_per_s,total_data_moved,window_cycle_count,average_bandwidth,peak_bandwidth,peak_phase
deepseek_v4,32x32,32,32,1024,32,1000,1048576,1.3853414902253304e+17,1.3853414902253304e+17,138534149022.533,4329192156.954156,0.24173747943225846,2.275260906549969e+18,1.3853414902253304e+17,16.423827067937527,120.7804586062398,prefill
deepseek_v4,32x32,32,32,1024,64,1000,1048576,2.770694327259329e+17,2.770694327259329e+17,277069432725.9328,4329209886.3427,0.2417364894461384,4.478769359677194e+18,2.770694327259329e+17,16.164790592787735,98.44053389125268,prefill
deepseek_v4,32x32,32,32,1024,128,1000,1048576,5.541388654518658e+17,5.541388654518658e+17,554138865451.8656,4329209886.3427,0.2417364894461384,8.885786265931645e+18,5.541388654518658e+17,16.035305985415476,98.68947337942738,prefill
deepseek_v4,32x32,32,32,1024,256,1000,1048576,1.1082748942015645e+18,1.1082748942015645e+18,1108274894201.5642,4329198805.47486,0.24173710818651317,1.7699820014995931e+19,1.1082748942015645e+18,15.970604502186642,112.05360241204312,prefill
deepseek_v4,32x32,32,32,1024,512,1000,1048576,2.216546951700962e+18,2.216546951700962e+18,2216546951700.9614,4329193265.04094,0.24173741755788838,3.5625367569499587e+19,2.216546951700962e+18,16.07246241373815,120.17539644849396,prefill
deepseek_v4,32x64,32,64,2048,32,1000,1048576,6.927061155146513e+16,6.9270611551465144e+16,69270611551.4651,2164706610.9832845,0.48345027205540375,2.275260906549969e+18,6.927061155146513e+16,32.845976895404576,197.2852524563071,prefill
deepseek_v4,32x64,32,64,2048,64,1000,1048576,1.3854122182367925e+17,1.3854122182367928e+17,138541221823.6792,2164706590.9949875,0.4834502765194487,4.478769359677194e+18,1.3854122182367926e+17,32.32806308996828,198.37330841698756,prefill
deepseek_v4,32x64,32,64,2048,128,1000,1048576,2.7708173559117162e+17,2.7708173559117168e+17,277081735591.1715,2164701059.3060274,0.48345151193093705,8.885786265931645e+18,2.7708173559117165e+17,32.0691879851743,225.70856256808375,prefill
deepseek_v4,32x64,32,64,2048,256,1000,1048576,5.5416276312615635e+17,5.541627631261565e+17,554162763126.1561,2164698293.4615474,0.483452129639049,1.7699820014995931e+19,5.5416276312615635e+17,31.939749822141206,242.33602322475073,prefill
deepseek_v4,32x64,32,64,2048,512,1000,1048576,1.1083255249730618e+18,1.1083255249730619e+18,1108325524973.0613,2164698290.9630103,0.4834521301970588,3.5625367569499587e+19,1.1083255249730618e+18,32.143415239277715,242.5012619389025,prefill
deepseek_v4,32x128,32,128,4096,32,1000,1048576,3.463903379166007e+16,3.4639033791660076e+16,34639033791.66007,1082469805.9893773,0.9667964817212371,2.275260906549969e+18,3.463903379166007e+16,65.68488371340705,385.4900314531562,prefill
deepseek_v4,32x128,32,128,4096,64,1000,1048576,6.927788929002242e+16,6.9277889290022424e+16,69277889290.02242,1082467020.1566002,0.9667989698647808,4.478769359677194e+18,6.927788929002242e+16,64.64933336706375,438.7575958722417,prefill
deepseek_v4,32x128,32,128,4096,128,1000,1048576,1.3855560156599811e+17,1.3855560156599813e+17,138555601565.9981,1082465637.2343602,0.9668002050151182,8.885786265931645e+18,1.3855560156599811e+17,64.13155560296191,470.817442072468,prefill
deepseek_v4,32x128,32,128,4096,256,1000,1048576,2.7711120313199622e+17,2.7711120313199626e+17,277111203131.9962,1082465637.2343602,0.9668002050151182,1.7699820014995931e+19,2.7711120313199622e+17,63.87262519503763,471.3986397659672,prefill
deepseek_v4,32x128,32,128,4096,512,1000,1048576,5.5422240498474144e+17,5.542224049847415e+17,554222404984.7415,1082465634.7358232,0.9668002072466774,3.5625367569499587e+19,5.5422240498474144e+17,64.27991226821732,471.7492097940303,prefill
deepseek_v4,32x256,32,256,8192,32,1000,1048576,1.7323180082463822e+16,1.7468158144660558e+16,17468158144.66056,545879942.0206425,1.9171395016386685,2.275260906549969e+18,1.7323180082463822e+16,131.34198777124098,826.0945178036268,prefill
deepseek_v4,32x256,32,256,8192,64,1000,1048576,3.4646314632164956e+16,3.4649663926236764e+16,34649663926.23676,541400998.8474494,1.9329997584560796,4.478769359677194e+18,3.4646314632164956e+16,129.27116223551215,887.0641141339775,prefill
deepseek_v4,32x256,32,256,8192,128,1000,1048576,6.929262926432991e+16,6.930411268047993e+16,69304112680.47992,541438380.3162494,1.9328663021426968,8.885786265931645e+18,6.929262926432991e+16,128.23566316173577,889.3073494946734,prefill
deepseek_v4,32x256,32,256,8192,256,1000,1048576,1.3858525852865982e+17,1.3861301018896626e+17,138613010188.96625,541457071.0506494,1.9327995808962386,1.7699820014995931e+19,1.3858525852865982e+17,127.71791316704554,890.4051494785972,prefill
deepseek_v4,32x256,32,256,8192,512,1000,1048576,2.7717047152455696e+17,2.772308039266879e+17,277230803926.6879,541466413.9193124,1.9327662309188955,3.5625367569499587e+19,2.7717047152455696e+17,128.53233381443818,898.6344176968023,prefill
deepseek_v4,32x512,32,512,16384,32,1000,1048576,8665248120030490.0,8882751716984090.0,8882751716.98409,277585991.15575284,3.7701037997007405,2.275260906549969e+18,8665248120030490.0,262.57308215912497,1583.0583111587762,prefill
deepseek_v4,32x512,32,512,16384,64,1000,1048576,1.7330494960809972e+16,1.7478851070883828e+16,17478851070.883827,273107047.9825598,3.8319333306507337,4.478769359677194e+18,1.7330494960809972e+16,258.43285894633624,1596.6068529183547,prefill
deepseek_v4,32x512,32,512,16384,128,1000,1048576,3.4660989921619944e+16,3.468061012840855e+16,34680610128.40856,270942266.6281919,3.8625498082073975,8.885786265931645e+18,3.4660989921619944e+16,256.3627376490219,1600.6444020566069,prefill
deepseek_v4,32x512,32,512,16384,256,1000,1048576,6.932196877928853e+16,6.93660050848235e+16,69366005084.8235,270960957.3625918,3.862283371694645,1.7699820014995931e+19,6.932196877928853e+16,255.3277168360536,1614.6914332001932,prefill
deepseek_v4,32x512,32,512,16384,512,1000,1048576,1.3864392521537469e+17,1.38821775140892e+17,138821775140.892,271136279.5720547,3.8597859410469795,3.5625367569499587e+19,1.3864392521537469e+17,256.9558494117777,1622.503782560418,prefill
deepseek_v4,64x32,64,32,2048,32,1000,1048576,6.927061123167287e+16,6.9850433154615864e+16,69850433154.61583,2182826036.0817447,0.47943719870528817,2.2744037107521618e+18,6.985043315461586e+16,32.56105378355646,98.85410205212406,prefill
deepseek_v4,64x32,64,32,2048,64,1000,1048576,1.3854122246334574e+17,1.3854122246334578e+17,138541222463.3457,2164706600.9897766,0.48345027428728315,4.4758244146632786e+18,1.3854122246334576e+17,32.30680612658416,99.35171308075473,prefill
deepseek_v4,64x32,64,32,2048,128,1000,1048576,2.7708173575114973e+17,2.770817357511498e+17,277081735751.14966,2164701060.5558567,0.4834515116518076,8.878665759040897e+18,2.7708173575114976e+17,32.043489748508456,113.04806285299351,prefill
deepseek_v4,64x32,64,32,2048,256,1000,1048576,5.541627623267577e+17,5.541627623267578e+17,554162762326.7576,2164698290.3388968,0.483452130336445,1.7684348447796134e+19,5.5416276232675776e+17,31.91183105401206,121.38498378698137,prefill
deepseek_v4,64x32,64,32,2048,512,1000,1048576,1.1083255246535154e+18,1.1083255246535156e+18,1108325524653.5151,2164698290.3388968,0.483452130336445,3.5443254497929232e+19,1.1083255246535155e+18,31.979101545107422,121.46070731680067,prefill
deepseek_v4,64x64,64,64,4096,32,1000,1048576,3.4636937989310656e+16,3.4926848950782144e+16,34926848950.782135,1091464029.7119417,0.9588295825710342,2.2744037107521618e+18,3.4926848950782144e+16,65.11906396014088,197.6111634083176,prefill
deepseek_v4,64x64,64,64,4096,64,1000,1048576,6.927387597862131e+16,6.927387597862131e+16,69273875978.62128,1082404312.1659575,0.966854980377742,4.4758244146632786e+18,6.927387597862131e+16,64.61056713564818,198.60589698286026,prefill
deepseek_v4,64x64,64,64,4096,128,1000,1048576,1.3854739736947174e+17,1.3854739736947174e+17,138547397369.47168,1082401541.9489975,0.9668574548735374,8.878665759040897e+18,1.3854739736947174e+17,64.08395919097407,225.9701631415641,prefill
deepseek_v4,64x64,64,64,4096,256,1000,1048576,2.770944401511726e+17,2.770944401511726e+17,277094440151.1725,1082400156.8405175,0.9668586921261848,1.7684348447796134e+19,2.770944401511726e+17,63.82065420781522,242.62492059967326,prefill
deepseek_v4,64x64,64,64,4096,512,1000,1048576,5.541888803023452e+17,5.541888803023452e+17,554188880302.345,1082400156.8405175,0.9668586921261848,3.5443254497929232e+19,5.541888803023452e+17,63.95518884931919,242.77627717473504,prefill
deepseek_v4,64x128,64,128,8192,32,1000,1048576,1.7320333105503144e+16,1.746551738237636e+16,17465517382.376358,545797418.1992612,1.9174293705030512,2.2744037107521618e+18,1.746551738237636e+16,130.22252138073827,386.0251396220839,prefill
deepseek_v4,64x128,64,128,8192,64,1000,1048576,3.464057770398293e+16,3.464057770398293e+16,34640577703.982925,541259026.6247332,1.9335067842214129,4.4758244146632786e+18,3.464057770398293e+16,129.2075568978936,438.8968224785066,prefill
deepseek_v4,64x128,64,128,8192,128,1000,1048576,6.928106634126506e+16,6.928106634126506e+16,69281066341.26506,541258330.7911333,1.933509269908763,8.878665759040897e+18,6.928106634126506e+16,128.15428843583783,471.0625473993147,prefill
deepseek_v4,64x128,64,128,8192,256,1000,1048576,1.3856213212285267e+17,1.3856213212285267e+17,138562132122.85266,541258328.6048932,1.9335092777185563,1.7684348447796134e+19,1.3856213212285267e+17,127.62757166667113,471.73060511024437,prefill
deepseek_v4,64x128,64,128,8192,512,1000,1048576,2.7712426424570534e+17,2.7712426424570534e+17,277124264245.7053,541258328.6048932,1.9335092777185563,3.5443254497929232e+19,2.7712426424570534e+17,127.89661199246108,472.0248845625152,prefill
deepseek_v4,64x256,64,256,16384,32,1000,1048576,8661998248952529.0,8879671571301074.0,8879671571.301075,277489736.6031586,3.7714115585350543,2.2744037107521618e+18,8734819183526610.0,260.3836053116661,826.7314054856254,prefill
deepseek_v4,64x256,64,256,16384,64,1000,1048576,1.7323974371149218e+16,1.7468977220863396e+16,17468977220.863396,272952769.07599056,3.834099223622988,4.4758244146632786e+18,1.732397437114922e+16,258.3601383131327,885.934332661501,prefill
deepseek_v4,64x256,64,256,16384,128,1000,1048576,3.4647948182620996e+16,3.465370062151969e+16,34653700621.51969,270732036.1056226,3.8655491793801255,8.878665759040897e+18,3.4647948182621e+16,256.2537242391262,888.8026260741926,prefill
deepseek_v4,64x256,64,256,16384,256,1000,1048576,6.929589580556455e+16,6.930978236654146e+16,69309782366.54146,270741337.3693026,3.865416379222844,1.7684348447796134e+19,6.929589580556456e+16,255.20051717660388,890.2385773136535,prefill
deepseek_v4,64x256,64,256,16384,512,1000,1048576,1.3859176948437326e+17,1.3862194641626243e+17,138621946416.26245,270745989.0942626,3.865349966959777,3.5443254497929232e+19,1.3859176948437328e+17,255.7385235053629,898.2411324769593,prefill
deepseek_v4,64x512,64,512,32768,32,1000,1048576,4332828266759618.0,8875632463888384.0,8875632463.888384,277363514.496512,3.7731278459595687,2.2744037107521618e+18,4369469405562306.5,520.5217154872078,1582.6030936795767,prefill
deepseek_v4,64x512,64,512,32768,64,1000,1048576,8665656533519236.0,1.7460899006038016e+16,17460899006.038017,272826546.969344,3.8358730542361497,4.4758244146632786e+18,8665656533519237.0,516.5014788378172,1590.5695891209566,prefill
deepseek_v4,64x512,64,512,32768,128,1000,1048576,1.7331312507361032e+16,3.463754419186893e+16,34637544191.86893,270605813.998976,3.867352236578185,8.878665759040897e+18,1.7331312507361032e+16,512.2904428196024,1596.7840989810668,prefill
deepseek_v4,64x512,64,512,32768,256,1000,1048576,3.4662618923068944e+16,6.899559266587443e+16,68995592665.87445,269514033.8510721,3.8830185762359593,1.7684348447796134e+19,3.4662618923068948e+16,510.18500613139486,1611.9077065768015,prefill
deepseek_v4,64x512,64,512,32768,512,1000,1048576,6.932523231416221e+16,1.3804194105542246e+17,138041941055.4225,269613166.12387204,3.881590854948009,3.5443254497929232e+19,6.932523231416221e+16,511.2605225368809,1618.9895774059994,prefill
deepseek_v4,128x32,128,32,4096,32,1000,1048576,3.463857476023799e+16,3.550830764465246e+16,35508307644.65246,1109634613.8953893,0.9431284739092155,2.2739752098887434e+18,3.5508307644652456e+16,64.04065303943608,97.24099314159241,prefill
deepseek_v4,128x32,128,32,4096,64,1000,1048576,6.927697222659054e+16,6.985679414953353e+16,69856794149.53351,1091512408.586461,0.9587870845694579,4.4743520727931617e+18,6.985679414953352e+16,64.05034939358207,110.55912820602215,prefill
deepseek_v4,128x32,128,32,4096,128,1000,1048576,1.3855376715929565e+17,1.3855376715929566e+17,138553767159.2956,1082451305.9319968,0.9668130051346129,8.875105798601998e+18,1.3855376715929565e+17,64.05531932161949,118.62833386408428,prefill
deepseek_v4,128x32,128,32,4096,256,1000,1048576,2.771075343185913e+17,2.7710753431859133e+17,277107534318.5912,1082451305.9319968,0.9668130051346129,1.7676613313664287e+19,2.771075343185913e+17,63.78972465375639,118.77352767357308,prefill
deepseek_v4,128x32,128,32,4096,512,1000,1048576,5.542150686371826e+17,5.5421506863718266e+17,554215068637.1824,1082451305.9319968,0.9668130051346129,3.5352203618824913e+19,5.542150686371826e+17,63.78787878459556,118.84612457831749,prefill
deepseek_v4,128x64,128,64,8192,32,1000,1048576,1.7320103749688232e+16,1.7754970191895464e+16,17754970191.895462,554842818.4967332,1.8861702181446938,2.2739752098887434e+18,1.7754970191895464e+16,128.07541692898675,194.29524062339738,prefill
deepseek_v4,128x64,128,64,8192,64,1000,1048576,3.4640118852433744e+16,3.493002981390523e+16,34930029813.90522,545781715.8422691,1.9174845357084969,4.4743520727931617e+18,3.493002981390523e+16,128.0947109587629,220.87796624446685,prefill
deepseek_v4,128x64,128,64,8192,128,1000,1048576,6.928014905792477e+16,6.928014905792477e+16,69280149057.92474,541251164.5150371,1.9335348699668715,8.875105798601998e+18,6.928014905792477e+16,128.10460022511745,236.98066166189514,prefill
deepseek_v4,128x64,128,64,8192,256,1000,1048576,1.3856029811584954e+17,1.3856029811584954e+17,138560298115.8495,541251164.5150371,1.9335348699668715,1.7676613313664287e+19,1.3856029811584954e+17,127.57343592668201,237.27071146636501,prefill
deepseek_v4,128x64,128,64,8192,512,1000,1048576,2.7712059623169907e+17,2.7712059623169907e+17,277120596231.699,541251164.5150371,1.9335348699668715,3.5352203618824913e+19,2.7712059623169907e+17,127.56974436236823,237.41573636859997,prefill
deepseek_v4,128x128,128,128,16384,32,1000,1048576,8660983290636665.0,8878759705946489.0,8878759705.94649,277461240.8108278,3.771798889609664,2.2739752098887434e+18,8878759705946489.0,256.11406155814353,380.991295742613,prefill
deepseek_v4,128x128,128,128,16384,64,1000,1048576,1.732192218784229e+16,1.7467106464715506e+16,17467106464.715504,272923538.51117975,3.834509862025445,4.4743520727931617e+18,1.7467106464715506e+16,256.1587451150878,432.09208753631475,prefill
deepseek_v4,128x128,128,128,16384,128,1000,1048576,3.464379998225354e+16,3.464379998225354e+16,34643799982.25354,270654687.3613558,3.86665389098827,8.875105798601998e+18,3.464379998225354e+16,256.18164875528424,462.9293347187844,prefill
deepseek_v4,128x128,128,128,16384,256,1000,1048576,6.928759996450708e+16,6.928759996450708e+16,69287599964.50708,270654687.3613558,3.86665389098827,1.7676613313664287e+19,6.928759996450708e+16,255.1194343969083,463.49593184986225,prefill
deepseek_v4,128x128,128,128,16384,512,1000,1048576,1.3857519992901416e+17,1.3857519992901416e+17,138575199929.01416,270654687.3613558,3.86665389098827,3.5352203618824913e+19,1.3857519992901416e+17,255.11205206223232,463.7792304154011,prefill
deepseek_v4,128x256,128,256,32768,32,1000,1048576,4331407173603131.0,8875484107685888.0,8875484107.685888,277358878.365184,3.7731909148482026,2.2739752098887434e+18,4440638575464251.0,512.0829293455859,817.7856762446296,prefill
deepseek_v4,128x256,128,256,32768,64,1000,1048576,8662803143908982.0,1.7460600823332864e+16,17460600823.332867,272821887.86457604,3.8359385612032635,4.4743520727931617e+18,8735624078483062.0,512.1960414727612,875.6818523539293,prefill
deepseek_v4,128x256,128,256,32768,128,1000,1048576,1.7325606147898604e+16,3.4630834254626816e+16,34630834254.626816,270553392.614272,3.868101559872269,8.875105798601998e+18,1.7325606147898604e+16,512.2536968023163,878.0051955387909,prefill
deepseek_v4,128x256,128,256,32768,256,1000,1048576,3.465121229579721e+16,6.897861416037581e+16,68978614160.37582,269447711.56396806,3.8839743485872944,1.7676613313664287e+19,3.465121229579721e+16,510.12972252656965,879.0798200820075,prefill
deepseek_v4,128x256,128,256,32768,512,1000,1048576,6.93024135282165e+16,1.379584084315177e+17,137958408431.51776,269450016.4678081,3.8839411246613578,3.5352203618824913e+19,6.93024135282165e+16,510.11504244987447,886.8451202284857,prefill
deepseek_v4,128x512,128,512,65536,32,1000,1048576,2166617838127562.2,8875482028883968.0,8875482028.883968,277358813.402624,3.773191798599248,2.2739752098887434e+18,2221579546331594.2,1023.5848694428557,1577.2260762891153,prefill
deepseek_v4,128x512,128,512,65536,64,1000,1048576,4333235536335764.5,1.7460596665729024e+16,17460596665.729027,272821822.90201604,3.8359394745920325,4.4743520727931617e+18,4369876675138452.5,1023.9080883561546,1586.6899433627173,prefill
deepseek_v4,128x512,128,512,65536,128,1000,1048576,8666470932752169.0,3.4630825939419136e+16,34630825939.419136,270553327.651712,3.868102488642142,8.875105798601998e+18,8666470932752169.0,1024.0737974509739,1591.4324858082202,prefill
deepseek_v4,128x512,128,512,65536,256,1000,1048576,1.7332939099516498e+16,6.897859752996045e+16,68978597529.96046,269447646.60140806,3.8839752849952376,1.7676613313664287e+19,1.7332939099516498e+16,1019.8278094773536,1605.2377886187965,prefill
deepseek_v4,128x512,128,512,65536,512,1000,1048576,3.4665875433045156e+16,1.377065686788178e+17,137706568678.8178,268958141.95081604,3.891044132032177,3.5352203618824913e+19,3.4665875433045156e+16,1019.7983803151129,1612.2177791707502,prefill
deepseek_v4,256x32,256,32,8192,32,1000,1048576,1.732249162526715e+16,3.5514362467413916e+16,35514362467.41392,1109823827.106685,0.9429676804906078,2.27376109055053e+18,3.5514362467413916e+16,64.02370569475411,106.05035994544326,prefill
deepseek_v4,256x32,256,32,8192,64,1000,1048576,3.464493892706294e+16,6.986903676547052e+16,69869036765.47054,1091703699.460477,0.9586190836553883,4.4736161957909955e+18,6.986903676547052e+16,64.02859410825411,113.57673659979356,prefill
deepseek_v4,256x32,256,32,8192,128,1000,1048576,6.928987785412588e+16,1.3857842968505509e+17,138578429685.05508,1082643981.9144928,0.9666409433592129,8.873326469716541e+18,1.3857842968505509e+17,64.03107965563476,113.84294577288641,prefill
deepseek_v4,256x32,256,32,8192,256,1000,1048576,1.3857975570825176e+17,2.7599721552422422e+17,275997215524.22424,1078114123.141501,0.9707024307876957,1.7672747017567633e+19,2.7599721552422422e+17,64.03233809442726,113.97605035943285,prefill
deepseek_v4,256x32,256,32,8192,512,1000,1048576,2.7715946709303216e+17,5.519943867249771e+17,551994386724.977,1078114036.5722208,0.9707025087321504,3.530669053406757e+19,5.519943867249771e+17,63.96204632359531,114.99156431206694,prefill
deepseek_v4,256x64,256,64,16384,32,1000,1048576,8661654180250321.0,1.7757997806159268e+16,17757997806.159267,554937431.4424771,1.8858486393316565,2.27376109055053e+18,1.7757997603276194e+16,128.04152480181895,211.66303422112645,prefill
deepseek_v4,256x64,256,64,16384,64,1000,1048576,1.7323286198764962e+16,3.493615156261972e+16,34936151562.61971,545877368.165933,1.9171485411021505,4.4736161957909955e+18,3.4936151121873736e+16,128.0512034707234,226.6534574045111,prefill
deepseek_v4,256x64,256,64,16384,128,1000,1048576,3.4646572397529924e+16,6.929248120229646e+16,69292481202.29645,541347509.392941,1.933190754259793,8.873326469716541e+18,6.929248032080449e+16,128.05612425238007,227.18470377837815,prefill
deepseek_v4,256x64,256,64,16384,256,1000,1048576,6.929314479505985e+16,1.3800605566619984e+17,138006055666.1998,539086154.946093,1.9413000879324191,1.7672747017567633e+19,1.38005138718666e+17,128.058615654848,227.45032696531163,prefill
deepseek_v4,256x64,256,64,16384,512,1000,1048576,1.3858626742838402e+17,2.7601208920564384e+17,276012089205.64374,539086111.7297729,1.9413002435584763,3.530669053406757e+19,2.7601025527559635e+17,127.91803876567492,229.47262752745553,prefill
deepseek_v4,256x128,256,128,32768,32,1000,1048576,4331292460715835.0,8880271378308727.0,8880271378.308727,277508480.5721477,3.7711568231801107,2.27376109055053e+18,8880271175425654.0,256.04635777820636,415.9940327202749,prefill
deepseek_v4,256x128,256,128,32768,64,1000,1048576,8662573823073910.0,1.7470163139493102e+16,17470163139.493103,272971299.05457973,3.833838955320904,4.4736161957909955e+18,1.7470162698747116e+16,256.0718107171276,444.98754181338666,prefill
deepseek_v4,256x128,256,128,32768,128,1000,1048576,1.732514764614782e+16,3.4649957725239772e+16,34649957725.23977,270702794.7284357,3.8659667368778314,8.873326469716541e+18,3.46499568437478e+16,256.08477695168136,446.0305350273947,prefill
deepseek_v4,256x128,256,128,32768,256,1000,1048576,3.465029529229564e+16,6.9010462081283e+16,69010462081.283,269572117.50501174,3.8821819173510907,1.7672747017567633e+19,6.900954513374917e+16,256.091341905176,446.55203163439876,prefill
deepseek_v4,256x128,256,128,32768,512,1000,1048576,6.930057948623352e+16,1.3802091309918808e+17,138020913099.18808,269572095.8968517,3.8821822285361476,3.530669053406757e+19,1.3801907916914058e+17,255.81021657737392,450.45876091573507,prefill
deepseek_v4,256x256,256,256,65536,32,1000,1048576,2166109508699356.8,8875409697718272.0,8875409697.718271,277356553.053696,3.773222548657046,2.27376109055053e+18,4441403137370553.5,511.9465673851588,793.254456257802,prefill
deepseek_v4,256x256,256,256,65536,64,1000,1048576,4332213450729913.5,1.7460451478126592e+16,17460451478.126595,272819554.34572804,3.8359713712961985,4.4736161957909955e+18,8737158838924147.0,512.0218458042656,846.1251592314183,prefill
deepseek_v4,256x256,256,256,65536,128,1000,1048576,8664426901459827.0,3.463053503894323e+16,34630535038.94323,270551054.991744,3.868134981147774,8.873326469716541e+18,1.7328675808700134e+16,512.060273253052,848.1083671110895,prefill
deepseek_v4,256x256,256,256,65536,256,1000,1048576,1.7328853802919654e+16,6.89716173451264e+16,68971617345.12642,269420380.2544001,3.884368357775371,1.7672747017567633e+19,3.4511709748252108e+16,512.0797302272946,849.0999710509251,prefill
deepseek_v4,256x256,256,256,65536,512,1000,1048576,3.4657702039170508e+16,1.376607797972009e+17,137660779797.2009,268868710.541408,3.89233837545714,3.530669053406757e+19,6.9023413929835416e+16,511.5175927107574,856.2009630447452,prefill
deepseek_v4,256x512,256,512,131072,32,1000,1048576,1083511862522756.8,8875407618916352.0,8875407618.916351,277356488.091136,3.7732234324229097,2.27376109055053e+18,2221960973063945.5,1023.312793570427,1533.3722313066994,prefill
deepseek_v4,256x512,256,512,131072,64,1000,1048576,2167023690065673.5,1.7460447320522752e+16,17460447320.522755,272819489.38316804,3.835972284700592,4.4736161957909955e+18,4370639633542675.0,1023.5609821175881,1540.3925707022506,prefill
deepseek_v4,256x512,256,512,131072,128,1000,1048576,4334047380131347.0,3.463052672373555e+16,34630526723.73555,270550990.029184,3.8681359099336965,8.873326469716541e+18,8667996989479974.0,1023.6882269901303,1544.0030515521275,prefill
deepseek_v4,256x512,256,512,131072,256,1000,1048576,8668093377268774.0,6.897160071471104e+16,68971600714.71106,269420315.2918401,3.884369294373312,1.7672747017567633e+19,1.7262710318360652e+16,1023.752741698438,1556.8191036685269,prefill
deepseek_v4,256x512,256,512,131072,512,1000,1048576,1.7336185336563788e+16,1.3766074653637018e+17,137660746536.37018,268868645.578848,3.8923393159024813,3.530669053406757e+19,3.4525419218747544e+16,1022.62887266828,1563.2731975510121,prefill
deepseek_v4,512x32,512,32,16384,32,1000,1048576,8664441244205210.0,3.552694819086807e+16,35526948190.868065,1110217130.964627,0.9426336261724858,2.273654609401512e+18,3.552694797049508e+16,63.99802795584266,108.25785551951327,prefill
deepseek_v4,512x32,512,32,16384,64,1000,1048576,1.732888248841042e+16,6.989425253585019e+16,69894252535.85017,1092097695.872659,0.9582732423620346,4.4732494807054746e+18,6.989425209510421e+16,64.00024818376741,108.71543992082454,prefill
deepseek_v4,512x32,512,32,16384,128,1000,1048576,3.465776497682084e+16,1.3862886122581443e+17,138628861225.8144,1083037978.326675,0.9662892908122355,8.8724392233134e+18,1.3862886034432246e+17,64.00138615636227,108.94423212148017,prefill
deepseek_v4,512x32,512,32,16384,256,1000,1048576,6.931551887277384e+16,2.76098067542365e+17,276098067542.365,1078508076.3373632,0.9703478564147907,1.7670818645084635e+19,2.7609806576189114e+17,64.001964650937,109.8454240755891,prefill
deepseek_v4,512x32,512,32,16384,512,1000,1048576,1.3863102666467984e+17,5.510383105445659e+17,551038310544.5658,1076246700.282355,0.972386721116489,3.528423328160668e+19,5.510364765970285e+17,64.03248202280072,110.30118609576402,prefill
deepseek_v4,512x64,512,64,32768,32,1000,1048576,4332424988743106.0,1.776429068887425e+16,17764290688.874245,555134084.0273201,1.8851805898996046,2.273654609401512e+18,1.7764290354816776e+16,127.99017376931198,215.6552772755631,prefill
deepseek_v4,512x64,512,64,32768,64,1000,1048576,8664849977486212.0,3.4948759454805524e+16,34948759454.80552,546074366.4813362,1.9164569227875823,4.4732494807054746e+18,3.4948758786690576e+16,127.99451642926465,216.56680919597844,prefill
deepseek_v4,512x64,512,64,32768,128,1000,1048576,1.7329699954972424e+16,6.931769698666807e+16,69317696986.66803,541544507.708344,1.932487515067961,8.8724392233134e+18,6.931769565043818e+16,127.9967422468308,217.02257515618612,prefill
deepseek_v4,512x64,512,64,32768,256,1000,1048576,3.465939436951093e+16,1.380564817032541e+17,138056481703.2541,539283131.6533363,1.9405910153198198,1.7670818645084635e+19,1.3805556383749946e+17,127.99787385522801,218.8111754361281,prefill
deepseek_v4,512x64,512,64,32768,512,1000,1048576,6.931878319858794e+16,2.7553405113642614e+17,275534051136.426,538152443.6258321,1.9446683042986097,3.528423328160668e+19,2.75531300211622e+17,128.05889296245692,219.71568743730606,prefill
deepseek_v4,512x128,512,128,65536,32,1000,1048576,2166444855478730.2,8883416780265258.0,8883416780.265257,277606774.3832893,3.769821548212897,2.273654609401512e+18,8883416446207785.0,255.94371525519395,427.0719419729241,prefill
deepseek_v4,512x128,512,128,65536,64,1000,1048576,4332889710957460.5,1.7476465006784084e+16,17476465006.784077,273069765.7310012,3.832456505019769,4.4732494807054746e+18,1.7476464338669138e+16,255.9584933210879,428.8770900422879,prefill
deepseek_v4,512x128,512,128,65536,128,1000,1048576,8665779421914921.0,3.4662561459821736e+16,34662561459.821724,270801261.4048572,3.8645610237221333,8.8724392233134e+18,3.4662560123591844e+16,255.9660680480057,429.77966407696977,prefill
deepseek_v4,512x128,512,128,65536,256,1000,1048576,1.7331556069240402e+16,6.903566678460245e+16,69035666784.60243,269670573.37735325,3.880764545027243,1.7670818645084635e+19,6.9034748918847816e+16,255.96991257051073,433.2945538551005,prefill
deepseek_v4,512x128,512,128,65536,512,1000,1048576,3.4663109363891364e+16,1.3778187743416387e+17,137781877434.16382,269105229.3636012,3.8889173669159174,3.528423328160668e+19,1.3777912650935976e+17,256.09273462195824,435.07189898061785,prefill
deepseek_v4,512x256,512,256,131072,32,1000,1048576,1083454062537604.8,8875372548702208.0,8875372548.702208,277355392.146944,3.7732383419664877,2.273654609401512e+18,4442974667773459.0,511.74151990853585,815.6554603123425,prefill
deepseek_v4,512x256,512,256,131072,64,1000,1048576,2166908125075209.5,1.7460376847499264e+16,17460376847.499264,272818388.242176,3.8359877673311957,4.4732494807054746e+18,8740307466398758.0,511.79543716310167,819.1030735473562,prefill
deepseek_v4,512x256,512,256,131072,128,1000,1048576,4333816250150419.0,3.4630385445093376e+16,34630385445.093376,270549886.289792,3.868151690439228,8.8724392233134e+18,1.7334973063649356e+16,511.82307527887065,820.8268801648632,prefill
deepseek_v4,512x256,512,256,131072,256,1000,1048576,8667631108633638.0,6.897131782483149e+16,68971317824.83151,269419210.2532481,3.8843852263403447,1.7670818645084635e+19,3.452430286648335e+16,511.837088019515,827.2782681581801,prefill
deepseek_v4,512x256,512,256,131072,512,1000,1048576,1.7335260825600076e+16,1.3765318258430771e+17,137653182584.3077,268853872.234976,3.892553197393949,3.528423328160668e+19,6.890296247215134e+16,512.085867075274,830.5389353501694,prefill
deepseek_v4,512x512,512,512,262144,32,1000,1048576,541956272443981.56,8875370469900288.0,8875370469.900288,277355327.184384,3.77323922573975,2.273654609401512e+18,2222747015733558.2,1022.9030084429797,1496.3959477835822,prefill
deepseek_v4,512x512,512,512,262144,64,1000,1048576,1083912544887963.1,1.7460372689895424e+16,17460372689.895424,272818323.279616,3.8359886807433976,4.4732494807054746e+18,4372211753861740.5,1023.1090652813174,1502.7209155247704,prefill
deepseek_v4,512x512,512,512,262144,128,1000,1048576,2167825089775926.2,3.4630377129885696e+16,34630377129.8857,270549821.327232,3.868152619233175,8.8724392233134e+18,8671141230118105.0,1023.2147058677942,1505.8833993953644,prefill
deepseek_v4,512x512,512,512,262144,256,1000,1048576,4335649479309932.5,6.897130119441613e+16,68971301194.41615,269419145.2906881,3.88438616294642,1.7670818645084635e+19,1.7268999482388914e+16,1023.2682364201528,1516.8790577381872,prefill
deepseek_v4,512x512,512,512,262144,512,1000,1048576,8671298258377945.0,1.37653149323477e+17,137653149323.477,268853807.272416,3.892554137943101,3.528423328160668e+19,3.4464715986930532e+16,1023.7784432921751,1522.4318655470247,prefill
deepseek_v4,32x32,32,32,1024,32,2000,1048576,1.3853414902253304e+17,1.3853414902253304e+17,69267074511.2665,2164596078.477078,0.4834749588645169,2.275260906549969e+18,1.3853414902253304e+17,32.847654135875054,241.5609172124796,prefill
deepseek_v4,32x32,32,32,1024,64,2000,1048576,2.770694327259329e+17,2.770694327259329e+17,138534716362.9664,2164604943.17135,0.4834729788922768,4.478769359677194e+18,2.770694327259329e+17,32.32958118557547,196.88106778250537,prefill
deepseek_v4,32x32,32,32,1024,128,2000,1048576,5.541388654518658e+17,5.541388654518658e+17,277069432725.9328,2164604943.17135,0.4834729788922768,8.885786265931645e+18,5.541388654518658e+17,32.07061197083095,197.37894675885477,prefill
deepseek_v4,32x32,32,32,1024,256,2000,1048576,1.1082748942015645e+18,1.1082748942015645e+18,554137447100.7821,2164599402.73743,0.48347421637302634,1.7699820014995931e+19,1.1082748942015645e+18,31.941209004373285,224.10720482408624,prefill
deepseek_v4,32x32,32,32,1024,512,2000,1048576,2.216546951700962e+18,2.216546951700962e+18,1108273475850.4807,2164596632.52047,0.48347483511577677,3.5625367569499587e+19,2.216546951700962e+18,32.1449248274763,240.3507928969879,prefill
deepseek_v4,32x64,32,64,2048,32,2000,1048576,6.927061155146513e+16,6.9270611551465144e+16,34635305775.73255,1082353305.4916422,0.9669005441108075,2.275260906549969e+18,6.927061155146513e+16,65.69195379080915,394.5705049126142,prefill
deepseek_v4,32x64,32,64,2048,64,2000,1048576,1.3854122182367925e+17,1.3854122182367928e+17,69270610911.8396,1082353295.4974937,0.9669005530388974,4.478769359677194e+18,1.3854122182367926e+17,64.65612617993656,396.7466168339751,prefill
deepseek_v4,32x64,32,64,2048,128,2000,1048576,2.7708173559117162e+17,2.7708173559117168e+17,138540867795.58575,1082350529.6530137,0.9669030238618741,8.885786265931645e+18,2.7708173559117165e+17,64.1383759703486,451.4171251361675,prefill
deepseek_v4,32x64,32,64,2048,256,2000,1048576,5.5416276312615635e+17,5.541627631261565e+17,277081381563.07806,1082349146.7307737,0.966904259278098,1.7699820014995931e+19,5.5416276312615635e+17,63.87949964428241,484.67204644950147,prefill
deepseek_v4,32x64,32,64,2048,512,2000,1048576,1.1083255249730618e+18,1.1083255249730619e+18,554162762486.5306,1082349145.4815052,0.9669042603941176,3.5625367569499587e+19,1.1083255249730618e+18,64.28683047855543,485.002523877805,prefill
deepseek_v4,32x128,32,128,4096,32,2000,1048576,3.463903379166007e+16,3.4928901409030188e+16,17464450704.51509,545764084.5160966,1.9175464815129915,2.275260906549969e+18,3.463903379166007e+16,131.3697674268141,770.9800629063124,prefill
deepseek_v4,32x128,32,128,4096,64,2000,1048576,6.927788929002242e+16,6.928449937114268e+16,34642249685.571335,541285151.3370521,1.9334134650007033,4.478769359677194e+18,6.927788929002242e+16,129.2986667341275,877.5151917444834,prefill
deepseek_v4,32x128,32,128,4096,128,2000,1048576,1.3855560156599811e+17,1.3857856839829816e+17,69289284199.14906,541322532.805852,1.9332799515577201,8.885786265931645e+18,1.3855560156599811e+17,128.26311120592382,941.634884144936,prefill
deepseek_v4,32x128,32,128,4096,256,2000,1048576,2.7711120313199622e+17,2.7716670645260912e+17,138583353226.30453,541341223.5402521,1.9332132017508992,1.7699820014995931e+19,2.7711120313199622e+17,127.74525039007526,942.7972795319344,prefill
deepseek_v4,32x128,32,128,4096,512,2000,1048576,5.5422240498474144e+17,5.5434298128198e+17,277171490640.99,541350567.6581836,1.9331798330371246,3.5625367569499587e+19,5.5422240498474144e+17,128.55982453643463,943.4984195880606,prefill
deepseek_v4,32x256,32,256,8192,32,2000,1048576,1.7323180082463822e+16,1.7758172666037326e+16,8879086333.018663,277471447.90683323,3.7716601397899265,2.275260906549969e+18,1.7323180082463822e+16,262.68397554248196,1652.1890356072536,prefill
deepseek_v4,32x256,32,256,8192,64,2000,1048576,3.4646314632164956e+16,3.4943041885156956e+16,17471520942.578484,272992514.7277888,3.8335410076848913,4.478769359677194e+18,3.4646314632164956e+16,258.5423244710243,1774.128228267955,prefill
deepseek_v4,32x256,32,256,8192,128,2000,1048576,6.929262926432991e+16,6.9331899743595704e+16,34665949871.79786,270827733.3734208,3.8641832834639342,8.885786265931645e+18,6.929262926432991e+16,256.47132632347154,1778.6146989893468,prefill
deepseek_v4,32x256,32,256,8192,256,2000,1048576,1.3858525852865982e+17,1.3867336914320421e+17,69336684571.6021,270846424.1078207,3.8639166215589023,1.7699820014995931e+19,1.3858525852865982e+17,255.43582633409108,1780.8102989571944,prefill
deepseek_v4,32x256,32,256,8192,512,2000,1048576,2.7717047152455696e+17,2.775262695081494e+17,138763134754.0747,271021747.56655216,3.861417061164121,3.5625367569499587e+19,2.7717047152455696e+17,257.06466762887635,1797.2688353936046,prefill
deepseek_v4,32x512,32,512,16384,32,2000,1048576,8665248120030490.0,1.7750910455116928e+16,8875455227.558464,277357975.861202,3.773203192554712,2.275260906549969e+18,8665248120030490.0,525.1461643182499,3166.1166223175524,prefill
deepseek_v4,32x512,32,512,16384,64,2000,1048576,1.7330494960809972e+16,3.492851746331616e+16,17464258731.658085,272879042.6821576,3.8351351196250296,4.478769359677194e+18,1.7330494960809972e+16,516.8657178926725,3193.2137058367093,prefill
deepseek_v4,32x512,32,512,16384,128,2000,1048576,3.4660989921619944e+16,6.930285089991411e+16,34651425449.95706,270714261.32778955,3.8658029867618615,8.885786265931645e+18,3.4660989921619944e+16,512.7254752980438,3201.2888041132137,prefill
deepseek_v4,32x512,32,512,16384,256,2000,1048576,6.932196877928853e+16,1.3805151777311002e+17,69025758886.55502,269631870.65060556,3.8813215866313975,1.7699820014995931e+19,6.932196877928853e+16,510.6554336721072,3229.3828664003863,prefill
deepseek_v4,32x512,32,512,16384,512,2000,1048576,1.3864392521537469e+17,2.767950701158983e+17,138397535057.9492,270307685.660057,3.871617625094572,3.5625367569499587e+19,1.3864392521537469e+17,513.9116988235554,3245.007565120836,prefill
deepseek_v4,64x32,64,32,2048,32,2000,1048576,6.927061123167287e+16,6.9850433154615864e+16,34925216577.307915,1091413018.0408723,0.9588743974105763,2.2744037107521618e+18,6.985043315461586e+16,65.12210756711292,197.70820410424813,prefill
deepseek_v4,64x32,64,32,2048,64,2000,1048576,1.3854122246334574e+17,1.3854122246334578e+17,69270611231.67285,1082353300.4948883,0.9669005485745663,4.4758244146632786e+18,1.3854122246334576e+17,64.61361225316833,198.70342616150947,prefill
deepseek_v4,64x32,64,32,2048,128,2000,1048576,2.7708173575114973e+17,2.770817357511498e+17,138540867875.57483,1082350530.2779284,0.9669030233036152,8.878665759040897e+18,2.7708173575114976e+17,64.08697949701691,226.09612570598702,prefill
deepseek_v4,64x32,64,32,2048,256,2000,1048576,5.541627623267577e+17,5.541627623267578e+17,277081381163.3788,1082349145.1694484,0.96690426067289,1.7684348447796134e+19,5.5416276232675776e+17,63.82366210802412,242.76996757396273,prefill
deepseek_v4,64x32,64,32,2048,512,2000,1048576,1.1083255246535154e+18,1.1083255246535156e+18,554162762326.7576,1082349145.1694484,0.96690426067289,3.5443254497929232e+19,1.1083255246535155e+18,63.958203090214845,242.92141463360133,prefill
deepseek_v4,64x64,64,64,4096,32,2000,1048576,3.4636937989310656e+16,3.4926848950782144e+16,17463424475.391068,545732014.8559709,1.9176591651420685,2.2744037107521618e+18,3.4926848950782144e+16,130.23812792028176,395.2223268166352,prefill
deepseek_v4,64x64,64,64,4096,64,2000,1048576,6.927387597862131e+16,6.927387597862131e+16,34636937989.31064,541202156.0829787,1.933709960755484,4.4758244146632786e+18,6.927387597862131e+16,129.22113427129636,397.2117939657205,prefill
deepseek_v4,64x64,64,64,4096,128,2000,1048576,1.3854739736947174e+17,1.3854739736947174e+17,69273698684.73584,541200770.9744987,1.9337149097470747,8.878665759040897e+18,1.3854739736947174e+17,128.16791838194814,451.9403262831282,prefill
deepseek_v4,64x64,64,64,4096,256,2000,1048576,2.770944401511726e+17,2.770944401511726e+17,138547220075.58624,541200078.4202588,1.9337173842523696,1.7684348447796134e+19,2.770944401511726e+17,127.64130841563043,485.2498411993465,prefill
deepseek_v4,64x64,64,64,4096,512,2000,1048576,5.541888803023452e+17,5.541888803023452e+17,277094440151.1725,541200078.4202588,1.9337173842523696,3.5443254497929232e+19,5.541888803023452e+17,127.91037769863838,485.5525543494701,prefill
deepseek_v4,64x128,64,128,8192,32,2000,1048576,1.7320333105503144e+16,1.7755177904413608e+16,8877588952.206804,277424654.75646263,3.7722963048064173,2.2744037107521618e+18,1.746551738237636e+16,260.44504276147654,772.0502792441678,prefill
deepseek_v4,64x128,64,128,8192,64,2000,1048576,3.464057770398293e+16,3.49305391498996e+16,17465269574.949795,272894837.10859054,3.834913152217551,4.4758244146632786e+18,3.464057770398293e+16,258.4151137957872,877.7936449570132,prefill
deepseek_v4,64x128,64,128,8192,128,2000,1048576,6.928106634126506e+16,6.929257121906243e+16,34646285609.53122,270674106.32446265,3.866376485771067,8.878665759040897e+18,6.928106634126506e+16,256.30857687167565,942.1250947986294,prefill
deepseek_v4,64x128,64,128,8192,256,2000,1048576,1.3856213212285267e+17,1.3858990524480646e+17,69294952622.40323,270683408.6812626,3.866243613151467,1.7684348447796134e+19,1.3856213212285267e+17,255.25514333334226,943.4612102204887,prefill
deepseek_v4,64x128,64,128,8192,512,2000,1048576,2.7712426424570534e+17,2.7718457385597197e+17,138592286927.98596,270688060.4062226,3.8661771724599583,3.5443254497929232e+19,2.7712426424570534e+17,255.79322398492215,944.0497691250304,prefill
deepseek_v4,64x256,64,256,16384,32,2000,1048576,8661998248952529.0,1.775033071419392e+16,8875165357.09696,277348917.40928,3.7733264285854515,2.2744037107521618e+18,8734819183526610.0,520.7672106233322,1653.4628109712507,prefill
deepseek_v4,64x256,64,256,16384,64,2000,1048576,1.7323974371149218e+16,3.4920844769460224e+16,17460422384.73011,272819099.761408,3.8359777629763956,4.4758244146632786e+18,1.732397437114922e+16,516.7202766262654,1771.868665323002,prefill
deepseek_v4,64x256,64,256,16384,128,2000,1048576,3.4647948182620996e+16,6.927318245818368e+16,34636591229.09184,270598368.97728,3.867458639737287,8.878665759040897e+18,3.4647948182621e+16,512.5074484782524,1777.6052521483853,prefill
deepseek_v4,64x256,64,256,16384,256,2000,1048576,6.929589580556455e+16,1.3798737404031795e+17,68993687020.159,269506589.9224961,3.8831258274647666,1.7684348447796134e+19,6.929589580556456e+16,510.40103435320776,1780.477154627307,prefill
deepseek_v4,64x256,64,256,16384,512,2000,1048576,1.3859176948437326e+17,2.760762595279831e+17,138038129763.99155,269605722.195296,3.8816980273212454,3.5443254497929232e+19,1.3859176948437328e+17,511.4770470107258,1796.4822649539185,prefill
deepseek_v4,64x512,64,512,32768,32,2000,1048576,4332828266759618.0,1.7750328635392e+16,8875164317.696,277348884.928,3.7733268704926632,2.2744037107521618e+18,4369469405562306.5,1041.0434309744155,3165.2061873591533,prefill
deepseek_v4,64x512,64,512,32768,64,2000,1048576,8665656533519236.0,3.4920840611856384e+16,17460420305.92819,272819067.28012794,3.8359782196800607,4.4758244146632786e+18,8665656533519237.0,1033.0029576756344,3181.139178241913,prefill
deepseek_v4,64x512,64,512,32768,128,2000,1048576,1.7331312507361032e+16,6.9273174142976e+16,34636587071.488,270598336.496,3.8674591039678097,8.878665759040897e+18,1.7331312507361032e+16,1024.5808856392048,3193.5681979621336,prefill
deepseek_v4,64x512,64,512,32768,256,2000,1048576,3.4662618923068944e+16,1.379873574099026e+17,68993678704.95131,269506557.44121605,3.8831262954641295,1.7684348447796134e+19,3.4662618923068948e+16,1020.3700122627897,3223.815413153603,prefill
deepseek_v4,64x512,64,512,32768,512,2000,1048576,6.932523231416221e+16,2.7576872425839e+17,137884362129.19504,269305394.78358406,3.8860268686447896,3.5443254497929232e+19,6.932523231416221e+16,1022.5210450737618,3237.979154811999,prefill
deepseek_v4,128x32,128,32,4096,32,2000,1048576,3.463857476023799e+16,3.550830764465246e+16,17754153822.32623,554817306.9476947,1.886256947818431,2.2739752098887434e+18,3.5508307644652456e+16,128.08130607887216,194.48198628318482,prefill
deepseek_v4,128x32,128,32,4096,64,2000,1048576,6.927697222659054e+16,6.985679414953353e+16,34928397074.766754,545756204.2932305,1.9175741691389159,4.4743520727931617e+18,6.985679414953352e+16,128.10069878716413,221.1182564120443,prefill
deepseek_v4,128x32,128,32,4096,128,2000,1048576,1.3855376715929565e+17,1.3855376715929566e+17,69276883579.6478,541225652.9659984,1.9336260102692258,8.875105798601998e+18,1.3855376715929565e+17,128.11063864323899,237.25666772816857,prefill
deepseek_v4,128x32,128,32,4096,256,2000,1048576,2.771075343185913e+17,2.7710753431859133e+17,138553767159.2956,541225652.9659984,1.9336260102692258,1.7676613313664287e+19,2.771075343185913e+17,127.57944930751277,237.54705534714617,prefill
deepseek_v4,128x32,128,32,4096,512,2000,1048576,5.542150686371826e+17,5.5421506863718266e+17,277107534318.5912,541225652.9659984,1.9336260102692258,3.5352203618824913e+19,5.542150686371826e+17,127.57575756919113,237.69224915663497,prefill
deepseek_v4,128x64,128,64,8192,32,2000,1048576,1.7320103749688232e+16,1.7754970527701928e+16,8877485263.850964,277421414.4953426,3.7723403649416882,2.2739752098887434e+18,1.7754970191895464e+16,256.1508338579735,388.59048124679475,prefill
deepseek_v4,128x64,128,64,8192,64,2000,1048576,3.4640118852433744e+16,3.493003062543752e+16,17465015312.718754,272890864.2612305,3.8349689823188404,4.4743520727931617e+18,3.493002981390523e+16,256.1894219175258,441.7559324889337,prefill
deepseek_v4,128x64,128,64,8192,128,2000,1048576,6.928014905792477e+16,6.928106600545859e+16,34640533002.729294,270629164.0838226,3.867018558561029,8.875105798601998e+18,6.928014905792477e+16,256.2092004502349,473.9613233237903,prefill
deepseek_v4,128x64,128,64,8192,256,2000,1048576,1.3856029811584954e+17,1.3856213201091718e+17,69281066005.45859,270629164.0838226,3.867018558561029,1.7676613313664287e+19,1.3856029811584954e+17,255.14687185336402,474.54142293273003,prefill
deepseek_v4,128x64,128,64,8192,512,2000,1048576,2.7712059623169907e+17,2.7712426402183437e+17,138562132010.91718,270629164.0838226,3.867018558561029,3.5352203618824913e+19,2.7712059623169907e+17,255.13948872473645,474.83147273719993,prefill
deepseek_v4,128x128,128,128,16384,32,2000,1048576,8660983290636665.0,1.7750044491743232e+16,8875022245.871614,277344445.18348795,3.7733872741082983,2.2739752098887434e+18,8878759705946489.0,512.2281231162871,761.982591485226,prefill
deepseek_v4,128x128,128,128,16384,64,2000,1048576,1.732192218784229e+16,3.492026966379725e+16,17460134831.89862,272814606.74841595,3.836040938105219,4.4743520727931617e+18,1.7467106464715506e+16,512.3174902301756,864.1841750726295,prefill
deepseek_v4,128x128,128,128,16384,128,2000,1048576,3.464379998225354e+16,6.926163519245517e+16,34630817596.227585,270553262.470528,3.86810342053813,8.875105798601998e+18,3.464379998225354e+16,512.3632975105685,925.8586694375688,prefill
deepseek_v4,128x128,128,128,16384,256,2000,1048576,6.928759996450708e+16,1.3795716168715469e+17,68978580843.57736,269447581.4202241,3.8839762245550085,1.7676613313664287e+19,6.928759996450708e+16,510.2388687938166,926.9918636997245,prefill
deepseek_v4,128x128,128,128,16384,512,2000,1048576,1.3857519992901416e+17,2.7591668359584154e+17,137958341797.9208,269449886.3240641,3.8839430005969784,3.5352203618824913e+19,1.3857519992901416e+17,510.22410412446465,927.5584608308022,prefill
deepseek_v4,128x256,128,256,32768,32,2000,1048576,4331407173603131.0,1.7750040334139392e+16,8875020167.069695,277344380.22092795,3.773388157951328,2.2739752098887434e+18,4440638575464251.0,1024.1658586911717,1635.5713524892592,prefill
deepseek_v4,128x256,128,256,32768,64,2000,1048576,8662803143908982.0,3.492026134858957e+16,17460130674.29478,272814541.78585595,3.8360418515427432,4.4743520727931617e+18,8735624078483062.0,1024.3920829455224,1751.3637047078587,prefill
deepseek_v4,128x256,128,256,32768,128,2000,1048576,1.7325606147898604e+16,6.926161856203981e+16,34630809281.019905,270553197.507968,3.8681043493088967,8.875105798601998e+18,1.7325606147898604e+16,1024.5073936046326,1756.0103910775817,prefill
deepseek_v4,128x256,128,256,32768,256,2000,1048576,3.465121229579721e+16,1.3795712842632397e+17,68978564213.162,269447516.4576641,3.883977160963856,1.7676613313664287e+19,3.465121229579721e+16,1020.2594450531393,1758.159640164015,prefill
deepseek_v4,128x256,128,256,32768,512,2000,1048576,6.93024135282165e+16,2.7541300409044173e+17,137706502045.22086,268958011.807072,3.891046014835549,3.5352203618824913e+19,6.93024135282165e+16,1020.2300848997489,1773.6902404569714,prefill
deepseek_v4,128x512,128,512,65536,32,2000,1048576,2166617838127562.2,1.7750038255337472e+16,8875019127.668736,277344347.739648,3.7733885998729977,2.2739752098887434e+18,2221579546331594.2,2047.1697388857115,3154.4521525782307,prefill
deepseek_v4,128x512,128,512,65536,64,2000,1048576,4333235536335764.5,3.492025719098573e+16,17460128595.492863,272814509.304576,3.836042308261668,4.4743520727931617e+18,4369876675138452.5,2047.8161767123092,3173.3798867254345,prefill
deepseek_v4,128x512,128,512,65536,128,2000,1048576,8666470932752169.0,6.926161024683213e+16,34630805123.41606,270553165.026688,3.8681048136944476,8.875105798601998e+18,8666470932752169.0,2048.1475949019477,3182.8649716164405,prefill
deepseek_v4,128x512,128,512,65536,256,2000,1048576,1.7332939099516498e+16,1.379571117959086e+17,68978555897.95432,269447483.97638404,3.88397762916845,1.7676613313664287e+19,1.7332939099516498e+16,2039.6556189547073,3210.475577237593,prefill
deepseek_v4,128x512,128,512,65536,512,2000,1048576,3.4665875433045156e+16,2.75412970829611e+17,137706485414.8055,268957979.325792,3.891046484745962,3.5352203618824913e+19,3.4665875433045156e+16,2039.5967606302258,3224.4355583415004,prefill
deepseek_v4,256x32,256,32,8192,32,2000,1048576,1.732249162526715e+16,3.551436287318006e+16,17757181436.59003,554911919.8934385,1.8859353394336316,2.27376109055053e+18,3.5514362467413916e+16,128.04741138950823,212.10071989088652,prefill
deepseek_v4,256x32,256,32,8192,64,2000,1048576,3.464493892706294e+16,6.986903764696249e+16,34934518823.48125,545851856.6168945,1.9172381431222363,4.4736161957909955e+18,6.986903676547052e+16,128.05718821650822,227.15347319958713,prefill
deepseek_v4,256x32,256,32,8192,128,2000,1048576,6.928987785412588e+16,1.3857843144803902e+17,69289215724.0195,541321997.8439023,1.9332818621233656,8.873326469716541e+18,1.3857842968505509e+17,128.0621593112695,227.68589154577282,prefill
deepseek_v4,256x32,256,32,8192,256,2000,1048576,1.3857975570825176e+17,2.7599904941929187e+17,137999524709.64594,539060643.3970544,1.9413919617744413,1.7672747017567633e+19,2.7599721552422422e+17,128.06467618885452,227.9521007188657,prefill
deepseek_v4,256x32,256,32,8192,512,2000,1048576,2.7715946709303216e+17,5.5199805458507206e+17,275999027292.536,539060600.1807344,1.9413921174152287,3.530669053406757e+19,5.519943867249771e+17,127.92409264719062,229.98312862413388,prefill
deepseek_v4,256x64,256,64,16384,32,2000,1048576,8661654180250321.0,1.775799825390122e+16,8878999126.950611,277468722.7172066,3.771697183565483,2.27376109055053e+18,1.7757997603276194e+16,256.0830496036379,423.3260684422529,prefill
deepseek_v4,256x64,256,64,16384,64,2000,1048576,1.7323286198764962e+16,3.4936152458103624e+16,17468076229.051807,272938691.0789345,3.83429698392355,4.4736161957909955e+18,3.4936151121873736e+16,256.1024069414468,453.3069148090222,prefill
deepseek_v4,256x64,256,64,16384,128,2000,1048576,3.4646572397529924e+16,6.929339817781416e+16,34646699088.90708,270677336.6320866,3.8663303438014647,8.873326469716541e+18,6.929248032080449e+16,256.11224850476015,454.3694075567563,prefill
deepseek_v4,256x64,256,64,16384,256,2000,1048576,6.929314479505985e+16,1.3800788961723523e+17,69003944808.61761,269546659.40866256,3.882548580998541,1.7672747017567633e+19,1.38005138718666e+17,256.117231309696,454.90065393062326,prefill
deepseek_v4,256x64,256,64,16384,512,2000,1048576,1.3858626742838402e+17,2.7601575710771462e+17,138007878553.8573,269546637.80050254,3.882548892242383,3.530669053406757e+19,2.7601025527559635e+17,255.83607753134984,458.94525505491106,prefill
deepseek_v4,256x128,256,128,32768,32,2000,1048576,4331292460715835.0,1.7749900053282816e+16,8874950026.641407,277342188.33254397,3.7734179797599805,2.27376109055053e+18,8880271175425654.0,512.0927155564127,831.9880654405498,prefill
deepseek_v4,256x128,256,128,32768,64,2000,1048576,8662573823073910.0,3.4919979456495616e+16,17459989728.247807,272812339.503872,3.836072818052084,4.4736161957909955e+18,1.7470162698747116e+16,512.1436214342552,889.9750836267733,prefill
deepseek_v4,256x128,256,128,32768,128,2000,1048576,1.732514764614782e+16,6.92610534474711e+16,34630526723.73555,270550990.029184,3.8681359099336965,8.873326469716541e+18,3.46499568437478e+16,512.1695539033627,892.0610700547894,prefill
deepseek_v4,256x128,256,128,32768,256,2000,1048576,3.465029529229564e+16,1.3794320142942208e+17,68971600714.71106,269420315.2918401,3.884369294373312,1.7672747017567633e+19,6.900954513374917e+16,512.182683810352,893.1040632687975,prefill
deepseek_v4,256x128,256,128,32768,512,2000,1048576,6.930057948623352e+16,2.7532149307274035e+17,137660746536.37018,268868645.578848,3.8923393159024813,3.530669053406757e+19,1.3801907916914058e+17,511.62043315474784,900.9175218314701,prefill
deepseek_v4,256x256,256,256,65536,32,2000,1048576,2166109508699356.8,1.7749895895678976e+16,8874947947.839487,277342123.369984,3.773418863617394,2.27376109055053e+18,4441403137370553.5,1023.8931347703176,1586.508912515604,prefill
deepseek_v4,256x256,256,256,65536,64,2000,1048576,4332213450729913.5,3.4919971141287936e+16,17459985570.643967,272812274.541312,3.836073731504791,4.4736161957909955e+18,8737158838924147.0,1024.0436916085312,1692.2503184628365,prefill
deepseek_v4,256x256,256,256,65536,128,2000,1048576,8664426901459827.0,6.926103681705574e+16,34630518408.52787,270550925.066624,3.8681368387200643,8.873326469716541e+18,1.7328675808700134e+16,1024.120546506104,1696.216734222179,prefill
deepseek_v4,256x256,256,256,65536,256,2000,1048576,1.7328853802919654e+16,1.3794316816859136e+17,68971584084.2957,269420250.3292801,3.8843702309717036,1.7672747017567633e+19,3.4511709748252108e+16,1024.1594604545892,1698.1999421018502,prefill
deepseek_v4,256x256,256,256,65536,512,2000,1048576,3.4657702039170508e+16,2.753214265510789e+17,137660713275.53946,268868580.616288,3.8923402563482776,3.530669053406757e+19,6.9023413929835416e+16,1023.0351854215148,1712.4019260894904,prefill
deepseek_v4,256x512,256,512,131072,32,2000,1048576,1083511862522756.8,1.7749893816877056e+16,8874946908.438528,277342090.888704,3.773419305546256,2.27376109055053e+18,2221960973063945.5,2046.625587140854,3066.744462613399,prefill
deepseek_v4,256x512,256,512,131072,64,2000,1048576,2167023690065673.5,3.4919966983684096e+16,17459983491.842045,272812242.06003195,3.836074188231307,4.4736161957909955e+18,4370639633542675.0,2047.1219642351762,3080.7851414045012,prefill
deepseek_v4,256x512,256,512,131072,128,2000,1048576,4334047380131347.0,6.926102850184806e+16,34630514250.92403,270550892.58534396,3.868137303113416,8.873326469716541e+18,8667996989479974.0,2047.3764539802605,3088.006103104255,prefill
deepseek_v4,256x512,256,512,131072,256,2000,1048576,8668093377268774.0,1.37943151538176e+17,68971575769.08803,269420217.8480001,3.884370699271069,1.7672747017567633e+19,1.7262710318360652e+16,2047.505483396876,3113.6382073370537,prefill
deepseek_v4,256x512,256,512,131072,512,2000,1048576,1.7336185336563788e+16,2.753213932902482e+17,137660696645.12408,268868548.135008,3.8923407265713466,3.530669053406757e+19,3.4525419218747544e+16,2045.25774533656,3126.5463951020242,prefill
deepseek_v4,512x32,512,32,16384,32,2000,1048576,8664441244205210.0,3.5526948638610024e+16,17763474319.305008,555108572.4782815,1.8852672285851706,2.273654609401512e+18,3.552694797049508e+16,127.99605591168532,216.51571103902654,prefill
deepseek_v4,512x32,512,32,16384,64,2000,1048576,1.732888248841042e+16,6.98942534313341e+16,34947126715.66704,546048854.9322975,1.9165464601693103,4.4732494807054746e+18,6.989425209510421e+16,128.00049636753482,217.43087984164907,prefill
deepseek_v4,512x32,512,32,16384,128,2000,1048576,3.465776497682084e+16,1.3862886301678224e+17,69314431508.3911,541518996.1593055,1.9325785566571883,8.8724392233134e+18,1.3862886034432246e+17,128.00277231272455,217.88846424296034,prefill
deepseek_v4,512x32,512,32,16384,256,2000,1048576,6.931551887277384e+16,2.760999014934004e+17,138049950746.70016,539257620.1042975,1.9406828220574641,1.7670818645084635e+19,2.7609806576189114e+17,128.003929301874,219.6908481511782,prefill
deepseek_v4,512x32,512,32,16384,512,2000,1048576,1.3863102666467984e+17,5.510419784466367e+17,275520989223.31824,538126932.0767934,1.944760497232752,3.528423328160668e+19,5.510364765970285e+17,128.06496404560144,220.60237219152805,prefill
deepseek_v4,512x64,512,64,32768,32,2000,1048576,4332424988743106.0,1.7764291136616202e+16,8882145568.308098,277567049.00962806,3.7703610847687425,2.273654609401512e+18,1.7764290354816776e+16,255.98034753862396,431.3105545511262,prefill
deepseek_v4,512x64,512,64,32768,64,2000,1048576,8664849977486212.0,3.4948760350289428e+16,17474380175.14471,273037190.2366361,3.8329137473653105,4.4732494807054746e+18,3.4948758786690576e+16,255.9890328585293,433.1336183919569,prefill
deepseek_v4,512x64,512,64,32768,128,2000,1048576,1.7329699954972424e+16,6.931861396218577e+16,34659306981.09287,270775835.78978807,3.8649239026352897,8.8724392233134e+18,6.931769565043818e+16,255.9934844936616,434.04515031237224,prefill
deepseek_v4,512x64,512,64,32768,256,2000,1048576,3.465939436951093e+16,1.3805831565428949e+17,69029157827.14474,269645147.76228416,3.8811304734569383,1.7670818645084635e+19,1.3805556383749946e+17,255.99574771045602,437.6223508722562,prefill
deepseek_v4,512x64,512,64,32768,512,2000,1048576,6.931878319858794e+16,2.7553771903849693e+17,137768859519.2484,269079803.74853206,3.889284834539386,3.528423328160668e+19,2.75531300211622e+17,256.11778592491385,439.4313748746121,prefill
deepseek_v4,512x128,512,128,65536,32,2000,1048576,2166444855478730.2,1.7749827834052608e+16,8874913917.026302,277341059.90707195,3.7734333327732212,2.273654609401512e+18,8883416446207785.0,511.8874305103879,854.1438839458482,prefill
deepseek_v4,512x128,512,128,65536,64,2000,1048576,4332889710957460.5,3.49198343528448e+16,17459917176.422398,272811205.88159996,3.836088758224224,4.4732494807054746e+18,1.7476464338669138e+16,511.9169866421758,857.7541800845758,prefill
deepseek_v4,512x128,512,128,65536,128,2000,1048576,8665779421914921.0,6.926076257497907e+16,34630381287.48953,270549853.808512,3.8681521548361464,8.8724392233134e+18,3.4662560123591844e+16,511.9321360960114,859.5593281539395,prefill
deepseek_v4,512x128,512,128,65536,256,2000,1048576,1.7331556069240402e+16,1.3794261901924762e+17,68971309509.62383,269419177.77196807,3.8843856946433264,1.7670818645084635e+19,6.9034748918847816e+16,511.93982514102146,866.589107710201,prefill
deepseek_v4,512x128,512,128,65536,512,2000,1048576,3.4663109363891364e+16,2.753063319077847e+17,137653165953.89233,268853839.75369596,3.8925536676684693,3.528423328160668e+19,1.3777912650935976e+17,512.1854692439165,870.1437979612357,prefill
deepseek_v4,512x256,512,256,131072,32,2000,1048576,1083454062537604.8,1.7749823676448768e+16,8874911838.224382,277340994.94451195,3.7734342166378267,2.273654609401512e+18,4442974667773459.0,1023.4830398170717,1631.310920624685,prefill
deepseek_v4,512x256,512,256,131072,64,2000,1048576,2166908125075209.5,3.491982603763712e+16,17459913018.818558,272811140.91903996,3.8360896716845225,4.4732494807054746e+18,8740307466398758.0,1023.5908743262033,1638.2061470947124,prefill
deepseek_v4,512x256,512,256,131072,128,2000,1048576,4333816250150419.0,6.926074594456371e+16,34630372972.28185,270549788.845952,3.8681530836303164,8.8724392233134e+18,1.7334973063649356e+16,1023.6461505577413,1641.6537603297263,prefill
deepseek_v4,512x256,512,256,131072,256,2000,1048576,8667631108633638.0,1.379425857584169e+17,68971292879.20847,269419112.80940807,3.884386631249628,1.7670818645084635e+19,3.452430286648335e+16,1023.67417603903,1654.5565363163603,prefill
deepseek_v4,512x256,512,256,131072,512,2000,1048576,1.7335260825600076e+16,2.7530626538612326e+17,137653132693.0616,268853774.79113597,3.8925546082178486,3.528423328160668e+19,6.890296247215134e+16,1024.171734150548,1661.0778707003387,prefill
deepseek_v4,512x512,512,512,262144,32,2000,1048576,541956272443981.56,1.7749821597646848e+16,8874910798.823423,277340962.463232,3.773434658570285,2.273654609401512e+18,2222747015733558.2,2045.8060168859595,2992.7918955671644,prefill
deepseek_v4,512x512,512,512,262144,64,2000,1048576,1083912544887963.1,3.491982188003328e+16,17459910940.016636,272811108.43775994,3.836090128414835,4.4732494807054746e+18,4372211753861740.5,2046.2181305626348,3005.4418310495407,prefill
deepseek_v4,512x512,512,512,262144,128,2000,1048576,2167825089775926.2,6.926073762935603e+16,34630368814.67802,270549756.364672,3.868153548027568,8.8724392233134e+18,8671141230118105.0,2046.4294117355885,3011.766798790729,prefill
deepseek_v4,512x512,512,512,262144,256,2000,1048576,4335649479309932.5,1.3794256912800154e+17,68971284564.0008,269419080.3281281,3.8843870995529466,1.7670818645084635e+19,1.7268999482388914e+16,2046.5364728403056,3033.7581154763743,prefill
deepseek_v4,512x512,512,512,262144,512,2000,1048576,8671298258377945.0,2.7530623212529254e+17,137653116062.64627,268853742.309856,3.8925550784927085,3.528423328160668e+19,3.4464715986930532e+16,2047.5568865843502,3044.8637310940494,prefill
llama_3_1_405b,32x32,32,32,1024,32,1000,131072,2762890868819059.0,3871489184237797.5,3871489184.2377977,120984037.00743118,1.0664547422241744,2.5007954306636186e+17,3871489184237797.5,64.5951806050561,125.669953335025,prefill
llama_3_1_405b,32x32,32,32,1024,64,1000,131072,5538701670353126.0,7755898301190603.0,7755898301.190603,121185910.95610318,1.064678220282026,4.4893559630227046e+17,7755898301190603.0,57.883120544960555,101.04526559329463,prefill
llama_3_1_405b,32x32,32,32,1024,128,1000,131072,1.1077403340706252e+16,1.5511796602381206e+16,15511796602.381207,121185910.95610318,1.064678220282026,9.685999748393206e+17,1.5511796602381206e+16,62.442797547424746,101.09283354559646,prefill
llama_3_1_405b,32x32,32,32,1024,256,1000,131072,2.2122506849624984e+16,3.0991293372974892e+16,30991293372.974895,121059739.73818319,1.0657878521715078,2.2825510778584433e+18,3.0991293372974892e+16,73.65136557510954,115.28696466450249,prefill
llama_3_1_405b,32x32,32,32,1024,512,1000,131072,4.421271386746245e+16,6.1950286914162264e+16,61950286914.16227,120996654.12922318,1.0663435359311977,5.093535383104258e+18,6.1950286914162264e+16,82.21972224538384,123.98872440950414,prefill
llama_3_1_405b,32x64,32,64,2048,32,1000,131072,1384817717298942.5,1939259174718972.8,1939259174.7189732,60601849.20996791,2.1290439430811605,2.5007954306636186e+17,1939259174718973.0,128.95622530835882,201.9002593773819,prefill
llama_3_1_405b,32x64,32,64,2048,64,1000,131072,2769635434597885.0,3878518349437945.5,3878518349.4379463,60601849.20996791,2.1290439430811605,4.4893559630227046e+17,3878518349437946.0,115.74925160978749,202.09053118658926,prefill
llama_3_1_405b,32x64,32,64,2048,128,1000,131072,5531195911248890.0,7748961740929011.0,7748961740.929013,60538763.601007916,2.1312625551845903,9.685999748393206e+17,7748961740929012.0,124.99738767882941,230.52666210300592,prefill
llama_3_1_405b,32x64,32,64,2048,256,1000,131072,1.10543168645509e+16,1.5489848523911142e+16,15489848523.911146,60507220.796527915,2.132373596101505,2.2825510778584433e+18,1.5489848523911144e+16,147.35786953209694,247.95203396646943,prefill
llama_3_1_405b,32x64,32,64,2048,512,1000,131072,2.21086337291018e+16,3.0979697047822284e+16,30979697047.822292,60507220.796527915,2.132373596101505,5.093535383104258e+18,3.097969704782229e+16,164.41527414685635,247.9774488190083,prefill
llama_3_1_405b,32x128,32,128,4096,32,1000,131072,692584419528460.2,969946886250008.5,969946886.2500086,30310840.19531277,4.256694937145032,2.5007954306636186e+17,969946886250008.5,257.8280796727076,402.14385067207996,prefill
llama_3_1_405b,32x128,32,128,4096,64,1000,131072,1383150099570200.5,1937875033013297.0,1937875033.013297,30279297.390832767,4.261129257215287,4.4893559630227046e+17,1937875033013297.0,231.66385275329054,458.68193099549967,prefill
llama_3_1_405b,32x128,32,128,4096,128,1000,131072,2764281459653681.0,3873731326539874.0,3873731326.539874,30263525.988592766,4.263349883573812,9.685999748393206e+17,3873731326539874.0,250.04314785674651,493.3106677915847,prefill
llama_3_1_405b,32x128,32,128,4096,256,1000,131072,5528562919307362.0,7747462653079748.0,7747462653.079748,30263525.988592766,4.263349883573812,2.2825510778584433e+18,7747462653079748.0,294.6191779254451,493.41181629479706,prefill
llama_3_1_405b,32x128,32,128,4096,512,1000,131072,1.1057125838614724e+16,1.5494925306159496e+16,15494925306.159496,30263525.988592766,4.263349883573812,5.093535383104258e+18,1.5494925306159496e+16,328.72280972399983,493.46239054640324,prefill
llama_3_1_405b,32x256,32,256,8192,32,1000,131072,415257832677467.1,967713413296412.6,967713413.2964127,30241044.165512897,4.266519346813425,2.5007954306636186e+17,623367095238838.2,401.17539885634454,905.912101819578,prefill
llama_3_1_405b,32x256,32,256,8192,64,1000,131072,830010980483254.2,1529229044412985.2,1529229044.4129856,23894203.8189529,5.399803273531051,4.4893559630227046e+17,1246229505605996.5,360.2350885473292,973.9205777606466,prefill
llama_3_1_405b,32x256,32,256,8192,128,1000,131072,1660021960966508.5,3162766813557874.5,3162766813.5578747,24709115.730920896,5.221716608763131,9.685999748393206e+17,2492459011211993.0,388.6121980270099,974.3790594848193,prefill
llama_3_1_405b,32x256,32,256,8192,256,1000,131072,3320043921933017.0,6667164729211109.0,6667164729.21111,26043612.2234809,4.9541514784063665,2.2825510778584433e+18,4984918022423986.0,457.8913971284368,974.5788463328709,prefill
llama_3_1_405b,32x256,32,256,8192,512,1000,131072,6639583158994354.0,1.4213931235803594e+16,14213931235.803596,27761584.4449289,4.64757334927864,5.093535383104258e+18,9969331359976292.0,510.9204618830496,983.786093668629,prefill
llama_3_1_405b,32x512,32,512,16384,32,1000,131072,276969357568745.22,967689631592732.6,967689631.5927327,30240300.987272896,4.266624199749261,2.5007954306636186e+17,450449891120594.44,555.1772749777634,1901.7431468463117,prefill
llama_3_1_405b,32x512,32,512,16384,64,1000,131072,553938715137490.44,1529181481005625.2,1529181481.0056255,23893460.6407129,5.399971228117183,4.4893559630227046e+17,900899782241188.9,498.31913066450426,1903.5353590520515,prefill
llama_3_1_405b,32x512,32,512,16384,128,1000,131072,1107877430274980.9,2979419390866546.5,2979419390.8665457,23276713.991144888,5.543050451583688,9.685999748393206e+17,1801799564482377.8,537.5736535476301,1904.4314651549214,prefill
llama_3_1_405b,32x512,32,512,16384,256,1000,131072,2215628688021321.8,6480459329960165.0,6480459329.960164,25314294.25765689,5.096883155688756,2.2825510778584433e+18,3603472956436115.5,633.4308888822403,1922.2121581057927,prefill
llama_3_1_405b,32x512,32,512,16384,512,1000,131072,4431131203514003.5,1.419650400334689e+16,14196504003.34689,27727546.881536894,4.653278580728466,5.093535383104258e+18,7206819740343591.0,706.7660308736153,1931.224810460747,prefill
llama_3_1_405b,64x32,64,32,2048,32,1000,131072,1384817717298942.5,3862097850604537.5,3862097850.604538,120690557.83139181,1.0690480044035446,2.482278739350651e+17,3862097850604538.0,64.27280807921781,101.0648889181783,prefill
llama_3_1_405b,64x32,64,32,2048,64,1000,131072,2769635434597885.0,6096284179118067.0,6096284179.118068,95254440.29871981,1.3545195331091986,4.186990120051671e+17,6096284179118068.0,68.68101940512543,101.15985400331856,prefill
llama_3_1_405b,64x32,64,32,2048,128,1000,131072,5531195911248890.0,1.2184493400289254e+16,12184493400.289255,95191354.6897598,1.355417205905987,8.204972942352712e+17,1.2184493400289256e+16,67.33946724578577,115.37994734534446,prefill
llama_3_1_405b,64x32,64,32,2048,256,1000,131072,1.10543168645509e+16,2.4360911842631628e+16,24360911842.631634,95159811.88527982,1.3558664886343539,1.7613553076115866e+18,2.436091184263163e+16,72.30251966715024,124.09762331840848,prefill
llama_3_1_405b,64x32,64,32,2048,512,1000,131072,2.21086337291018e+16,4.8721823685263256e+16,48721823685.26327,95159811.88527982,1.3558664886343539,3.734579769841287e+18,4.872182368526326e+16,76.65106696264479,124.11217798449074,prefill
llama_3_1_405b,64x64,64,64,4096,32,1000,131072,692480008504801.8,1931333524723591.0,1931333524.723591,60354172.64761222,2.137780941068116,2.482278739350651e+17,1931333524723591.0,128.52667380202547,202.1297778363566,prefill
llama_3_1_405b,64x64,64,64,4096,64,1000,131072,1384960017009603.5,3048711288401678.0,3048711288.4016786,47636113.88127623,2.708533284674885,4.186990120051671e+17,3048711288401678.0,137.3363931173276,202.31970800663711,prefill
llama_3_1_405b,64x64,64,64,4096,128,1000,131072,2765882555045767.0,6093385097829916.0,6093385097.829917,47604571.076796226,2.710327959721705,8.204972942352712e+17,6093385097829916.0,134.6537730772147,230.75989469068892,prefill
llama_3_1_405b,64x64,64,64,4096,256,1000,131072,5527727631118094.0,1.2182732716686392e+16,12182732716.686396,47588799.67455623,2.711226189404895,1.7613553076115866e+18,1.2182732716686392e+16,144.57801452042864,248.19524663681696,prefill
llama_3_1_405b,64x64,64,64,4096,512,1000,131072,1.1055455262236188e+16,2.4365465433372784e+16,24365465433.37279,47588799.67455623,2.711226189404895,3.734579769841287e+18,2.4365465433372784e+16,153.2734837367861,248.22435596898148,prefill
llama_3_1_405b,64x128,64,128,8192,32,1000,131072,346327784691895.4,965967149818589.5,965967149.8185896,30186473.431830924,4.2742323077709115,2.482278739350651e+17,965967149818589.5,256.97341155098576,402.6010043041607,prefill
llama_3_1_405b,64x128,64,128,8192,64,1000,131072,691646199640430.8,1523947049371067.0,1523947049.3710675,23811672.64642293,5.418518972432725,4.186990120051671e+17,1523947049371067.0,274.74643044714986,459.20209028125026,prefill
llama_3_1_405b,64x128,64,128,8192,128,1000,131072,1382283029537501.5,3046884728998774.0,3046884728.998775,23803786.94530293,5.420314015432725,8.204972942352712e+17,3046884728998774.0,269.2905597727984,493.80976894774193,prefill
llama_3_1_405b,64x128,64,128,8192,256,1000,131072,2764566059075003.0,6093769457997548.0,6093769457.99755,23803786.94530293,5.420314015432725,1.7613553076115866e+18,6093769457997548.0,289.0419993326067,493.89579702083665,prefill
llama_3_1_405b,64x128,64,128,8192,512,1000,131072,5529132118150006.0,1.2187538915995096e+16,12187538915.9951,23803786.94530293,5.420314015432725,3.734579769841287e+18,1.2187538915995096e+16,306.4260795869109,493.95372309720176,prefill
llama_3_1_405b,64x256,64,256,16384,32,1000,131072,207664491266398.84,964568427771361.8,964568427.7713617,30142763.367855053,4.280430378111723,2.482278739350651e+17,621679580022139.4,399.2858731602945,906.9419348183932,prefill
llama_3_1_405b,64x256,64,256,16384,64,1000,131072,415076640096957.7,1522165072755651.5,1522165072.7556517,23783829.261807058,5.424862354153856,4.186990120051671e+17,1039617877347062.8,402.74318201762696,975.025033371109,prefill
llama_3_1_405b,64x256,64,256,16384,128,1000,131072,830153280193915.4,2690608768157575.0,2690608768.1575747,21020381.001231052,6.138042882878467,8.204972942352712e+17,2079235754694125.5,394.61484460475424,975.3648758210062,prefill
llama_3_1_405b,64x256,64,256,16384,256,1000,131072,1660306560387830.8,5551698813263630.0,5551698813.263629,21686323.48931105,5.949556182890775,1.7613553076115866e+18,4158471509388251.0,423.5583443664612,975.5347970459547,prefill
llama_3_1_405b,64x256,64,256,16384,512,1000,131072,3320360778339821.5,1.1543363656896028e+16,11543363656.896027,22545632.142375052,5.722793629613797,3.734579769841287e+18,8316690676340662.0,449.0463713488139,984.7656336297334,prefill
llama_3_1_405b,64x512,64,512,32768,32,1000,131072,138520253712037.88,964556536919521.8,964556536.9195218,30142391.778735057,4.280483146364789,2.482278739350651e+17,449720542370455.5,551.9602743220664,1903.9050319165735,prefill
llama_3_1_405b,64x512,64,512,32768,64,1000,131072,277040507424075.75,1522141291051971.5,1522141291.0519717,23783457.672687057,5.424947111376966,4.186990120051671e+17,797695557645615.0,524.8857261295904,1905.6940261497862,prefill
llama_3_1_405b,64x512,64,512,32768,128,1000,131072,554081014848151.5,2690561204750215.0,2690561204.7502146,21020009.41211105,6.13815139043946,8.204972942352712e+17,1595391115291230.0,514.2922549656382,1906.358250866522,prefill
llama_3_1_405b,64x512,64,512,32768,256,1000,131072,1108098943431983.0,5458845529415438.0,5458845529.415439,21323615.349279057,6.050756304059961,1.7613553076115866e+18,3190719144318140.0,552.0245524423899,1924.0976290352653,prefill
llama_3_1_405b,64x512,64,512,32768,512,1000,131072,2216134800599646.0,1.1534650040667676e+16,11534650040.667679,22528613.36067906,5.727116797396666,3.734579769841287e+18,6381375202371960.0,585.2311847222433,1933.147699885488,prefill
llama_3_1_405b,128x32,128,32,4096,32,1000,131072,692584419528460.2,3855055328147554.0,3855055328.1475544,120470479.00461107,1.0710009710765866,2.4730351787573248e+17,3855055328147554.0,64.15044579776958,101.05816963786033,prefill
llama_3_1_405b,128x32,128,32,4096,64,1000,131072,1383150099570200.5,6080180394717380.0,6080180394.717381,95002818.66745907,1.3581070731346003,4.03582874674004e+17,6080180394717380.0,66.37679287026538,115.20952453420875,prefill
llama_3_1_405b,128x32,128,32,4096,128,1000,131072,2764281459653681.0,1.0530430527857032e+16,10530430527.857029,82268988.49888304,1.568318783957721,7.46450665672278e+17,1.0530430527857032e+16,70.88510424123966,123.8770198083744,prefill
llama_3_1_405b,128x32,128,32,4096,256,1000,131072,5528562919307362.0,2.1060861055714064e+16,21060861055.714058,82268988.49888304,1.568318783957721,1.500819601428054e+18,2.1060861055714064e+16,71.26107510314084,123.90589111587357,prefill
llama_3_1_405b,128x32,128,32,4096,512,1000,131072,1.1057125838614724e+16,4.212172211142813e+16,42121722111.428116,82268988.49888304,1.568318783957721,3.0553125068682035e+18,4.212172211142813e+16,72.53531797170422,123.92032676962316,prefill
llama_3_1_405b,128x64,128,64,8192,32,1000,131072,346327784691895.4,1927812263495099.2,1927812263.4950995,60244133.23422186,2.141685722298807,2.4730351787573248e+17,1927812263495099.0,128.2819507680558,202.11633927572066,prefill
llama_3_1_405b,128x64,128,64,8192,64,1000,131072,691646199640430.8,3040659396201334.0,3040659396.2013345,47510303.06564585,2.715705682233287,4.03582874674004e+17,3040659396201334.0,132.72873481922906,230.4190490684175,prefill
llama_3_1_405b,128x64,128,64,8192,128,1000,131072,1382283029537501.5,5266353661613804.0,5266353661.613804,41143387.98135784,3.1359595388318784,7.46450665672278e+17,5266353661613804.0,141.73956282372765,247.7540396167488,prefill
llama_3_1_405b,128x64,128,64,8192,256,1000,131072,2764566059075003.0,1.0532707323227608e+16,10532707323.227608,41143387.98135784,3.1359595388318784,1.500819601428054e+18,1.0532707323227608e+16,142.49134200456902,247.81178223174715,prefill
llama_3_1_405b,128x64,128,64,8192,512,1000,131072,5529132118150006.0,2.1065414646455216e+16,21065414646.455215,41143387.98135784,3.1359595388318784,3.0553125068682035e+18,2.1065414646455216e+16,145.03927685004464,247.84065353924632,prefill
llama_3_1_405b,128x128,128,128,16384,32,1000,131072,173199326848830.94,964189607770615.8,964189607.7706158,30130925.242831744,4.282112114386374,2.4730351787573248e+17,964189607770615.6,256.4884706106135,404.2326785514413,prefill
llama_3_1_405b,128x128,128,128,16384,64,1000,131072,345893968825981.9,1520896650146799.2,1520896650.1467996,23764010.158543743,5.429386670818801,4.03582874674004e+17,1520896650146799.2,265.35851376558,460.838098136835,prefill
llama_3_1_405b,128x128,128,128,16384,128,1000,131072,691283252780283.8,2634310734899166.5,2634310734.899166,20580552.616399735,6.26921941334007,7.46450665672278e+17,2634310734899166.5,283.3571058202631,495.5080792334976,prefill
llama_3_1_405b,128x128,128,128,16384,256,1000,131072,1382566505560567.5,5268621469798333.0,5268621469.798332,20580552.616399735,6.26921941334007,1.500819601428054e+18,5268621469798333.0,284.8600169952048,495.6235644634943,prefill
llama_3_1_405b,128x128,128,128,16384,512,1000,131072,2765133011121135.0,1.0537242939596666e+16,10537242939.596664,20580552.616399735,6.26921941334007,3.0553125068682035e+18,1.0537242939596666e+16,289.9536932366819,495.68130707849264,prefill
llama_3_1_405b,128x256,128,256,32768,32,1000,131072,103867680136082.67,963208261176571.9,963208261.176572,30100258.161767874,4.286474863656852,2.4730351787573248e+17,621048148581525.4,398.2034540165267,910.6176181450649,prefill
llama_3_1_405b,128x256,128,256,32768,64,1000,131072,207609189054245.34,1519441681656311.8,1519441681.6563115,23741276.275879867,5.434585676890628,4.03582874674004e+17,1038481185683754.8,388.6280081311995,978.4987732511038,prefill
llama_3_1_405b,128x256,128,256,32768,128,1000,131072,415218378108490.7,2631908522615791.5,2631908522.615791,20561785.332935866,6.274941495149712,7.46450665672278e+17,1873473431106133.5,398.43141262567025,978.7193501654514,prefill
llama_3_1_405b,128x256,128,256,32768,256,1000,131072,830436756216981.4,4995664464631775.0,4995664464.631776,19514314.314967874,6.61176190551753,1.500819601428054e+18,3746946862212267.0,400.54467186704176,978.9474546787641,prefill
llama_3_1_405b,128x256,128,256,32768,512,1000,131072,1660747341216042.8,1.0211477086126014e+16,10211477086.126017,19944291.183839876,6.469219628348758,3.0553125068682035e+18,7493767553206614.0,407.71380819796343,988.2098132247713,prefill
llama_3_1_405b,128x512,128,512,65536,32,1000,131072,69295561358902.195,963202315750651.9,963202315.750652,30100072.367207874,4.286501322188298,2.4730351787573248e+17,449568194163121.56,550.0912232816914,1911.621239220168,prefill
llama_3_1_405b,128x512,128,512,65536,64,1000,131072,138591122717804.39,1519429790804471.8,1519429790.8044715,23741090.481319867,5.434628207222392,4.03582874674004e+17,797390861230947.1,506.129295300658,1912.4834778162901,prefill
llama_3_1_405b,128x512,128,512,65536,128,1000,131072,277182245435608.78,2631884740912111.5,2631884740.912111,20561599.538375866,6.2749981955047565,7.46450665672278e+17,1493036195366598.2,499.9548356488407,1912.9145971143507,prefill
llama_3_1_405b,128x512,128,512,65536,256,1000,131072,554332947739057.56,4995616901224415.0,4995616901.224416,19514128.520407874,6.611824856286393,1.500819601428054e+18,2986040847601036.5,502.6118790818959,1930.8285898168604,prefill
llama_3_1_405b,128x512,128,512,65536,512,1000,131072,1108634352345955.1,1.0207120278011838e+16,10207120278.011837,19935781.79299187,6.471980950621987,3.0553125068682035e+18,5972050152069913.0,511.6019505980257,1939.908808960344,prefill
llama_3_1_405b,256x32,256,32,8192,32,1000,131072,415257832677467.1,4961319352927666.0,4961319352.927666,155041229.77898955,0.8321915414623775,2.4684572340912128e+17,4961319352927666.0,49.754048439445455,115.9439390618307,prefill
llama_3_1_405b,256x32,256,32,8192,64,1000,131072,830010980483254.2,8294222498892644.0,8294222498.892644,129597226.54519756,0.9955768610140925,3.960595499639112e+17,8294222498892644.0,47.7512569763819,124.52699439980857,prefill
llama_3_1_405b,256x32,256,32,8192,128,1000,131072,1660021960966508.5,1.496053347569428e+16,14960533475.694279,116879167.77886155,1.1039092975415157,7.095828811024957e+17,1.496053347569428e+16,47.43031939705384,124.5840476481735,prefill
llama_3_1_405b,256x32,256,32,8192,256,1000,131072,3320043921933017.0,2.829315542929755e+16,28293155429.297558,110520138.39569359,1.1674252482208927,1.3713074529249526e+18,2.829315542929755e+16,48.467816053665196,124.61257427235594,prefill
llama_3_1_405b,256x32,256,32,8192,512,1000,131072,6639583158994354.0,5.658580617372342e+16,56585806173.723434,110519152.68305358,1.1674356604055276,2.7178744000670597e+18,5.658580617372342e+16,48.03102728134588,125.7764804835587,prefill
llama_3_1_405b,256x64,256,64,16384,32,1000,131072,207664491266398.84,2481228875306477.5,2481228875.3064775,77538402.35332742,1.6640012701327365,2.4684572340912128e+17,2481228875306477.5,99.48526952340553,231.8878781236614,prefill
llama_3_1_405b,256x64,256,64,16384,64,1000,131072,415076640096957.7,4148249647131611.0,4148249647.131611,64816400.73643142,1.9906072928156184,3.960595499639112e+17,4148249647131611.0,95.47630534670795,249.05398879961714,prefill
llama_3_1_405b,256x64,256,64,16384,128,1000,131072,830153280193915.4,7482543533217718.0,7482543533.217715,58457371.3532634,2.207146797968315,7.095828811024957e+17,7482543533217718.0,94.83177450988433,249.168095296347,prefill
llama_3_1_405b,256x64,256,64,16384,256,1000,131072,1660306560387830.8,1.4151131305389932e+16,14151131305.389933,55277856.661679424,2.3340991816971806,1.3713074529249526e+18,1.4151131305389932e+16,96.90443988761834,249.22514854471189,prefill
llama_3_1_405b,256x64,256,64,16384,512,1000,131072,3320360778339821.5,2.8302010268344024e+16,28302010268.344025,55277363.80535942,2.334119992666699,2.7178744000670597e+18,2.8302010268344024e+16,96.03114316960797,251.5529609671174,prefill
llama_3_1_405b,256x128,256,128,32768,32,1000,131072,103867680136082.67,1241181389699370.8,1241181389.6993709,38786918.42810534,3.326482361292927,2.4684572340912128e+17,1241181389699370.8,198.87965244863227,463.7757562473228,prefill
llama_3_1_405b,256x128,256,128,32768,64,1000,131072,207609189054245.34,2075258727658069.8,2075258727.6580698,32425917.61965734,3.9790392831252572,3.960595499639112e+17,2075258727658069.5,190.84827577661343,498.1079775992343,prefill
llama_3_1_405b,256x128,256,128,32768,128,1000,131072,415218378108490.7,3743539574793387.5,3743539574.793387,29246402.928073335,4.411619449999136,7.095828811024957e+17,3743539574793387.0,189.54865226492467,498.336190592694,prefill
llama_3_1_405b,256x128,256,128,32768,256,1000,131072,830436756216981.4,7080101269064023.0,7080101269.064024,27656645.582281344,4.665207847283591,1.3713074529249526e+18,7080101269064022.0,193.68472297377707,498.45029708942377,prefill
llama_3_1_405b,256x128,256,128,32768,512,1000,131072,1660747341216042.8,1.4160076366910126e+16,14160076366.910128,27656399.154121343,4.665249415912227,2.7178744000670597e+18,1.4160076366910124e+16,191.9392473347323,503.1059219342348,prefill
llama_3_1_405b,256x256,256,256,65536,32,1000,131072,60666092654566.4,964080789810790.4,964080789.8107904,30127524.6815872,4.282595445979489,2.4684572340912128e+17,760227463888486.4,324.69982358507605,916.9581751720408,prefill
llama_3_1_405b,256x256,256,256,65536,64,1000,131072,121269099700172.8,1521185209969868.8,1521185209.9698687,23768518.905779198,5.428356748330181,3.960595499639112e+17,1316902901906636.8,300.7507610397765,984.0061293178459,prefill
llama_3_1_405b,256x256,256,256,65536,128,1000,131072,242538199400345.6,2635394050288025.5,2635394050.2880244,20589016.01787519,6.266642363480731,7.095828811024957e+17,2430316863551897.5,291.97134404336214,984.4569612548017,prefill
llama_3_1_405b,256x256,256,256,65536,256,1000,131072,485076398800691.2,4863811730924339.0,4863811730.924339,18999264.5739232,6.79099969885611,1.3713074529249526e+18,4657144786842419.0,294.45239855957107,984.6823772232798,prefill
llama_3_1_405b,256x256,256,256,65536,512,1000,131072,970089711992422.4,9570375591646822.0,9570375591.64682,18692139.827435195,6.902580506626981,2.7178744000670597e+18,9314226488075878.0,291.7981867357957,993.7656988859818,prefill
llama_3_1_405b,256x512,256,512,131072,32,1000,131072,39048469426825.92,962948317212467.1,962948317.2124672,30092134.9128896,4.287631980033897,2.4684572340912128e+17,519726620354718.7,474.9530113363186,1926.7267273844577,prefill
llama_3_1_405b,256x512,256,512,131072,64,1000,131072,78096938853651.84,1518920264773222.2,1518920264.7732222,23733129.137081597,5.4364512683836415,3.960595499639112e+17,937707713614141.4,422.36993917582964,1926.6693334484005,prefill
llama_3_1_405b,256x512,256,512,131072,128,1000,131072,156193877707303.7,2630864159894732.5,2630864159.8947325,20553626.249177597,6.2774324314261865,7.095828811024957e+17,1773669900132986.8,400.06479280574837,1927.5520556607858,prefill
llama_3_1_405b,256x512,256,512,131072,256,1000,131072,312371983848527.4,4854751950137753.0,4854751950.137754,18963874.805225603,6.803672842453415,1.3713074529249526e+18,3445578501604597.5,397.9904832487021,1945.408702176642,prefill
llama_3_1_405b,256x512,256,512,131072,512,1000,131072,624728196130974.8,9552256030073650.0,9552256030.07365,18656750.0587376,6.915673930014066,2.7178744000670597e+18,6891141231643115.0,394.40120419923727,1954.227590582598,prefill
llama_3_1_405b,512x32,512,32,16384,32,1000,131072,276968283564777.22,7181031875632423.0,7181031875.632423,224407246.11351323,0.5749546961363942,2.4662447782100992e+17,7181031875632423.0,34.34387732741961,130.5321486868213,prefill
llama_3_1_405b,512x32,512,32,16384,64,1000,131072,553936567129554.44,1.2734152229173838e+16,12734152229.173836,198971128.58084118,0.6484558886520969,3.923523565466419e+17,1.2734152229173838e+16,30.811030800131782,130.64596076591502,prefill
llama_3_1_405b,512x32,512,32,16384,128,1000,131072,1107873134259108.9,2.3840392936256668e+16,23840392936.25667,186253069.81450525,0.6927348909121266,6.913853833483387e+17,2.3840392936256668e+16,29.000586743554635,130.7028668054619,prefill
llama_3_1_405b,512x32,512,32,16384,256,1000,131072,2215620097300297.8,4.605274817920441e+16,46052748179.2044,179893547.57501718,0.717224168066372,1.3076666834569134e+18,4.605274817920441e+16,28.39497609064303,131.86674576472123,prefill
llama_3_1_405b,512x32,512,32,16384,512,1000,131072,4431114023382675.5,9.047745866509989e+16,90477458665.0999,176713786.45527324,0.7301297911618024,2.5523733165884047e+18,9.047745866509989e+16,28.210046504908505,132.45669107131943,prefill
llama_3_1_405b,512x64,512,64,32768,32,1000,131072,138519716710053.88,3591654335501500.0,3591654335.5015,112239197.98442188,1.14954492117725,2.4662447782100992e+17,3591654335501500.0,68.6659836341333,261.0642973736426,prefill
llama_3_1_405b,512x64,512,64,32768,64,1000,131072,277039433420107.75,6369352909957496.0,6369352909.957496,99521139.21808587,1.2964481819009626,3.923523565466419e+17,6369352909957496.0,61.600034115437346,261.29192153183004,prefill
llama_3_1_405b,512x64,512,64,32768,128,1000,131072,554078866840215.5,1.1924750058869488e+16,11924750058.869492,93162109.8349179,1.3849407256730113,6.913853833483387e+17,1.1924750058869488e+16,57.97902513135647,261.4057336109238,prefill
llama_3_1_405b,512x64,512,64,32768,256,1000,131072,1108094648071471.0,2.303548127108451e+16,23035481271.08451,89982348.71517387,1.4338812205092228,1.3076666834569134e+18,2.303548127108451e+16,56.76750001739157,263.73349152944246,prefill
llama_3_1_405b,512x64,512,64,32768,512,1000,131072,2216126210533982.0,4.525694369551456e+16,45256943695.514565,88392468.15530188,1.4596718780757452,2.5523733165884047e+18,4.525694369551456e+16,56.3973858632741,264.91338214263885,prefill
llama_3_1_405b,512x128,512,128,65536,32,1000,131072,69295292857910.195,1796961071843014.2,1796961071.8430145,56155033.4950942,2.2976390889566782,2.4662447782100992e+17,1796961071843014.2,137.2453091418752,522.1285947472852,prefill
llama_3_1_405b,512x128,512,128,65536,64,1000,131072,138590585715820.39,3186944263163276.5,3186944263.163276,49796004.11192619,2.5910512761223474,3.923523565466419e+17,3186944263163276.5,123.11239988778573,522.5838430636601,prefill
llama_3_1_405b,512x128,512,128,65536,128,1000,131072,277181171431640.78,5966910645803801.0,5966910645.8038025,46616489.42034221,2.7677759866597187,6.913853833483387e+17,5966910645803801.0,115.86990729190019,522.8114672218476,prefill
llama_3_1_405b,512x128,512,128,65536,256,1000,131072,554330800058801.56,1.152681186828037e+16,11526811868.280369,45026608.86047019,2.865505603582616,1.3076666834569134e+18,1.152681186828037e+16,113.44565161641681,527.4669830588849,prefill
llama_3_1_405b,512x128,512,128,65536,512,1000,131072,1108630057313123.1,2.2646614313233508e+16,22646614313.233513,44231668.580534205,2.917005035997711,2.5523733165884047e+18,2.2646614313233508e+16,112.7044105262538,529.8267642852777,prefill
llama_3_1_405b,512x256,512,256,131072,32,1000,131072,39048335176329.92,1242917813961021.2,1242917813.961021,38841181.686281905,3.321835083240252,2.4662447782100992e+17,1039230900425021.4,237.31441946168673,1033.2935413193227,prefill
llama_3_1_405b,512x256,512,256,131072,64,1000,131072,78096670352659.84,2078858493792890.5,2078858493.7928905,32482163.965513915,3.9721491504378794,3.923523565466419e+17,1874972860588666.8,209.2576190267943,1034.1944786549507,prefill
llama_3_1_405b,512x256,512,256,131072,128,1000,131072,156193340705319.7,3750739853456629.0,3750739853.456629,29302655.105129912,4.403150483705219,6.913853833483387e+17,3546456780915957.5,194.95102465897577,1034.6449473227644,prefill
llama_3_1_405b,512x256,512,256,131072,256,1000,131072,312370910008399.4,7094502572784106.0,7094502572.784107,27712900.67493792,4.655737828147397,1.3076666834569134e+18,6889408850168299.0,189.8082566873599,1043.758177031298,prefill
llama_3_1_405b,512x256,512,256,131072,512,1000,131072,624726048614558.8,1.378202801143906e+16,13782028011.43906,26918023.459841914,4.7932196876374125,2.5523733165884047e+18,1.3575312988672982e+16,188.01579887830673,1048.3768108081333,prefill
llama_3_1_405b,512x512,512,512,262144,32,1000,131072,23923731125549.438,965882036458925.9,965882036.458926,30183813.639341436,4.274608952389991,2.4662447782100992e+17,660349196707246.0,373.47585043000583,2036.029873737633,prefill
llama_3_1_405b,512x512,512,512,262144,64,1000,131072,47847462251098.875,1524786938788700.0,1524786938.7887,23824795.91857344,5.415534321509755,3.923523565466419e+17,1218952866319196.0,321.8765609300435,2037.805105321256,prefill
llama_3_1_405b,512x512,512,512,262144,128,1000,131072,95694924502197.75,2642596743448248.0,2642596743.448247,20645287.05818943,6.249561928412115,6.913853833483387e+17,2336160205543096.0,295.9494737166836,2038.6927211130674,prefill
llama_3_1_405b,512x512,512,512,262144,256,1000,131072,191381963221355.5,4878216352767344.0,4878216352.7673435,19055532.627997436,6.770946922282867,1.3076666834569134e+18,4570566998207856.0,286.1060091602763,2056.3752137379443,prefill
llama_3_1_405b,512x512,512,512,262144,512,1000,131072,382756040659671.0,9349455571405536.0,9349455571.405535,18260655.412901435,7.065682862009572,2.5523733165884047e+18,9039380583537376.0,282.36152831498396,2065.3349940664007,prefill
llama_3_1_405b,32x32,32,32,1024,32,2000,131072,2762890868819059.0,3871489184237797.5,1935744592.1188989,60492018.50371559,2.1329094844483487,2.5007954306636186e+17,3871489184237797.5,129.1903612101122,251.33990667005,prefill
llama_3_1_405b,32x32,32,32,1024,64,2000,131072,5538701670353126.0,7755898301190603.0,3877949150.5953016,60592955.47805159,2.129356440564052,4.4893559630227046e+17,7755898301190603.0,115.76624108992111,202.09053118658926,prefill
llama_3_1_405b,32x32,32,32,1024,128,2000,131072,1.1077403340706252e+16,1.5511796602381206e+16,7755898301.190603,60592955.47805159,2.129356440564052,9.685999748393206e+17,1.5511796602381206e+16,124.88559509484949,202.18566709119293,prefill
llama_3_1_405b,32x32,32,32,1024,256,2000,131072,2.2122506849624984e+16,3.0991293372974892e+16,15495646686.487448,60529869.86909159,2.1315757043430157,2.2825510778584433e+18,3.0991293372974892e+16,147.30273115021907,230.57392932900498,prefill
llama_3_1_405b,32x32,32,32,1024,512,2000,131072,4.421271386746245e+16,6.1950286914162264e+16,30975143457.081135,60498327.06461159,2.1326870718623954,5.093535383104258e+18,6.1950286914162264e+16,164.43944449076767,247.9774488190083,prefill
llama_3_1_405b,32x64,32,64,2048,32,2000,131072,1384817717298942.5,1939259174718972.8,969629587.3594866,30300924.604983956,4.258087886162321,2.5007954306636186e+17,1939259174718973.0,257.91245061671765,403.8005187547638,prefill
llama_3_1_405b,32x64,32,64,2048,64,2000,131072,2769635434597885.0,3878518349437945.5,1939259174.7189732,30300924.604983956,4.258087886162321,4.4893559630227046e+17,3878518349437946.0,231.49850321957499,404.1810623731785,prefill
llama_3_1_405b,32x64,32,64,2048,128,2000,131072,5531195911248890.0,7748961740929011.0,3874480870.4645066,30269381.800503958,4.262525110369181,9.685999748393206e+17,7748961740929012.0,249.99477535765882,461.05332420601184,prefill
llama_3_1_405b,32x64,32,64,2048,256,2000,131072,1.10543168645509e+16,1.5489848523911142e+16,7744924261.955573,30253610.398263957,4.26474719220301,2.2825510778584433e+18,1.5489848523911144e+16,294.7157390641939,495.90406793293886,prefill
llama_3_1_405b,32x64,32,64,2048,512,2000,131072,2.21086337291018e+16,3.0979697047822284e+16,15489848523.911146,30253610.398263957,4.26474719220301,5.093535383104258e+18,3.097969704782229e+16,328.8305482937127,495.9548976380166,prefill
llama_3_1_405b,32x128,32,128,4096,32,2000,131072,692584419528460.2,1935065842442240.0,967532921.22112,30235403.78816,4.267315260744922,2.5007954306636186e+17,969946886250008.5,515.6561593454152,804.2877013441599,prefill
llama_3_1_405b,32x128,32,128,4096,64,2000,131072,1383150099570200.5,3057736120524800.0,1528868060.2624,23888563.4416,5.401078232076323,4.4893559630227046e+17,1937875033013297.0,463.3277055065811,917.3638619909993,prefill
llama_3_1_405b,32x128,32,128,4096,128,2000,131072,2764281459653681.0,6324089690513408.0,3162044845.256704,24703475.353568,5.222908847979751,9.685999748393206e+17,3873731326539874.0,500.08629571349303,986.6213355831694,prefill
llama_3_1_405b,32x128,32,128,4096,256,2000,131072,5528562919307362.0,1.3331441585217536e+16,6665720792.608768,26037971.846128,4.955224652767517,2.2825510778584433e+18,7747462653079748.0,589.2383558508902,986.8236325895941,prefill
llama_3_1_405b,32x128,32,128,4096,512,2000,131072,1.1057125838614724e+16,2.8422086725197824e+16,14211043362.598913,27755944.067576002,4.6485177980569405,5.093535383104258e+18,1.5494925306159496e+16,657.4456194479997,986.9247810928065,prefill
llama_3_1_405b,32x256,32,256,8192,32,2000,131072,415257832677467.1,1935023563857920.0,967511781.92896,30234743.18528,4.267408497877245,2.5007954306636186e+17,623367095238838.2,802.3507977126891,1811.824203639156,prefill
llama_3_1_405b,32x256,32,256,8192,64,2000,131072,830010980483254.2,3057651563356160.0,1528825781.6780798,23887902.838719998,5.401227595034608,4.4893559630227046e+17,1246229505605996.5,720.4701770946584,1947.841155521293,prefill
llama_3_1_405b,32x256,32,256,8192,128,2000,131072,1660021960966508.5,5957415984422912.0,2978707992.211455,23271156.18915199,5.544374286832616,9.685999748393206e+17,2492459011211993.0,777.2243960540198,1948.7581189696386,prefill
llama_3_1_405b,32x256,32,256,8192,256,2000,131072,3320043921933017.0,1.2958073065299968e+16,6479036532.649982,25308736.455663994,5.098002431928005,2.2825510778584433e+18,4984918022423986.0,915.7827942568736,1949.1576926657417,prefill
llama_3_1_405b,32x256,32,256,8192,512,2000,131072,6639583158994354.0,2.8387316817453056e+16,14193658408.726526,27721989.079543997,4.654211486404725,5.093535383104258e+18,9969331359976292.0,1021.8409237660992,1967.572187337258,prefill
llama_3_1_405b,32x512,32,512,16384,32,2000,131072,276969357568745.22,1934999782154240.0,967499891.07712,30234371.59616,4.267460945554663,2.5007954306636186e+17,450449891120594.44,1110.3545499555269,3803.4862936926233,prefill
llama_3_1_405b,32x512,32,512,16384,64,2000,131072,553938715137490.44,3057603999948800.0,1528801999.9744,23887531.2496,5.401311615329044,4.4893559630227046e+17,900899782241188.9,996.6382613290085,3807.070718104103,prefill
llama_3_1_405b,32x512,32,512,16384,128,2000,131072,1107877430274980.9,5957320857608192.0,2978660428.804095,23270784.60003199,5.544462819694641,9.685999748393206e+17,1801799564482377.8,1075.1473070952602,3808.862930309843,prefill
llama_3_1_405b,32x512,32,512,16384,256,2000,131072,2215628688021321.8,1.2949359449071616e+16,6474679724.535808,25291717.673968,5.101432874715366,2.2825510778584433e+18,3603472956436115.5,1266.8617777644806,3844.4243162115854,prefill
llama_3_1_405b,32x512,32,512,16384,512,2000,131072,4431131203514003.5,2.836988958499635e+16,14184944792.498178,27704970.297848005,4.657070504422161,5.093535383104258e+18,7206819740343591.0,1413.5320617472305,3862.449620921494,prefill
llama_3_1_405b,64x32,64,32,2048,32,2000,131072,1384817717298942.5,3862097850604537.5,1931048925.302269,60345278.915695906,2.1380960088070893,2.482278739350651e+17,3862097850604538.0,128.54561615843562,202.1297778363566,prefill
llama_3_1_405b,64x32,64,32,2048,64,2000,131072,2769635434597885.0,6096284179118067.0,3048142089.559034,47627220.149359904,2.709039066218397,4.186990120051671e+17,6096284179118068.0,137.36203881025085,202.31970800663711,prefill
llama_3_1_405b,64x32,64,32,2048,128,2000,131072,5531195911248890.0,1.2184493400289254e+16,6092246700.144628,47595677.3448799,2.710834411811974,8.204972942352712e+17,1.2184493400289256e+16,134.67893449157154,230.75989469068892,prefill
llama_3_1_405b,64x32,64,32,2048,256,2000,131072,1.10543168645509e+16,2.4360911842631628e+16,12180455921.315817,47579905.94263991,2.7117329772687078,1.7613553076115866e+18,2.436091184263163e+16,144.60503933430047,248.19524663681696,prefill
llama_3_1_405b,64x32,64,32,2048,512,2000,131072,2.21086337291018e+16,4.8721823685263256e+16,24360911842.631634,47579905.94263991,2.7117329772687078,3.734579769841287e+18,4.872182368526326e+16,153.30213392528958,248.22435596898148,prefill
llama_3_1_405b,64x64,64,64,4096,32,2000,131072,692480008504801.8,1931333524723591.0,965666762.3617955,30177086.32380611,4.275561882136232,2.482278739350651e+17,1931333524723591.0,257.05334760405094,404.2595556727132,prefill
llama_3_1_405b,64x64,64,64,4096,64,2000,131072,1384960017009603.5,3048711288401678.0,1524355644.2008393,23818056.940638114,5.41706656934977,4.186990120051671e+17,3048711288401678.0,274.6727862346552,404.63941601327423,prefill
llama_3_1_405b,64x64,64,64,4096,128,2000,131072,2765882555045767.0,6093385097829916.0,3046692548.9149585,23802285.538398113,5.42065591944341,8.204972942352712e+17,6093385097829916.0,269.3075461544294,461.51978938137785,prefill
llama_3_1_405b,64x64,64,64,4096,256,2000,131072,5527727631118094.0,1.2182732716686392e+16,6091366358.343198,23794399.837278116,5.42245237880979,1.7613553076115866e+18,1.2182732716686392e+16,289.1560290408573,496.3904932736339,prefill
llama_3_1_405b,64x64,64,64,4096,512,2000,131072,1.1055455262236188e+16,2.4365465433372784e+16,12182732716.686396,23794399.837278116,5.42245237880979,3.734579769841287e+18,2.4365465433372784e+16,306.5469674735722,496.44871193796297,prefill
llama_3_1_405b,64x128,64,128,8192,32,2000,131072,346327784691895.4,1928533550555136.0,964266775.277568,30133336.727424,4.281769429224104,2.482278739350651e+17,965967149818589.5,513.9468231019715,805.2020086083214,prefill
llama_3_1_405b,64x128,64,128,8192,64,2000,131072,691646199640430.8,3043123535536128.0,1521561767.7680638,23774402.621375997,5.427013332566017,4.186990120051671e+17,1523947049371067.0,549.4928608942997,918.4041805625005,prefill
llama_3_1_405b,64x128,64,128,8192,128,2000,131072,1382283029537501.5,5378804316364800.0,2689402158.1823997,21010954.360799998,6.140796737949193,8.204972942352712e+17,3046884728998774.0,538.5811195455968,987.6195378954839,prefill
llama_3_1_405b,64x128,64,128,8192,256,2000,131072,2764566059075003.0,1.109857118662656e+16,5549285593.313278,21676896.848879993,5.952143468665647,1.7613553076115866e+18,6093769457997548.0,578.0839986652134,987.7915940416733,prefill
llama_3_1_405b,64x128,64,128,8192,512,2000,131072,5529132118150006.0,2.3077074433990656e+16,11538537216.995327,22536205.501943998,5.725187409604969,3.734579769841287e+18,1.2187538915995096e+16,612.8521591738217,987.9074461944035,prefill
llama_3_1_405b,64x256,64,256,16384,32,2000,131072,207664491266398.84,1928512411262976.0,964256205.631488,30133006.425984,4.281816363625147,2.482278739350651e+17,621679580022139.4,798.571746320589,1813.8838696367864,prefill
llama_3_1_405b,64x256,64,256,16384,64,2000,131072,415076640096957.7,3043081256951808.0,1521540628.4759037,23774072.319935996,5.427088731946255,4.186990120051671e+17,1039617877347062.8,805.4863640352539,1950.050066742218,prefill
llama_3_1_405b,64x256,64,256,16384,128,2000,131072,830153280193915.4,5378719759196160.0,2689359879.5980797,21010624.059359998,6.140893275491322,8.204972942352712e+17,2079235754694125.5,789.2296892095085,1950.7297516420124,prefill
llama_3_1_405b,64x256,64,256,16384,256,2000,131072,1660306560387830.8,1.0912885758222336e+16,5456442879.111169,21314229.996528003,6.0534206500078795,1.7613553076115866e+18,4158471509388251.0,847.1166887329224,1951.0695940919095,prefill
llama_3_1_405b,64x256,64,256,16384,512,2000,131072,3320360778339821.5,2.305968948011827e+16,11529844740.059137,22519228.007928003,5.729503691448769,3.734579769841287e+18,8316690676340662.0,898.0927426976278,1969.5312672594669,prefill
llama_3_1_405b,64x512,64,512,32768,32,2000,131072,138520253712037.88,1928500520411136.0,964250260.205568,30132820.631424,4.281842764677907,2.482278739350651e+17,449720542370455.5,1103.9205486441329,3807.810063833147,prefill
llama_3_1_405b,64x512,64,512,32768,64,2000,131072,277040507424075.75,3043057475248128.0,1521528737.624064,23773886.525376,5.427131145018343,4.186990120051671e+17,797695557645615.0,1049.7714522591807,3811.3880522995723,prefill
llama_3_1_405b,64x512,64,512,32768,128,2000,131072,554081014848151.5,5378672195788800.0,2689336097.8943996,21010438.264799997,6.140947579192643,8.204972942352712e+17,1595391115291230.0,1028.5845099312764,3812.716501733044,prefill
llama_3_1_405b,64x512,64,512,32768,256,2000,131072,1108098943431983.0,1.0912790631407616e+16,5456395315.703809,21314044.201968003,6.053473417686107,1.7613553076115866e+18,3190719144318140.0,1104.0491048847798,3848.1952580705306,prefill
llama_3_1_405b,64x512,64,512,32768,512,2000,131072,2216134800599646.0,2.305097586388992e+16,11525487931.94496,22510718.61708,5.731669530181195,3.734579769841287e+18,6381375202371960.0,1170.4623694444865,3866.295399770976,prefill
llama_3_1_405b,128x32,128,32,4096,32,2000,131072,692584419528460.2,3855055328147554.0,1927527664.0737772,60235239.50230554,2.1420019421531733,2.4730351787573248e+17,3855055328147554.0,128.30089159553916,202.11633927572066,prefill
llama_3_1_405b,128x32,128,32,4096,64,2000,131072,1383150099570200.5,6080180394717380.0,3040090197.3586903,47501409.333729535,2.7162141462692007,4.03582874674004e+17,6080180394717380.0,132.75358574053075,230.4190490684175,prefill
llama_3_1_405b,128x32,128,32,4096,128,2000,131072,2764281459653681.0,1.0530430527857032e+16,5265215263.9285145,41134494.24944152,3.136637567915442,7.46450665672278e+17,1.0530430527857032e+16,141.77020848247932,247.7540396167488,prefill
llama_3_1_405b,128x32,128,32,4096,256,2000,131072,5528562919307362.0,2.1060861055714064e+16,10530430527.857029,41134494.24944152,3.136637567915442,1.500819601428054e+18,2.1060861055714064e+16,142.52215020628168,247.81178223174715,prefill
llama_3_1_405b,128x32,128,32,4096,512,2000,131072,1.1057125838614724e+16,4.212172211142813e+16,21060861055.714058,41134494.24944152,3.136637567915442,3.0553125068682035e+18,4.212172211142813e+16,145.07063594340843,247.84065353924632,prefill
llama_3_1_405b,128x64,128,64,8192,32,2000,131072,346327784691895.4,1927812263495099.2,963906131.7475498,30122066.61711093,4.283371444597614,2.4730351787573248e+17,1927812263495099.0,256.5639015361116,404.2326785514413,prefill
llama_3_1_405b,128x64,128,64,8192,64,2000,131072,691646199640430.8,3040659396201334.0,1520329698.1006672,23755151.532822926,5.431411364466574,4.03582874674004e+17,3040659396201334.0,265.4574696384581,460.838098136835,prefill
llama_3_1_405b,128x64,128,64,8192,128,2000,131072,1382283029537501.5,5266353661613804.0,2633176830.806902,20571693.99067892,6.271919077663757,7.46450665672278e+17,5266353661613804.0,283.4791256474553,495.5080792334976,prefill
llama_3_1_405b,128x64,128,64,8192,256,2000,131072,2764566059075003.0,1.0532707323227608e+16,5266353661.613804,20571693.99067892,6.271919077663757,1.500819601428054e+18,1.0532707323227608e+16,284.98268400913804,495.6235644634943,prefill
llama_3_1_405b,128x64,128,64,8192,512,2000,131072,5529132118150006.0,2.1065414646455216e+16,10532707323.227608,20571693.99067892,6.271919077663757,3.0553125068682035e+18,2.1065414646455216e+16,290.0785537000893,495.68130707849264,prefill
llama_3_1_405b,128x128,128,128,16384,32,2000,131072,173199326848830.94,1925267404611584.0,962633702.305792,30082303.197056,4.289033294918286,2.4730351787573248e+17,964189607770615.6,512.976941221227,808.4653571028826,prefill
llama_3_1_405b,128x128,128,128,16384,64,2000,131072,345893968825981.9,3036585127829504.0,1518292563.9147518,23723321.311167996,5.438698835953489,4.03582874674004e+17,1520896650146799.2,530.71702753116,921.67619627367,prefill
llama_3_1_405b,128x128,128,128,16384,128,2000,131072,691283252780283.8,5259220574265344.0,2629610287.1326714,20543830.368223995,6.280425689240835,7.46450665672278e+17,2634310734899166.5,566.7142116405262,991.0161584669952,prefill
llama_3_1_405b,128x128,128,128,16384,256,2000,131072,1382566505560567.5,9982135987331072.0,4991067993.665537,19496359.350256003,6.617850937298496,1.500819601428054e+18,5268621469798333.0,569.7200339904095,991.2471289269886,prefill
llama_3_1_405b,128x128,128,128,16384,512,2000,131072,2765133011121135.0,2.040456828838707e+16,10202284144.193539,19926336.219128005,6.47504882890339,3.0553125068682035e+18,1.0537242939596666e+16,579.9073864733638,991.3626141569853,prefill
llama_3_1_405b,128x256,128,256,32768,32,2000,131072,103867680136082.67,1925256834965504.0,962628417.482752,30082138.046336,4.2890568416800114,2.4730351787573248e+17,621048148581525.4,796.4069080330534,1821.2352362901297,prefill
llama_3_1_405b,128x256,128,256,32768,64,2000,131072,207609189054245.34,3036563988537344.0,1518281994.2686718,23723156.160447996,5.438736697906703,4.03582874674004e+17,1038481185683754.8,777.256016262399,1956.9975465022076,prefill
llama_3_1_405b,128x256,128,256,32768,128,2000,131072,415218378108490.7,5259178295681024.0,2629589147.8405113,20543665.217503995,6.280476177642662,7.46450665672278e+17,1873473431106133.5,796.8628252513405,1957.4387003309027,prefill
llama_3_1_405b,128x256,128,256,32768,256,2000,131072,830436756216981.4,9982051430162432.0,4991025715.081217,19496194.199536003,6.6179069965906825,1.500819601428054e+18,3746946862212267.0,801.0893437340835,1957.8949093575281,prefill
llama_3_1_405b,128x256,128,256,32768,512,2000,131072,1660747341216042.8,2.039587581145088e+16,10197937905.72544,19917847.47212,6.47780841682824,3.0553125068682035e+18,7493767553206614.0,815.4276163959269,1976.4196264495426,prefill
llama_3_1_405b,128x512,128,512,65536,32,2000,131072,69295561358902.195,1925250889539584.0,962625444.769792,30082045.149056,4.289070086847101,2.4730351787573248e+17,449568194163121.56,1100.1824465633829,3823.242478440336,prefill
llama_3_1_405b,128x512,128,512,65536,64,2000,131072,138591122717804.39,3036552097685504.0,1518276048.8427517,23723063.263167996,5.438757995487048,4.03582874674004e+17,797390861230947.1,1012.258590601316,3824.9669556325803,prefill
llama_3_1_405b,128x512,128,512,65536,128,2000,131072,277182245435608.78,5259154513977344.0,2629577256.9886713,20543572.320223995,6.280504577725419,7.46450665672278e+17,1493036195366598.2,999.9096712976814,3825.8291942287015,prefill
llama_3_1_405b,128x512,128,512,65536,256,2000,131072,554332947739057.56,9982003866755072.0,4991001933.377537,19496101.302256003,6.6179385303599085,1.500819601428054e+18,2986040847601036.5,1005.2237581637918,3861.6571796337207,prefill
llama_3_1_405b,128x512,128,512,65536,512,2000,131072,1108634352345955.1,2.039578068463616e+16,10197890342.318079,19917754.574839998,6.477838629610511,3.0553125068682035e+18,5972050152069913.0,1023.2039011960514,3879.817617920688,prefill
llama_3_1_405b,256x32,256,32,8192,32,2000,131072,415257832677467.1,4961319352927666.0,2480659676.463833,77520614.88949478,1.664383082924755,2.4684572340912128e+17,4961319352927666.0,99.50809687889091,231.8878781236614,prefill
llama_3_1_405b,256x32,256,32,8192,64,2000,131072,830010980483254.2,8294222498892644.0,4147111249.446322,64798613.27259878,1.991153722028185,3.960595499639112e+17,8294222498892644.0,95.5025139527638,249.05398879961714,prefill
llama_3_1_405b,256x32,256,32,8192,128,2000,131072,1660021960966508.5,1.496053347569428e+16,7480266737.847139,58439583.889430776,2.2078185950830314,7.095828811024957e+17,1.496053347569428e+16,94.86063879410769,249.168095296347,prefill
llama_3_1_405b,256x32,256,32,8192,256,2000,131072,3320043921933017.0,2.829315542929755e+16,14146577714.648779,55260069.19784679,2.3348504964417853,1.3713074529249526e+18,2.829315542929755e+16,96.93563210733039,249.22514854471189,prefill
llama_3_1_405b,256x32,256,32,8192,512,2000,131072,6639583158994354.0,5.658580617372342e+16,28292903086.861717,55259576.34152679,2.334871320811055,2.7178744000670597e+18,5.658580617372342e+16,96.06205456269176,251.5529609671174,prefill
llama_3_1_405b,256x64,256,64,16384,32,2000,131072,207664491266398.84,2481228875306477.5,1240614437.6532388,38769201.17666371,3.328002540265473,2.4684572340912128e+17,2481228875306477.5,198.97053904681107,463.7757562473228,prefill
llama_3_1_405b,256x64,256,64,16384,64,2000,131072,415076640096957.7,4148249647131611.0,2074124823.5658054,32408200.36821571,3.981214585631237,3.960595499639112e+17,4148249647131611.0,190.9526106934159,498.1079775992343,prefill
llama_3_1_405b,256x64,256,64,16384,128,2000,131072,830153280193915.4,7482543533217718.0,3741271766.6088576,29228685.6766317,4.41429359593663,7.095828811024957e+17,7482543533217718.0,189.66354901976865,498.336190592694,prefill
llama_3_1_405b,256x64,256,64,16384,256,2000,131072,1660306560387830.8,1.4151131305389932e+16,7075565652.694966,27638928.330839712,4.668198363394361,1.3713074529249526e+18,1.4151131305389932e+16,193.80887977523668,498.45029708942377,prefill
llama_3_1_405b,256x64,256,64,16384,512,2000,131072,3320360778339821.5,2.8302010268344024e+16,14151005134.172012,27638681.90267971,4.668239985333398,2.7178744000670597e+18,2.8302010268344024e+16,192.06228633921594,503.1059219342348,prefill
llama_3_1_405b,256x128,256,128,32768,32,2000,131072,103867680136082.67,1924772879735287.8,962386439.8676438,30074576.24586387,4.29013526060054,2.4684572340912128e+17,1241181389699370.8,397.75930489726454,927.5515124946456,prefill
llama_3_1_405b,256x128,256,128,32768,64,2000,131072,207609189054245.34,3035593020167151.5,1517796510.0835755,23715570.470055867,5.440476338653137,3.960595499639112e+17,2075258727658069.5,381.69655155322687,996.2159551984686,prefill
llama_3_1_405b,256x128,256,128,32768,128,2000,131072,415218378108490.7,5257233301030879.0,2628616650.515439,20536067.582151867,6.282799736797528,7.095828811024957e+17,3743539574793387.0,379.09730452984934,996.672381185388,prefill
llama_3_1_405b,256x128,256,128,32768,256,2000,131072,830436756216981.4,9700513862758334.0,4850256931.379168,18946316.138199873,6.809978206784996,1.3713074529249526e+18,7080101269064022.0,387.36944594755414,996.9005941788475,prefill
llama_3_1_405b,256x128,256,128,32768,512,2000,131072,1660747341216042.8,1.9086531985112956e+16,9543265992.556477,18639191.39171187,6.922188698452445,2.7178744000670597e+18,1.4160076366910124e+16,383.8784946694646,1006.2118438684696,prefill
llama_3_1_405b,256x256,256,256,65536,32,2000,131072,60666092654566.4,1923634331639808.0,961817165.819904,30056786.431872,4.292674477773974,2.4684572340912128e+17,760227463888486.4,649.3996471701521,1833.9163503440816,prefill
llama_3_1_405b,256x256,256,256,65536,64,2000,131072,121269099700172.8,3033315923976192.0,1516657961.9880958,23697780.656063996,5.4445604789992945,3.960595499639112e+17,1316902901906636.8,601.501522079553,1968.0122586356918,prefill
llama_3_1_405b,256x256,256,256,65536,128,2000,131072,242538199400345.6,5252679108648960.0,2626339554.3244796,20518277.768159997,6.288247067218175,7.095828811024957e+17,2430316863551897.5,583.9426880867243,1968.9139225096035,prefill
llama_3_1_405b,256x256,256,256,65536,256,2000,131072,485076398800691.2,9691405477994496.0,4845702738.99725,18928526.324208006,6.816378506708632,1.3713074529249526e+18,4657144786842419.0,588.9047971191421,1969.3647544465596,prefill
llama_3_1_405b,256x256,256,256,65536,512,2000,131072,970089711992422.4,1.906831521558528e+16,9534157607.792639,18621401.577719998,6.928801758637423,2.7178744000670597e+18,9314226488075878.0,583.5963734715914,1987.5313977719636,prefill
llama_3_1_405b,256x512,256,512,131072,32,2000,131072,39048469426825.92,1923628386213888.0,961814193.106944,30056693.534592,4.292687745293984,2.4684572340912128e+17,519726620354718.7,949.9060226726372,3853.4534547689154,prefill
llama_3_1_405b,256x512,256,512,131072,64,2000,131072,78096938853651.84,3033304033124352.0,1516652016.5621758,23697687.758783996,5.4445818222149045,3.960595499639112e+17,937707713614141.4,844.7398783516593,3853.338666896801,prefill
llama_3_1_405b,256x512,256,512,131072,128,2000,131072,156193877707303.7,5252655326945280.0,2626327663.4726396,20518184.870879997,6.288275537623925,7.095828811024957e+17,1773669900132986.8,800.1295856114967,3855.1041113215715,prefill
llama_3_1_405b,256x512,256,512,131072,256,2000,131072,312371983848527.4,9691357914587136.0,4845678957.29357,18928433.426928006,6.816411960244297,1.3713074529249526e+18,3445578501604597.5,795.9809664974042,3890.817404353284,prefill
llama_3_1_405b,256x512,256,512,131072,512,2000,131072,624728196130974.8,1.906822008877056e+16,9534110044.385279,18621308.680439997,6.9288363247814075,2.7178744000670597e+18,6891141231643115.0,788.8024083984745,3908.455181165196,prefill
llama_3_1_405b,512x32,512,32,16384,32,2000,131072,276968283564777.22,7181031875632423.0,3590515937.8162117,112203623.05675662,1.1499093922727883,2.4662447782100992e+17,7181031875632423.0,68.68775465483922,261.0642973736426,prefill
llama_3_1_405b,512x32,512,32,16384,64,2000,131072,553936567129554.44,1.2734152229173838e+16,6367076114.586918,99485564.29042059,1.2969117773041938,3.923523565466419e+17,1.2734152229173838e+16,61.622061600263564,261.29192153183004,prefill
llama_3_1_405b,512x32,512,32,16384,128,2000,131072,1107873134259108.9,2.3840392936256668e+16,11920196468.128336,93126534.90725262,1.3854697818242532,6.913853833483387e+17,2.3840392936256668e+16,58.00117348710927,261.4057336109238,prefill
llama_3_1_405b,512x32,512,32,16384,256,2000,131072,2215620097300297.8,4.605274817920441e+16,23026374089.6022,89946773.78750859,1.434448336132744,1.3076666834569134e+18,4.605274817920441e+16,56.78995218128606,263.73349152944246,prefill
llama_3_1_405b,512x32,512,32,16384,512,2000,131072,4431114023382675.5,9.047745866509989e+16,45238729332.54995,88356893.22763662,1.4602595823236049,2.5523733165884047e+18,9.047745866509989e+16,56.42009300981701,264.91338214263885,prefill
llama_3_1_405b,512x64,512,64,32768,32,2000,131072,138519716710053.88,3591654335501500.0,1795827167.75075,56119598.99221094,2.2990898423545,2.4662447782100992e+17,3591654335501500.0,137.3319672682666,522.1285947472852,prefill
llama_3_1_405b,512x64,512,64,32768,64,2000,131072,277039433420107.75,6369352909957496.0,3184676454.978748,49760569.609042935,2.592896363801925,3.923523565466419e+17,6369352909957496.0,123.20006823087469,522.5838430636601,prefill
llama_3_1_405b,512x64,512,64,32768,128,2000,131072,554078866840215.5,1.1924750058869488e+16,5962375029.434746,46581054.91745895,2.7698814513460226,6.913853833483387e+17,1.1924750058869488e+16,115.95805026271294,522.8114672218476,prefill
llama_3_1_405b,512x64,512,64,32768,256,2000,131072,1108094648071471.0,2.303548127108451e+16,11517740635.542255,44991174.357586935,2.8677624410184457,1.3076666834569134e+18,2.303548127108451e+16,113.53500003478314,527.4669830588849,prefill
llama_3_1_405b,512x64,512,64,32768,512,2000,131072,2216126210533982.0,4.525694369551456e+16,22628471847.757282,44196234.07765094,2.9193437561514903,2.5523733165884047e+18,4.525694369551456e+16,112.7947717265482,529.8267642852777,prefill
llama_3_1_405b,512x128,512,128,65536,32,2000,131072,69295292857910.195,2479111676646383.5,1239555838.3231916,38736119.94759974,3.3308447044912377,2.4662447782100992e+17,1796961071843014.2,274.4906182837504,1044.2571894945704,prefill
llama_3_1_405b,512x128,512,128,65536,64,2000,131072,138590585715820.39,4144269085034462.5,2072134542.5172315,32377102.22683174,3.98503853421059,3.923523565466419e+17,3186944263163276.5,246.22479977557146,1045.1676861273202,prefill
llama_3_1_405b,512x128,512,128,65536,128,2000,131072,277181171431640.78,7474583901810621.0,3737291950.90531,29197593.366447736,4.418994345892469,6.913853833483387e+17,5966910645803801.0,231.73981458380038,1045.6229344436952,prefill
llama_3_1_405b,512x128,512,128,65536,256,2000,131072,554330800058801.56,1.4135213535362938e+16,7067606767.681471,27607838.936255746,4.673455256599617,1.3076666834569134e+18,1.152681186828037e+16,226.89130323283362,1054.9339661177698,prefill
llama_3_1_405b,512x128,512,128,65536,512,2000,131072,1108630057313123.1,2.7456472802467572e+16,13728236401.233788,26812961.72115974,4.81200105164732,2.5523733165884047e+18,2.2646614313233508e+16,225.4088210525076,1059.6535285705554,prefill
llama_3_1_405b,512x256,512,256,131072,32,2000,131072,39048335176329.92,1925075473718886.2,962537736.8594431,30079304.276857596,4.289460913471607,2.4662447782100992e+17,1039230900425021.4,474.62883892337345,2066.5870826386454,prefill
llama_3_1_405b,512x256,512,256,131072,64,2000,131072,78096670352659.84,3036196679179468.5,1518098339.589734,23720286.556089595,5.439394658867487,3.923523565466419e+17,1874972860588666.8,418.5152380535886,2068.3889573099013,prefill
llama_3_1_405b,512x256,512,256,131072,128,2000,131072,156193340705319.7,5258439090100633.0,2629219545.0503163,20540777.695705596,6.281359056184844,6.913853833483387e+17,3546456780915957.5,389.90204931795154,2069.289894645529,prefill
llama_3_1_405b,512x256,512,256,131072,256,2000,131072,312370910008399.4,9702923911942962.0,4851461955.971482,18951023.265513603,6.808286718469355,1.3076666834569134e+18,6889408850168299.0,379.6165133747198,2087.516354062596,prefill
llama_3_1_405b,512x256,512,256,131072,512,2000,131072,624726048614558.8,1.859189355562762e+16,9295946777.81381,18156146.0504176,7.106353938865368,2.5523733165884047e+18,1.3575312988672982e+16,376.03159775661345,2096.7536216162666,prefill
llama_3_1_405b,512x512,512,512,262144,32,2000,131072,23923731125549.438,1922816473948160.0,961408236.97408,30044007.40544,4.294500339413374,2.4662447782100992e+17,660349196707246.0,746.9517008600117,4072.059747475266,prefill
llama_3_1_405b,512x512,512,512,262144,64,2000,131072,47847462251098.875,3031678679638016.0,1515839339.8190079,23684989.684671998,5.447500789223451,3.923523565466419e+17,1218952866319196.0,643.753121860087,4075.610210642512,prefill
llama_3_1_405b,512x512,512,512,262144,128,2000,131072,95694924502197.75,5249403091017728.0,2624701545.5088634,20505480.824287996,6.292171400690871,6.913853833483387e+17,2336160205543096.0,591.8989474333672,4077.3854422261347,prefill
llama_3_1_405b,512x512,512,512,262144,256,2000,131072,191381963221355.5,9684851913777152.0,4842425956.888577,18915726.394096006,6.8209910268247,1.3076666834569134e+18,4570566998207856.0,572.2120183205526,4112.7504274758885,prefill
llama_3_1_405b,512x512,512,512,262144,512,2000,131072,382756040659671.0,1.8555749559296e+16,9277874779.647999,18120849.178999998,7.120196119148993,2.5523733165884047e+18,9039380583537376.0,564.7230566299679,4130.669988132801,prefill
llama_3_1_70b,32x32,32,32,1024,32,1000,131072,636786794154118.0,1692594713600535.8,1692594713.6005356,52893584.80001674,2.439312829482474,1.0886699860413645e+17,1692594713600535.8,64.3195903480943,122.85401921247202,prefill
llama_3_1_70b,32x32,32,32,1024,64,1000,131072,1275797643170060.0,3387413482062895.5,3387413482.0628953,52928335.65723274,2.4377112636899754,2.0014624602587136e+17,3387413482062895.5,59.08527172300933,99.19708107712572,prefill
llama_3_1_70b,32x32,32,32,1024,128,1000,131072,2551595286340120.0,6774826964125791.0,6774826964.125791,52928335.65723274,2.4377112636899754,4.04784308744618e+17,6774826964125791.0,59.74828743051897,99.28579348382848,prefill
llama_3_1_70b,32x32,32,32,1024,256,1000,131072,5097630435525680.0,1.3544093791097022e+16,13544093791.097021,52906616.37147274,2.4387119957565417,8.471796499328532e+17,1.3544093791097022e+16,62.54974773504095,113.03280269611415,prefill
llama_3_1_70b,32x32,32,32,1024,512,1000,131072,1.01897007338968e+16,2.7082627445039484e+16,27082627445.039482,52895756.72859274,2.439212669969352,1.8232113054330388e+18,2.7082627445039484e+16,67.32032588540379,121.43438975094864,prefill
llama_3_1_70b,32x64,32,64,2048,32,1000,131072,318994585303835.94,847034068561007.8,847034068.5610077,26469814.64253149,4.8743824519528465,1.0886699860413645e+17,847034068561007.8,128.52729617958136,198.03931252744036,prefill
llama_3_1_70b,32x64,32,64,2048,64,1000,131072,637989170607671.9,1694068137122015.5,1694068137.1220155,26469814.64253149,4.8743824519528465,2.0014624602587136e+17,1694068137122015.5,118.14533408667482,198.39416215425143,prefill
llama_3_1_70b,32x64,32,64,2048,128,1000,131072,1274588306926703.8,3386746239955391.0,3386746239.955391,26458954.99965149,4.876383062055908,4.04784308744618e+17,3386746239955391.0,119.520117559782,225.97140528522476,prefill
llama_3_1_70b,32x64,32,64,2048,256,1000,131072,2547786579564767.5,6772102445622142.0,6772102445.622142,26453525.17821149,4.877383983071978,8.471796499328532e+17,6772102445622142.0,125.0984693063107,242.81818910059323,prefill
llama_3_1_70b,32x64,32,64,2048,512,1000,131072,5095573159129535.0,1.3544204891244284e+16,13544204891.244284,26453525.17821149,4.877383983071978,1.8232113054330388e+18,1.3544204891244284e+16,134.611911151142,242.86877950189728,prefill
llama_3_1_70b,32x128,32,128,4096,32,1000,131072,159542288846055.44,423697019057053.8,423697019.05705374,13240531.84553293,9.744623668083992,1.0886699860413645e+17,423697019057053.75,256.94539661011106,396.0786250548807,prefill
llama_3_1_70b,32x128,32,128,4096,64,1000,131072,318737069119950.9,847046529541947.6,847046529.5419475,13235102.02409293,9.748621488910864,2.0014624602587136e+17,847046529541947.5,236.28719207916865,451.5389971646147,prefill
llama_3_1_70b,32x128,32,128,4096,128,1000,131072,637126629667741.8,1693745550511735.2,1693745550.511735,13232387.11337293,9.750621629683552,4.04784308744618e+17,1693745550511735.0,238.98767357488828,485.43401659597015,prefill
llama_3_1_70b,32x128,32,128,4096,256,1000,131072,1274253259335483.5,3387491101023470.5,3387491101.02347,13232387.11337293,9.750621629683552,8.471796499328532e+17,3387491101023470.0,250.09059054853103,485.63637820118646,prefill
llama_3_1_70b,32x128,32,128,4096,512,1000,131072,2548506518670967.0,6774982202046941.0,6774982202.04694,13232387.11337293,9.750621629683552,1.8232113054330388e+18,6774982202046940.0,269.10938672018773,485.73755900379456,prefill
llama_3_1_70b,32x256,32,256,8192,32,1000,131072,101738333243453.44,423048892396611.0,423048892.396611,13220277.887394093,9.759552794501243,1.0886699860413645e+17,299937630920949.75,362.9654547509211,882.6469720626664,prefill
llama_3_1_70b,32x256,32,256,8192,64,1000,131072,203389789343866.88,776429298587782.0,776429298.5877819,12131707.790434092,10.635270996366728,2.0014624602587136e+17,599788384698859.5,333.6947682412362,948.2874657071593,prefill
llama_3_1_70b,32x256,32,256,8192,128,1000,131072,406779578687733.75,1553536390455564.0,1553536390.4555638,12137003.050434092,10.630630927903189,4.04784308744618e+17,1199576769397719.0,337.43926947489257,949.1355235574053,prefill
llama_3_1_70b,32x256,32,256,8192,256,1000,131072,813559157375467.5,3151466630378008.0,3151466630.378008,12310416.524914093,10.480880134224408,8.471796499328532e+17,2399153538795438.0,353.11606207504474,949.5311871935504,prefill
llama_3_1_70b,32x256,32,256,8192,512,1000,131072,1627031437607895.0,6411421444052016.0,6411421444.052014,12522307.50791409,10.303532309716632,1.8232113054330388e+18,4798220200447836.0,379.97658074610075,958.4081419213762,prefill
llama_3_1_70b,32x512,32,512,16384,32,1000,131072,72898690731163.31,423042181510211.0,423042181.510211,13220068.172194093,9.759707614169306,1.0886699860413645e+17,238118246494829.22,457.19721275748816,1827.6719799769548,prefill
llama_3_1_70b,32x512,32,512,16384,64,1000,131072,145797381462326.62,776415876814982.0,776415876.8149819,12131498.075234093,10.635454846536776,2.0014624602587136e+17,476236492989658.44,420.2665040837548,1830.946828347972,prefill
llama_3_1_70b,32x512,32,512,16384,128,1000,131072,291594762924653.25,1490345341935884.0,1490345341.9358842,11643322.983874096,11.08137257539769,4.04784308744618e+17,952472985979316.9,424.9824558839593,1832.5842525334808,prefill
llama_3_1_70b,32x512,32,512,16384,256,1000,131072,583167805908186.5,3089178867167768.0,3089178867.167768,12067104.949874094,10.692208324694004,8.471796499328532e+17,1904924252017513.8,444.73141072964,1849.5179253211413,prefill
llama_3_1_70b,32x512,32,512,16384,512,1000,131072,1166313891875253.0,6347008343118896.0,6347008343.118896,12396500.670154093,10.40809849755739,1.8232113054330388e+18,3809826784093907.5,478.55490780971394,1858.0972713244355,prefill
llama_3_1_70b,64x32,64,32,2048,32,1000,131072,318994585303835.94,1691202169198815.5,1691202169.1988153,52850067.78746298,2.4413213719776325,1.0848552815375155e+17,1691202169198815.5,64.14698971510019,99.1130740523928,prefill
llama_3_1_70b,64x32,64,32,2048,64,1000,131072,637989170607671.9,3102173425807807.0,3102173425.8078065,48471459.77824698,2.661855050173327,1.9920911065730253e+17,3102173425807807.0,64.2159812859039,99.28973145031465,prefill
llama_3_1_70b,64x32,64,32,2048,128,1000,131072,1274588306926703.8,6202956817326974.0,6202956817.326973,48460600.135366976,2.6624515511486027,3.91652630269526e+17,6202956817326974.0,63.139667388221476,113.0771941968282,prefill
llama_3_1_70b,64x32,64,32,2048,256,1000,131072,2547786579564767.5,1.2404523600365308e+16,12404523600.365307,48455170.31392698,2.6627499019008902,7.930344054949151e+17,1.2404523600365308e+16,63.93106507303195,121.5035047303658,prefill
llama_3_1_70b,64x32,64,32,2048,512,1000,131072,5095573159129535.0,2.4809047200730616e+16,24809047200.730614,48455170.31392698,2.6627499019008902,1.6413221833974743e+18,2.4809047200730616e+16,66.15821116052929,121.53049610144517,prefill
llama_3_1_70b,64x64,64,64,4096,32,1000,131072,159519879907578.47,845781782644691.8,845781782.6446917,26430680.707646616,4.881599585994479,1.0848552815375155e+17,845781782644691.8,128.26656991183472,198.2261481047856,prefill
llama_3_1_70b,64x64,64,64,4096,64,1000,131072,319039759815156.94,1551448108994471.5,1551448108.9944713,24241376.703038614,5.32246998924888,1.9920911065730253e+17,1551448108994471.5,128.4020454840829,198.5794629006293,prefill
llama_3_1_70b,64x64,64,64,4096,128,1000,131072,637384502485993.9,3102201200844623.0,3102201200.8446226,24235946.881598614,5.3236624354034525,3.91652630269526e+17,3102201200844623.0,126.24991253400728,226.1543883936564,prefill
llama_3_1_70b,64x64,64,64,4096,256,1000,131072,1274073987827667.8,6203707384544926.0,6203707384.544926,24233231.970878616,5.32425885886991,7.930344054949151e+17,6203707384544926.0,127.8323357853037,243.0070094607316,prefill
llama_3_1_70b,64x64,64,64,4096,512,1000,131072,2548147975655335.5,1.2407414769089852e+16,12407414769.089851,24233231.970878616,5.32425885886991,1.6413221833974743e+18,1.2407414769089852e+16,132.2855900236721,243.06099220289033,prefill
llama_3_1_70b,64x128,64,128,8192,32,1000,131072,79782438050857.97,423070876098895.7,423070876.0988957,13220964.878090492,9.759045666463868,1.0848552815375155e+17,423070876098895.75,256.4240043041684,396.4522962095712,prefill
llama_3_1_70b,64x128,64,128,8192,64,1000,131072,159391121815635.94,775910269764255.4,775910269.7642554,12123597.96506649,10.642385236773428,1.9920911065730253e+17,775910269764255.5,256.7424590446885,451.9607359511032,prefill
llama_3_1_70b,64x128,64,128,8192,128,1000,131072,318608489345191.9,1551646785242430.8,1551646785.242431,12122240.509706492,10.643576977101569,3.91652630269526e+17,1551646785242431.0,252.41094429125104,485.8271027264169,prefill
llama_3_1_70b,64x128,64,128,8192,256,1000,131072,637216978690383.8,3103293570484861.5,3103293570.484862,12122240.509706492,10.643576977101569,7.930344054949151e+17,3103293570484862.0,255.54604728260063,486.0140189214632,prefill
llama_3_1_70b,64x128,64,128,8192,512,1000,131072,1274433957380767.5,6206587140969723.0,6206587140.969724,12122240.509706492,10.643576977101569,1.6413221833974743e+18,6206587140969724.0,264.4484232829175,486.12198440578067,prefill
llama_3_1_70b,64x256,64,256,16384,32,1000,131072,50880460249556.97,422567774314996.94,422567774.31499696,13205242.947343655,9.77066461514472,1.0848552815375155e+17,299706461638311.75,361.9726033290293,883.4796847928448,prefill
llama_3_1_70b,64x256,64,256,16384,64,1000,131072,101717481927593.94,775079803909097.9,775079803.9090977,12110621.936079651,10.653788111047794,1.9920911065730253e+17,564340620631375.5,352.9944564940771,949.1731690628847,prefill
llama_3_1_70b,64x256,64,256,16384,128,1000,131072,203434963855187.88,1480827355371475.8,1480827355.371476,11568963.713839656,11.152597863683493,3.91652630269526e+17,1128681241262751.0,347.0002122400397,949.9040976528942,prefill
llama_3_1_70b,64x256,64,256,16384,256,1000,131072,406869927710375.75,2984061701447591.5,2984061701.4475923,11656491.021279657,11.068854234474044,7.930344054949151e+17,2257362482525502.0,351.31017354717466,950.269561947899,prefill
llama_3_1_70b,64x256,64,256,16384,512,1000,131072,813696416849231.5,6022154774671183.0,6022154774.671184,11762021.044279655,10.969543373054035,1.6413221833974743e+18,4514681526479484.0,363.55215174554417,959.1666511788866,prefill
llama_3_1_70b,64x512,64,512,32768,32,1000,131072,36460638993411.9,422564418871796.94,422564418.87179697,13205138.089743655,9.770742200735643,1.0848552815375155e+17,238053323038751.2,455.71944457205444,1829.3962545425384,prefill
llama_3_1_70b,64x512,64,512,32768,64,1000,131072,72921277986823.8,775073093022697.9,775073093.0226977,12110517.078479651,10.65388035571786,1.9920911065730253e+17,458591685558334.4,434.39320190632293,1832.6569382130358,prefill
llama_3_1_70b,64x512,64,512,32768,128,1000,131072,145842555973647.6,1480813933598675.8,1480813933.5986757,11568858.856239654,11.152698948385131,3.91652630269526e+17,917183371116668.8,427.01671509012397,1834.0682100393792,prefill
llama_3_1_70b,64x512,64,512,32768,256,1000,131072,291674251976735.2,2952917819842471.5,2952917819.8424716,11534835.233759655,11.185595406025234,7.930344054949151e+17,1834355882262777.5,432.3230912622386,1850.9561480590467,prefill
llama_3_1_70b,64x512,64,512,32768,512,1000,131072,583337643982910.4,5990265313587023.0,5990265313.587022,11699736.940599652,11.027940256696667,1.6413221833974743e+18,3668700904554995.0,447.38511699322163,1859.5678180779603,prefill
llama_3_1_70b,128x32,128,32,4096,32,1000,131072,159542288846055.44,1690489124343415.2,1690489124.343415,52827785.13573172,2.442351116339545,1.082951701186478e+17,1690489124343415.0,64.06144148410868,99.5631296648617,prefill
llama_3_1_70b,128x32,128,32,4096,64,1000,131072,318737069119950.9,3100399827524846.5,3100399827.5248456,48443747.30507571,2.6633777768566937,1.987411621403689e+17,3100399827524846.0,64.10178467176303,113.44690501667506,prefill
llama_3_1_70b,128x32,128,32,4096,128,1000,131072,637126629667741.8,5920221233887709.0,5920221233.88771,46251728.38974773,2.7896038589684307,3.8508809824711475e+17,5920221233887708.0,65.04623442834314,121.932077716187,prefill
llama_3_1_70b,128x32,128,32,4096,256,1000,131072,1274253259335483.5,1.1840442467775418e+16,11840442467.77542,46251728.38974773,2.7896038589684307,7.659645346177352e+17,1.1840442467775416e+16,64.69053303559902,121.98568200672158,prefill
llama_3_1_70b,128x32,128,32,4096,512,1000,131072,2548506518670967.0,2.3680884935550836e+16,23680884935.55084,46251728.38974773,2.7896038589684307,1.5504488095358648e+18,2.368088493555083e+16,65.47258743731574,122.01248415198884,prefill
llama_3_1_70b,128x64,128,64,8192,32,1000,131072,79782438050857.97,845425260216991.4,845425260.2169915,26419539.381780986,4.883658194623009,1.082951701186478e+17,845425260216991.5,128.0954984605643,199.1262593297234,prefill
llama_3_1_70b,128x64,128,64,8192,64,1000,131072,159391121815635.94,1550561309852990.8,1550561309.8529909,24227520.466452982,5.325514023552477,1.987411621403689e+17,1550561309852991.0,128.17368837818583,226.89381003335012,prefill
llama_3_1_70b,128x64,128,64,8192,128,1000,131072,318608489345191.9,2960833409124989.5,2960833409.1249905,23131511.008788988,5.5778457339417375,3.8508809824711475e+17,2960833409124990.0,130.06071096749722,243.864155432374,prefill
llama_3_1_70b,128x64,128,64,8192,256,1000,131072,637216978690383.8,5921666818249979.0,5921666818.249981,23131511.008788988,5.5778457339417375,7.659645346177352e+17,5921666818249980.0,129.34948184810224,243.97136401344315,prefill
llama_3_1_70b,128x64,128,64,8192,512,1000,131072,1274433957380767.5,1.1843333636499958e+16,11843333636.499962,23131511.008788988,5.5778457339417375,1.5504488095358648e+18,1.184333363649996e+16,130.91320882471283,244.0249683039777,prefill
llama_3_1_70b,128x128,128,128,16384,32,1000,131072,39902468073963.35,422892614885045.6,422892614.88504565,13215394.215157676,9.763159380596697,1.082951701186478e+17,422892614885045.6,256.0819610152936,398.2525186594468,prefill
llama_3_1_70b,128x128,128,128,16384,64,1000,131072,79718059004886.7,775640624479595.2,775640624.4795952,12119384.757493675,10.646084977228048,1.987411621403689e+17,775640624479595.2,256.2284076774749,453.78762006670024,prefill
llama_3_1_70b,128x128,128,128,16384,128,1000,131072,159349240866733.4,1481136643668694.5,1481136643.6686947,11571380.028661678,11.150268998201994,3.8508809824711475e+17,1481136643668694.5,259.9949841854379,487.728310864748,prefill
llama_3_1_70b,128x128,128,128,16384,256,1000,131072,318698481733466.8,2962273287337389.0,2962273287.3373895,11571380.028661678,11.150268998201994,7.659645346177352e+17,2962273287337389.0,258.5732173638223,487.9427280268863,prefill
llama_3_1_70b,128x128,128,128,16384,512,1000,131072,637396963466933.6,5924546574674778.0,5924546574.674779,11571380.028661678,11.150268998201994,1.5504488095358648e+18,5924546574674778.0,261.6991511491283,488.0499366079554,prefill
llama_3_1_70b,128x256,128,256,32768,32,1000,131072,25451479173312.85,422462025539418.9,422462025.5394189,13201938.29810684,9.773110363536698,1.082951701186478e+17,299725687262221.6,361.31427742428826,887.4914157823717,prefill
llama_3_1_70b,128x256,128,256,32768,64,1000,131072,50881239060865.7,774867308900021.8,774867308.9000216,12107301.701562837,10.656709742629548,1.987411621403689e+17,564400791164955.2,352.1277171319265,953.0098505433297,prefill
llama_3_1_70b,128x256,128,256,32768,128,1000,131072,101762478121731.4,1479677875621227.5,1479677875.6212275,11559983.40329084,11.161261698980473,3.8508809824711475e+17,1093772718256182.4,352.07323406371506,953.6213982953589,prefill
llama_3_1_70b,128x256,128,256,32768,256,1000,131072,203524956243462.8,2901437719104215.0,2901437719.1042147,11333741.090250839,11.384061006209595,7.659645346177352e+17,2187545436512364.8,350.1479429103532,954.0406333272854,prefill
llama_3_1_70b,128x256,128,256,32768,512,1000,131072,407028193201165.6,5829678404224430.0,5829678404.224428,11386090.633250836,11.331720794774881,1.5504488095358648e+18,4375069153738969.5,354.38269774795185,962.9706911456315,prefill
llama_3_1_70b,128x512,128,512,65536,32,1000,131072,18241568545240.316,422460347817818.9,422460347.8178189,13201885.86930684,9.773149175601407,1.082951701186478e+17,238155671575941.06,454.72429609603296,1837.7032317971357,prefill
llama_3_1_70b,128x512,128,512,65536,64,1000,131072,36483137090480.63,774863953456821.8,774863953.4568216,12107249.272762837,10.656755890064954,1.987411621403689e+17,458796382632714.1,433.17944444097674,1840.0647760702664,prefill
llama_3_1_70b,128x512,128,512,65536,128,1000,131072,72966274180961.27,1479671164734827.5,1479671164.7348275,11559930.97449084,11.161312319659666,3.8508809824711475e+17,900077804746260.2,427.83867818590903,1841.2455482068315,prefill
llama_3_1_70b,128x512,128,512,65536,256,1000,131072,145927118376642.53,2901424297331415.0,2901424297.3314147,11333688.661450839,11.384113668028313,7.659645346177352e+17,1800150179507240.5,425.5003517692088,1858.3015246068726,prefill
llama_3_1_70b,128x512,128,512,65536,512,1000,131072,291848806768005.06,5814050763064750.0,5814050763.06475,11355567.89661084,11.362179432567899,1.5504488095358648e+18,3600294929029201.0,430.644944400134,1866.9428350180788,prefill
llama_3_1_70b,256x32,256,32,8192,32,1000,131072,101738333243453.44,2394999791093678.0,2394999791.0936775,74843743.47167742,1.7239116326246509,1.0820035351360307e+17,2394999791093678.0,45.17760457264729,112.50295516899783,prefill
llama_3_1_70b,256x32,256,32,8192,64,1000,131072,203389789343866.88,4509681792454492.0,4509681792.454492,70463778.00710143,1.831068438978631,1.985079811810263e+17,4509681792454492.0,44.01817917910878,120.74692747077867,prefill
llama_3_1_70b,256x32,256,32,8192,128,1000,131072,406779578687733.75,8739132672319160.0,8739132672.319162,68274474.00249346,1.8897838743552664,3.818075553393541e+17,8739132672319160.0,43.68941056916479,120.85044102505809,prefill
llama_3_1_70b,256x32,256,32,8192,256,1000,131072,813559157375467.5,1.7198034432048496e+16,17198034432.048496,67179822.00018944,1.9205766874410024,7.52432977797972e+17,1.7198034432048496e+16,43.751103114191636,120.9021978021978,prefill
llama_3_1_70b,256x32,256,32,8192,512,1000,131072,1627031437607895.0,3.439598198695395e+16,34395981986.95395,67179652.31826943,1.920581538420854,1.5050530406111642e+18,3.439598198695395e+16,43.75665277362965,122.01886825230282,prefill
llama_3_1_70b,256x64,256,64,16384,32,1000,131072,50880460249556.97,1197861291637406.8,1197861291.6374066,37433165.363668956,3.4467830531164543,1.0820035351360307e+17,1197861291637407.0,90.32794887770308,225.00591033799566,prefill
llama_3_1_70b,256x64,256,64,16384,64,1000,131072,101717481927593.94,2255563688408381.5,2255563688.4083815,35243182.63138096,3.660963351394816,1.985079811810263e+17,2255563688408382.0,88.00814723218996,241.49385494155734,prefill
llama_3_1_70b,256x64,256,64,16384,128,1000,131072,203434963855187.88,4371011920521851.5,4371011920.521852,34148530.629076965,3.7783177672112775,3.818075553393541e+17,4371011920521851.5,87.34992314863567,241.70088205011618,prefill
llama_3_1_70b,256x64,256,64,16384,256,1000,131072,406869927710375.75,8601908384748791.0,8601908384.74879,33601204.627924964,3.839862333172781,7.52432977797972e+17,8601908384748791.0,87.47279605209907,241.8043956043956,prefill
llama_3_1_70b,256x64,256,64,16384,512,1000,131072,813696416849231.5,1.7203773330926062e+16,17203773330.92606,33601119.78696496,3.839872028611763,1.5050530406111642e+18,1.7203773330926062e+16,87.48389156613868,244.03773650460565,prefill
llama_3_1_70b,256x128,256,128,32768,32,1000,131072,25451479173312.85,599290615371803.2,599290615.3718032,18727831.73036885,6.8894254208177275,1.0820035351360307e+17,599290615371803.2,180.54738508874357,450.0118206759913,prefill
llama_3_1_70b,256x128,256,128,32768,64,1000,131072,50881239060865.7,1128501783310390.5,1128501783.3103905,17632840.36422485,7.317255605726228,1.985079811810263e+17,1128501783310390.5,175.90400309223736,482.9877098831147,prefill
llama_3_1_70b,256x128,256,128,32768,128,1000,131072,101762478121731.4,2186945838473324.8,2186945838.4733253,17085514.363072854,7.5516602695240636,3.818075553393541e+17,2186945838473324.8,174.584824471871,483.40176410023236,prefill
llama_3_1_70b,256x128,256,128,32768,256,1000,131072,203524956243462.8,4303833948799193.5,4303833948.799193,16811851.36249685,7.674586053492071,7.52432977797972e+17,4303833948799193.5,174.82853352367536,483.6087912087912,prefill
llama_3_1_70b,256x128,256,128,32768,512,1000,131072,407028193201165.6,8607646178312627.0,8607646178.312626,16811808.942016847,7.674605418429262,1.5050530406111642e+18,8607646178312627.0,174.8507094080164,488.0754730092113,prefill
llama_3_1_70b,256x256,256,256,65536,32,1000,131072,15498554353558.348,423393929872075.1,423393929.87207514,13231060.308502348,9.751599417704151,1.0820035351360307e+17,388302567109323.1,278.6495961617999,874.4703236462586,prefill
llama_3_1_70b,256x256,256,256,65536,64,1000,131072,30986249064236.695,776730618836374.2,776730618.8363742,12136415.919318346,10.631145212700222,1.985079811810263e+17,741565410502038.2,267.68775669652234,936.6230902111731,prefill
llama_3_1_70b,256x256,256,256,65536,128,1000,131072,61972498128473.39,1483403996764972.5,1483403996.7649724,11589093.724726347,11.133226036882936,3.818075553393541e+17,1448101956930348.5,263.66068598422487,937.4260355706846,prefill
llama_3_1_70b,256x256,256,256,65536,256,1000,131072,123944996256946.78,2896750752622169.0,2896750752.6221685,11315432.627430346,11.402480510309966,7.52432977797972e+17,2861175049786969.0,262.98040654800025,937.8275082504404,prefill
llama_3_1_70b,256x256,256,256,65536,512,1000,131072,247879132871013.56,5749196678528178.0,5749196678.528179,11228899.76275035,11.490351034035546,1.5050530406111642e+18,5722339239931058.0,263.0135994225496,946.2266677322776,prefill
llama_3_1_70b,256x512,256,512,131072,32,1000,131072,10518604265645.814,422676996802917.56,422676996.80291754,13208656.150091173,9.768139811793754,1.0820035351360307e+17,282800284800442.06,382.60341070715197,1793.875098621533,prefill
llama_3_1_70b,256x512,256,512,131072,64,1000,131072,21037208531291.63,775296752698059.1,775296752.6980591,12114011.760907173,10.65080689589308,1.985079811810263e+17,548085609081716.1,362.1842608011808,1795.266237918608,prefill
llama_3_1_70b,256x512,256,512,131072,128,1000,131072,42074417062583.26,1480536264488342.2,1480536264.4883425,11566689.566315176,11.154790595897651,3.818075553393541e+17,1078656257644264.2,353.96592068468993,1796.805278232572,prefill
llama_3_1_70b,256x512,256,512,131072,256,1000,131072,84146119132526.52,2891015288068908.5,2891015288.068908,11293028.469019173,11.425101809843046,7.52432977797972e+17,2139794839776720.5,351.6379064997117,1812.830367315332,prefill
llama_3_1_70b,256x512,256,512,131072,512,1000,131072,168289523272413.03,5737725749421657.0,5737725749.421658,11206495.604339175,11.513322679575376,1.5050530406111642e+18,4279586964560801.0,351.68184525153646,1820.7317837511173,prefill
llama_3_1_70b,512x32,512,32,16384,32,1000,131072,72898153729179.31,3805225305319123.5,3805225305.319123,118913290.79122259,1.085025896949811,1.0815446676353843e+17,3805225305319123.5,28.422618395908128,124.62513965655145,prefill
llama_3_1_70b,512x32,512,32,16384,64,1000,131072,145796307458358.62,7330219698048423.0,7330219698.048424,114534682.78200662,1.1265059357222897,1.9839457327631565e+17,7330219698048423.0,27.065297010011264,124.82549378377979,prefill
llama_3_1_70b,512x32,512,32,16384,128,1000,131072,291592614916717.25,1.4380208483507022e+16,14380208483.50702,112345378.7773986,1.1484584537798255,3.801952310473523e+17,1.4380208483507022e+16,26.438784353050693,124.92567084739395,prefill
llama_3_1_70b,512x32,512,32,16384,256,1000,131072,583163510547674.5,2.848016433513846e+16,28480164335.13846,111250641.9341346,1.1597596000964023,7.457770776454758e+17,2.848016433513846e+16,26.185841797455705,126.0227630125397,prefill
llama_3_1_70b,512x32,512,32,16384,512,1000,131072,1166305301809589.0,5.6680076038401336e+16,56680076038.40134,110703273.51250261,1.1654939904322548,1.482860449103872e+18,5.6680076038401336e+16,26.161934717575516,126.57859830342902,prefill
llama_3_1_70b,512x64,512,64,32768,32,1000,131072,36460370492419.9,1903335444840697.2,1903335444.840697,59479232.65127178,2.1692277161084257,1.0815446676353843e+17,1903335444840697.5,56.82364979683893,249.2502793131029,prefill
llama_3_1_70b,512x64,512,64,32768,64,1000,131072,72920740984839.8,3666555433386482.5,3666555433.386483,57289928.6466638,2.2521235939349267,1.9839457327631565e+17,3666555433386483.0,54.109252370712305,249.65098756755958,prefill
llama_3_1_70b,512x64,512,64,32768,128,1000,131072,145841481969679.6,7192995410478053.0,7192995410.478053,56195276.64435979,2.295993679620935,3.801952310473523e+17,7192995410478054.0,52.856314977418315,249.8513416947879,prefill
llama_3_1_70b,512x64,512,64,32768,256,1000,131072,291672104296479.2,1.4245864505018314e+16,14245864505.018318,55647908.222727805,2.3185777169482864,7.457770776454758e+17,1.4245864505018316e+16,52.35042614526938,252.0455260250794,prefill
llama_3_1_70b,512x64,512,64,32768,512,1000,131072,583333348950078.4,2.8351602694098836e+16,28351602694.09884,55374224.011911795,2.330037166249862,1.482860449103872e+18,2.835160269409884e+16,52.30252642516458,253.15719660685804,prefill
llama_3_1_70b,512x128,512,128,65536,32,1000,131072,18241434294744.316,952387661526548.2,952387661.5265481,29762114.42270463,4.335175860407668,1.0815446676353843e+17,952387661526548.2,113.56139010682006,498.5005586262058,prefill
llama_3_1_70b,512x128,512,128,65536,64,1000,131072,36482868589488.63,1834717594905640.5,1834717594.9056408,28667462.420400638,4.500712274700065,1.9839457327631565e+17,1834717594905640.5,108.13357533997981,499.30197513511916,prefill
llama_3_1_70b,512x128,512,128,65536,128,1000,131072,72965737178977.27,3599377461663825.0,3599377461.6638246,28120136.41924863,4.588313444727148,3.801952310473523e+17,3599377461663825.0,105.62805237759247,499.7026833895758,prefill
llama_3_1_70b,512x128,512,128,65536,256,1000,131072,145926044536514.53,7128691765358754.0,7128691765.358754,27846452.208432633,4.6334089181001,7.457770776454758e+17,7128691765358754.0,104.61626090631572,504.0910520501588,prefill
llama_3_1_70b,512x128,512,128,65536,512,1000,131072,291846659251589.06,1.4187320372748612e+16,14187320372.748611,27709610.10302463,4.656290706375419,1.482860449103872e+18,1.4187320372748612e+16,104.52012149892593,506.3143932137161,prefill
llama_3_1_70b,512x256,512,256,131072,32,1000,131072,10518537140397.814,600622017575796.1,600622017.575796,18769438.049243625,6.87415359274432,1.0815446676353843e+17,565559183502196.1,191.23456911051724,959.670764799207,prefill
llama_3_1_70b,512x256,512,256,131072,64,1000,131072,21037074280795.63,1131186544879336.2,1131186544.879336,17674789.763739627,7.299888809127263,1.9839457327631565e+17,1096089502930664.2,181.0021651934984,961.2135835197137,prefill
llama_3_1_70b,512x256,512,256,131072,128,1000,131072,42074148561591.26,2192315599486416.5,2192315599.486417,17127465.62098763,7.533163566353726,3.801952310473523e+17,2157150141787600.5,176.24884966620345,961.984992879967,prefill
llama_3_1_70b,512x256,512,256,131072,256,1000,131072,84145582212462.52,4314573708700577.0,4314573708.700577,16853803.549611628,7.65548261080646,7.457770776454758e+17,4279268704590753.0,174.27675828008051,970.1127408840313,prefill
llama_3_1_70b,512x256,512,256,131072,512,1000,131072,168288449514205.03,8559089927128898.0,8559089927.128898,16716972.513923628,7.718143933809512,1.482860449103872e+18,8523505830197058.0,173.97306679258634,974.2285687760425,prefill
llama_3_1_70b,512x512,512,512,262144,32,1000,131072,6656282233285.281,424728382980434.0,424728382.980434,13272761.968138563,9.720960890410284,1.0815446676353843e+17,372133998965074.0,290.6331242625565,1842.6338969432452,prefill
llama_3_1_70b,512x512,512,512,262144,64,1000,131072,13312564466570.562,779399275688612.0,779399275.6886119,12178113.68263456,10.594744256984757,1.9839457327631565e+17,726753037410980.0,272.98760798177886,1845.5962150376583,prefill
llama_3_1_70b,512x512,512,512,262144,128,1000,131072,26625128933141.125,1488741061104968.0,1488741061.104968,11630789.539882563,11.093313962699627,3.801952310473523e+17,1435991114302792.0,264.7615484946411,1847.0773740848651,prefill
llama_3_1_70b,512x512,512,512,262144,256,1000,131072,53248900369962.25,2907424631937680.0,2907424631.9376793,11357127.46850656,11.360619166931514,7.457770776454758e+17,2854465910590096.0,261.26676618509816,1862.0521024156878,prefill
llama_3_1_70b,512x512,512,512,262144,512,1000,131072,106496443243604.5,5744791773603104.0,5744791773.603104,11220296.432818562,11.499161432367691,1.482860449103872e+18,5691415503164704.0,260.54334783312333,1869.6313178191274,prefill
llama_3_1_70b,32x32,32,32,1024,32,2000,131072,636786794154118.0,1692594713600535.8,846297356.8002678,26446792.40000837,4.878625658964948,1.0886699860413645e+17,1692594713600535.8,128.6391806961886,245.70803842494405,prefill
llama_3_1_70b,32x32,32,32,1024,64,2000,131072,1275797643170060.0,3387413482062895.5,1693706741.0314476,26464167.82861637,4.875422527379951,2.0014624602587136e+17,3387413482062895.5,118.17054344601866,198.39416215425143,prefill
llama_3_1_70b,32x32,32,32,1024,128,2000,131072,2551595286340120.0,6774826964125791.0,3387413482.0628953,26464167.82861637,4.875422527379951,4.04784308744618e+17,6774826964125791.0,119.49657486103794,198.57158696765697,prefill
llama_3_1_70b,32x32,32,32,1024,256,2000,131072,5097630435525680.0,1.3544093791097022e+16,6772046895.548511,26453308.18573637,4.8774239915130835,8.471796499328532e+17,1.3544093791097022e+16,125.0994954700819,226.0656053922283,prefill
llama_3_1_70b,32x32,32,32,1024,512,2000,131072,1.01897007338968e+16,2.7082627445039484e+16,13541313722.519741,26447878.36429637,4.878425339938704,1.8232113054330388e+18,2.7082627445039484e+16,134.64065177080758,242.86877950189728,prefill
llama_3_1_70b,32x64,32,64,2048,32,2000,131072,318994585303835.94,847034068561007.8,423517034.28050387,13234907.321265746,9.748764903905693,1.0886699860413645e+17,847034068561007.8,257.0545923591627,396.0786250548807,prefill
llama_3_1_70b,32x64,32,64,2048,64,2000,131072,637989170607671.9,1694068137122015.5,847034068.5610077,13234907.321265746,9.748764903905693,2.0014624602587136e+17,1694068137122015.5,236.29066817334964,396.78832430850287,prefill
llama_3_1_70b,32x64,32,64,2048,128,2000,131072,1274588306926703.8,3386746239955391.0,1693373119.9776955,13229477.499825746,9.752766124111815,4.04784308744618e+17,3386746239955391.0,239.040235119564,451.9428105704495,prefill
llama_3_1_70b,32x64,32,64,2048,256,2000,131072,2547786579564767.5,6772102445622142.0,3386051222.811071,13226762.589105746,9.754767966143955,8.471796499328532e+17,6772102445622142.0,250.1969386126214,485.63637820118646,prefill
llama_3_1_70b,32x64,32,64,2048,512,2000,131072,5095573159129535.0,1.3544204891244284e+16,6772102445.622142,13226762.589105746,9.754767966143955,1.8232113054330388e+18,1.3544204891244284e+16,269.223822302284,485.73755900379456,prefill
llama_3_1_70b,32x128,32,128,4096,32,2000,131072,159542288846055.44,845895432052736.0,422947716.02636796,13217116.125823999,9.761887447437118,1.0886699860413645e+17,423697019057053.75,513.8907932202221,792.1572501097614,prefill
llama_3_1_70b,32x128,32,128,4096,64,2000,131072,318737069119950.9,1552453891694592.0,776226945.8472959,12128546.028863998,10.638043479650696,2.0014624602587136e+17,847046529541947.5,472.5743841583373,903.0779943292295,prefill
llama_3_1_70b,32x128,32,128,4096,128,2000,131072,637126629667741.8,3106263369949184.0,1553131684.9745917,12133841.288863998,10.633400992183207,4.04784308744618e+17,1693745550511735.0,477.97534714977655,970.8680331919403,prefill
llama_3_1_70b,32x128,32,128,4096,256,2000,131072,1274253259335483.5,6301314438832128.0,3150657219.416063,12307254.763343995,10.483572696023641,8.471796499328532e+17,3387491101023470.0,500.18118109706205,971.2727564023729,prefill
llama_3_1_70b,32x128,32,128,4096,512,2000,131072,2548506518670967.0,1.2819605244256256e+16,6409802622.128127,12519145.746343998,10.306134509032235,1.8232113054330388e+18,6774982202046940.0,538.2187734403755,971.4751180075891,prefill
llama_3_1_70b,32x256,32,256,8192,32,2000,131072,101738333243453.44,845887378989056.0,422943689.49452794,13216990.296703998,9.761980383096407,1.0886699860413645e+17,299937630920949.75,725.9309095018422,1765.2939441253327,prefill
llama_3_1_70b,32x256,32,256,8192,64,2000,131072,203389789343866.88,1552437785567232.0,776218892.7836158,12128420.199743997,10.638153846510313,2.0014624602587136e+17,599788384698859.5,667.3895364824724,1896.5749314143186,prefill
llama_3_1_70b,32x256,32,256,8192,128,2000,131072,406779578687733.75,2979902747746304.0,1489951373.8731518,11640245.108383998,11.084302675642906,4.04784308744618e+17,1199576769397719.0,674.8785389497851,1898.2710471148107,prefill
llama_3_1_70b,32x256,32,256,8192,256,2000,131072,813559157375467.5,6176781862084608.0,3088390931.0423045,12064027.074384002,10.694936210310855,8.471796499328532e+17,2399153538795438.0,706.2321241500895,1899.0623743871008,prefill
llama_3_1_70b,32x256,32,256,8192,512,2000,131072,1627031437607895.0,1.2690864941735936e+16,6345432470.867968,12393422.794664,10.410683322734009,1.8232113054330388e+18,4798220200447836.0,759.9531614922015,1916.8162838427525,prefill
llama_3_1_70b,32x512,32,512,16384,32,2000,131072,72898690731163.31,845880668102656.0,422940334.05132794,13216885.439103998,9.762057830830893,1.0886699860413645e+17,238118246494829.22,914.3944255149763,3655.3439599539097,prefill
llama_3_1_70b,32x512,32,512,16384,64,2000,131072,145797381462326.62,1552424363794432.0,776212181.8972158,12128315.342143998,10.63824582064269,2.0014624602587136e+17,476236492989658.44,840.5330081675096,3661.893656695944,prefill
llama_3_1_70b,32x512,32,512,16384,128,2000,131072,291594762924653.25,2979875904200704.0,1489937952.1003518,11640140.250783999,11.084402526104428,4.04784308744618e+17,952472985979316.9,849.9649117679186,3665.1685050669616,prefill
llama_3_1_70b,32x512,32,512,16384,256,2000,131072,583167805908186.5,6114494098874368.0,3057247049.437184,11942371.286864,10.80388449670124,8.471796499328532e+17,1904924252017513.8,889.46282145928,3699.0358506422826,prefill
llama_3_1_70b,32x512,32,512,16384,512,2000,131072,1166313891875253.0,1.2685345908760576e+16,6342672954.380285,12388033.114023995,10.415212714755913,1.8232113054330388e+18,3809826784093907.5,957.1098156194279,3716.194542648871,prefill
llama_3_1_70b,64x32,64,32,2048,32,2000,131072,318994585303835.94,1691202169198815.5,845601084.5994077,26425033.89373149,4.882642743955265,1.0848552815375155e+17,1691202169198815.5,128.29397943020038,198.2261481047856,prefill
llama_3_1_70b,64x32,64,32,2048,64,2000,131072,637989170607671.9,3102173425807807.0,1551086712.9039032,24235729.88912349,5.323710100346654,1.9920911065730253e+17,3102173425807807.0,128.4319625718078,198.5794629006293,prefill
llama_3_1_70b,64x32,64,32,2048,128,2000,131072,1274588306926703.8,6202956817326974.0,3101478408.6634865,24230300.067683488,5.324903102297205,3.91652630269526e+17,6202956817326974.0,126.27933477644295,226.1543883936564,prefill
llama_3_1_70b,64x32,64,32,2048,256,2000,131072,2547786579564767.5,1.2404523600365308e+16,6202261800.182653,24227585.15696349,5.3254998038017805,7.930344054949151e+17,1.2404523600365308e+16,127.8621301460639,243.0070094607316,prefill
llama_3_1_70b,64x32,64,32,2048,512,2000,131072,5095573159129535.0,2.4809047200730616e+16,12404523600.365307,24227585.15696349,5.3254998038017805,1.6413221833974743e+18,2.4809047200730616e+16,132.31642232105858,243.06099220289033,prefill
llama_3_1_70b,64x64,64,64,4096,32,2000,131072,159519879907578.47,845781782644691.8,422890891.32234585,13215340.353823308,9.763199171988958,1.0848552815375155e+17,845781782644691.8,256.53313982366944,396.4522962095712,prefill
llama_3_1_70b,64x64,64,64,4096,64,2000,131072,319039759815156.94,1551448108994471.5,775724054.4972357,12120688.351519307,10.64493997849776,1.9920911065730253e+17,1551448108994471.5,256.8040909681658,397.1589258012586,prefill
llama_3_1_70b,64x64,64,64,4096,128,2000,131072,637384502485993.9,3102201200844623.0,1551100600.4223113,12117973.440799307,10.647324870806905,3.91652630269526e+17,3102201200844623.0,252.49982506801456,452.3087767873128,prefill
llama_3_1_70b,64x64,64,64,4096,256,2000,131072,1274073987827667.8,6203707384544926.0,3101853692.272463,12116615.985439308,10.64851771773982,7.930344054949151e+17,6203707384544926.0,255.6646715706074,486.0140189214632,prefill
llama_3_1_70b,64x64,64,64,4096,512,2000,131072,2548147975655335.5,1.2407414769089852e+16,6203707384.544926,12116615.985439308,10.64851771773982,1.6413221833974743e+18,1.2407414769089852e+16,264.5711800473442,486.12198440578067,prefill
llama_3_1_70b,64x128,64,128,8192,32,2000,131072,79782438050857.97,844765919617024.0,422382959.8085119,13199467.494015997,9.774939788934157,1.0848552815375155e+17,423070876098895.75,512.8480086083368,792.9045924191424,prefill
llama_3_1_70b,64x128,64,128,8192,64,2000,131072,159391121815635.94,1549420349792256.0,774710174.8961278,12104846.482751997,10.658871236726897,1.9920911065730253e+17,775910269764255.5,513.484918089377,903.9214719022063,prefill
llama_3_1_70b,64x128,64,128,8192,128,2000,131072,318608489345191.9,2960176194691072.0,1480088097.3455362,11563188.260512002,11.158168239862851,3.91652630269526e+17,1551646785242431.0,504.8218885825021,971.6542054528338,prefill
llama_3_1_70b,64x128,64,128,8192,256,2000,131072,637216978690383.8,5965166370791424.0,2982583185.395713,11650715.567952003,11.074341249468869,7.930344054949151e+17,3103293570484862.0,511.09209456520125,972.0280378429264,prefill
llama_3_1_70b,64x128,64,128,8192,512,2000,131072,1274433957380767.5,1.2038395485134848e+16,6019197742.567425,11756245.590952002,10.97493234568876,1.6413221833974743e+18,6206587140969724.0,528.896846565835,972.2439688115613,prefill
llama_3_1_70b,64x256,64,256,16384,32,2000,131072,50880460249556.97,844761893085184.0,422380946.5425919,13199404.579455998,9.77498638088701,1.0848552815375155e+17,299706461638311.75,723.9452066580586,1766.9593695856895,prefill
llama_3_1_70b,64x256,64,256,16384,64,2000,131072,101717481927593.94,1549412296728576.0,774706148.3642879,12104783.568191998,10.658926636163836,1.9920911065730253e+17,564340620631375.5,705.9889129881542,1898.3463381257693,prefill
llama_3_1_70b,64x256,64,256,16384,128,2000,131072,203434963855187.88,2960160088563712.0,1480080044.2818563,11563125.345952002,11.158228951065421,3.91652630269526e+17,1128681241262751.0,694.0004244800793,1899.8081953057883,prefill
llama_3_1_70b,64x256,64,256,16384,256,2000,131072,406869927710375.75,5902900082417664.0,2951450041.2088313,11529101.723471997,11.191158087999273,7.930344054949151e+17,2257362482525502.0,702.6203470943493,1900.539123895798,prefill
llama_3_1_70b,64x256,64,256,16384,512,2000,131072,813696416849231.5,1.1974659512639488e+16,5987329756.319744,11694003.430312,11.033347199604643,1.6413221833974743e+18,4514681526479484.0,727.1043034910883,1918.3333023577732,prefill
llama_3_1_70b,64x512,64,512,32768,32,2000,131072,36460638993411.9,844758537641984.0,422379268.82099193,13199352.150655998,9.775025207853675,1.0848552815375155e+17,238053323038751.2,911.4388891441089,3658.7925090850767,prefill
llama_3_1_70b,64x512,64,512,32768,64,2000,131072,72921277986823.8,1549405585842176.0,774702792.9210879,12104731.139391998,10.658972802801193,1.9920911065730253e+17,458591685558334.4,868.7864038126459,3665.3138764260716,prefill
llama_3_1_70b,64x512,64,512,32768,128,2000,131072,145842555973647.6,2960146666790912.0,1480073333.3954563,11563072.917152002,11.158279544238898,3.91652630269526e+17,917183371116668.8,854.0334301802479,3668.1364200787584,prefill
llama_3_1_70b,64x512,64,512,32768,256,2000,131072,291674251976735.2,5902873238872064.0,2951436619.4360313,11529049.294671997,11.191208980225872,7.930344054949151e+17,1834355882262777.5,864.6461825244772,3701.9122961180933,prefill
llama_3_1_70b,64x512,64,512,32768,512,2000,131072,583337643982910.4,1.1971899996151808e+16,5985949998.075906,11691308.589992004,11.035890380179268,1.6413221833974743e+18,3668700904554995.0,894.7702339864433,3719.1356361559206,prefill
llama_3_1_70b,128x32,128,32,4096,32,2000,131072,159542288846055.44,1690489124343415.2,845244562.1717075,26413892.56786586,4.88470223267909,1.082951701186478e+17,1690489124343415.0,128.12288296821737,199.1262593297234,prefill
llama_3_1_70b,128x32,128,32,4096,64,2000,131072,318737069119950.9,3100399827524846.5,1550199913.7624228,24221873.652537856,5.3267555537133875,1.987411621403689e+17,3100399827524846.0,128.20356934352606,226.89381003335012,prefill
llama_3_1_70b,128x32,128,32,4096,128,2000,131072,637126629667741.8,5920221233887709.0,2960110616.943855,23125864.194873866,5.579207717936861,3.8508809824711475e+17,5920221233887708.0,130.09246885668628,243.864155432374,prefill
llama_3_1_70b,128x32,128,32,4096,256,2000,131072,1274253259335483.5,1.1840442467775418e+16,5920221233.88771,23125864.194873866,5.579207717936861,7.659645346177352e+17,1.1840442467775416e+16,129.38106607119803,243.97136401344315,prefill
llama_3_1_70b,128x32,128,32,4096,512,2000,131072,2548506518670967.0,2.3680884935550836e+16,11840442467.77542,23125864.194873866,5.579207717936861,1.5504488095358648e+18,2.368088493555083e+16,130.94517487463148,244.0249683039777,prefill
llama_3_1_70b,128x64,128,64,8192,32,2000,131072,79782438050857.97,845425260216991.4,422712630.1084958,13209769.690890493,9.767316389246018,1.082951701186478e+17,845425260216991.5,256.1909969211286,398.2525186594468,prefill
llama_3_1_70b,128x64,128,64,8192,64,2000,131072,159391121815635.94,1550561309852990.8,775280654.9264954,12113760.233226491,10.651028047104955,1.987411621403689e+17,1550561309852991.0,256.34737675637166,453.78762006670024,prefill
llama_3_1_70b,128x64,128,64,8192,128,2000,131072,318608489345191.9,2960833409124989.5,1480416704.5624952,11565755.504394494,11.155691467883475,3.8508809824711475e+17,2960833409124990.0,260.12142193499443,487.728310864748,prefill
llama_3_1_70b,128x64,128,64,8192,256,2000,131072,637216978690383.8,5921666818249979.0,2960833409.1249905,11565755.504394494,11.155691467883475,7.659645346177352e+17,5921666818249980.0,258.6989636962045,487.9427280268863,prefill
llama_3_1_70b,128x64,128,64,8192,512,2000,131072,1274433957380767.5,1.1843333636499958e+16,5921666818.249981,11565755.504394494,11.155691467883475,1.5504488095358648e+18,1.184333363649996e+16,261.82641764942565,488.0499366079554,prefill
llama_3_1_70b,128x128,128,128,16384,32,2000,131072,39902468073963.35,844201163399168.0,422100581.69958395,13190643.178111998,9.781479057374323,1.082951701186478e+17,422892614885045.6,512.1639220305872,796.5050373188936,prefill
llama_3_1_70b,128x128,128,128,16384,64,2000,131072,79718059004886.7,1548288842440704.0,774144421.2203518,12096006.581567997,10.666660862817976,1.987411621403689e+17,775640624479595.2,512.4568153549498,907.5752401334005,prefill
llama_3_1_70b,128x128,128,128,16384,128,2000,131072,159349240866733.4,2956464200523776.0,1478232100.2618883,11548688.283296002,11.172177898906497,3.8508809824711475e+17,1481136643668694.5,519.9899683708758,975.456621729496,prefill
llama_3_1_70b,128x128,128,128,16384,256,2000,131072,318698481733466.8,5797092336771072.0,2898546168.3855357,11322445.970255999,11.39541759253657,7.659645346177352e+17,2962273287337389.0,517.1464347276446,975.8854560537726,prefill
llama_3_1_70b,128x128,128,128,16384,512,2000,131072,637396963466933.6,1.1647790605574144e+16,5823895302.787071,11374795.513255998,11.342973141770994,1.5504488095358648e+18,5924546574674778.0,523.3983022982566,976.0998732159107,prefill
llama_3_1_70b,128x256,128,256,32768,32,2000,131072,25451479173312.85,844199150133248.0,422099575.0666239,13190611.720831998,9.781502384474843,1.082951701186478e+17,299725687262221.6,722.6285548485765,1774.9828315647435,prefill
llama_3_1_70b,128x256,128,256,32768,64,2000,131072,50881239060865.7,1548284815908864.0,774142407.9544318,12095975.124287996,10.66668860296575,1.987411621403689e+17,564400791164955.2,704.255434263853,1906.0197010866593,prefill
llama_3_1_70b,128x256,128,256,32768,128,2000,131072,101762478121731.4,2956456147460096.0,1478228073.7300482,11548656.826016001,11.172208330699013,3.8508809824711475e+17,1093772718256182.4,704.1464681274301,1907.2427965907177,prefill
llama_3_1_70b,128x256,128,256,32768,256,2000,131072,203524956243462.8,5797076230643712.0,2898538115.3218555,11322414.512975998,11.395449252642418,7.659645346177352e+17,2187545436512364.8,700.2958858207064,1908.0812666545708,prefill
llama_3_1_70b,128x256,128,256,32768,512,2000,131072,407028193201165.6,1.1616556798091264e+16,5808278399.045633,11344293.748136003,11.373471356134456,1.5504488095358648e+18,4375069153738969.5,708.7653954959037,1925.941382291263,prefill
llama_3_1_70b,128x512,128,512,65536,32,2000,131072,18241568545240.316,844197472411648.0,422098736.20582396,13190585.506431999,9.781521823810268,1.082951701186478e+17,238155671575941.06,909.4485921920659,3675.4064635942714,prefill
llama_3_1_70b,128x512,128,512,65536,64,2000,131072,36483137090480.63,1548281460465664.0,774140730.2328318,12095948.909887997,10.66671171986578,1.987411621403689e+17,458796382632714.1,866.3588888819535,3680.1295521405327,prefill
llama_3_1_70b,128x512,128,512,65536,128,2000,131072,72966274180961.27,2956449436573696.0,1478224718.2868483,11548630.611616002,11.172233690652751,3.8508809824711475e+17,900077804746260.2,855.6773563718181,3682.491096413663,prefill
llama_3_1_70b,128x512,128,512,65536,256,2000,131072,145927118376642.53,5797062808870912.0,2898531404.435456,11322388.298576,11.395475636198341,7.659645346177352e+17,1800150179507240.5,851.0007035384176,3716.603049213745,prefill
llama_3_1_70b,128x512,128,512,65536,512,2000,131072,291848806768005.06,1.1616529954545664e+16,5808264977.272834,11344267.533736004,11.373497638018819,1.5504488095358648e+18,3600294929029201.0,861.289888800268,3733.8856700361575,prefill
llama_3_1_70b,256x32,256,32,8192,32,2000,131072,101738333243453.44,2394999791093678.0,1197499895.5468388,37421871.73583871,3.4478232652493017,1.0820035351360307e+17,2394999791093678.0,90.35520914529458,225.00591033799566,prefill
llama_3_1_70b,256x32,256,32,8192,64,2000,131072,203389789343866.88,4509681792454492.0,2254840896.227246,35231889.003550716,3.662136877957262,1.985079811810263e+17,4509681792454492.0,88.03635835821756,241.49385494155734,prefill
llama_3_1_70b,256x32,256,32,8192,128,2000,131072,406779578687733.75,8739132672319160.0,4369566336.159581,34137237.00124673,3.779567748710533,3.818075553393541e+17,8739132672319160.0,87.37882113832958,241.70088205011618,prefill
llama_3_1_70b,256x32,256,32,8192,256,2000,131072,813559157375467.5,1.7198034432048496e+16,8599017216.024248,33589911.00009472,3.841153374882005,7.52432977797972e+17,1.7198034432048496e+16,87.50220622838327,241.8043956043956,prefill
llama_3_1_70b,256x32,256,32,8192,512,2000,131072,1627031437607895.0,3.439598198695395e+16,17197990993.476974,33589826.159134716,3.841163076841708,1.5050530406111642e+18,3.439598198695395e+16,87.5133055472593,244.03773650460565,prefill
llama_3_1_70b,256x64,256,64,16384,32,2000,131072,50880460249556.97,1197861291637406.8,598930645.8187033,18716582.681834478,6.8935661062329086,1.0820035351360307e+17,1197861291637407.0,180.65589775540616,450.0118206759913,prefill
llama_3_1_70b,256x64,256,64,16384,64,2000,131072,101717481927593.94,2255563688408381.5,1127781844.2041907,17621591.31569048,7.321926702789632,1.985079811810263e+17,2255563688408382.0,176.0162944643799,482.9877098831147,prefill
llama_3_1_70b,256x64,256,64,16384,128,2000,131072,203434963855187.88,4371011920521851.5,2185505960.260926,17074265.314538483,7.556635534422555,3.818075553393541e+17,4371011920521851.5,174.69984629727134,483.40176410023236,prefill
llama_3_1_70b,256x64,256,64,16384,256,2000,131072,406869927710375.75,8601908384748791.0,4300954192.374395,16800602.313962482,7.679724666345562,7.52432977797972e+17,8601908384748791.0,174.94559210419814,483.6087912087912,prefill
llama_3_1_70b,256x64,256,64,16384,512,2000,131072,813696416849231.5,1.7203773330926062e+16,8601886665.46303,16800559.89348248,7.679744057223526,1.5050530406111642e+18,1.7203773330926062e+16,174.96778313227736,488.0754730092113,prefill
llama_3_1_70b,256x128,256,128,32768,32,2000,131072,25451479173312.85,844638317526709.8,422319158.7633549,13197473.71135484,9.776416518942588,1.0820035351360307e+17,599290615371803.2,361.09477017748713,900.0236413519826,prefill
llama_3_1_70b,256x128,256,128,32768,64,2000,131072,50881239060865.7,1549162153237867.5,774581076.6189336,12102829.322170837,10.660647734959339,1.985079811810263e+17,1128501783310390.5,351.8080061844747,965.9754197662294,prefill
llama_3_1_70b,256x128,256,128,32768,128,2000,131072,101762478121731.4,2958209824660183.0,1479104912.3300915,11555507.12757884,11.165585255195431,3.818075553393541e+17,2186945838473324.8,349.169648943742,966.8035282004647,prefill
llama_3_1_70b,256x128,256,128,32768,256,2000,131072,203524956243462.8,5776305167504814.0,2888152583.752406,11281846.030282836,11.436426242094829,7.52432977797972e+17,4303833948799193.5,349.6570670473507,967.2175824175824,prefill
llama_3_1_70b,256x128,256,128,32768,512,2000,131072,407028193201165.6,1.1464000681577308e+16,5732000340.788654,11195313.16560284,11.524822762119882,1.5050530406111642e+18,8607646178312627.0,349.7014188160328,976.1509460184226,prefill
llama_3_1_70b,256x256,256,256,65536,32,2000,131072,15498554353558.348,843920127467520.0,421960063.73375994,13186251.991679998,9.784736411939422,1.0820035351360307e+17,388302567109323.1,557.2991923235998,1748.9406472925173,prefill
llama_3_1_70b,256x256,256,256,65536,64,2000,131072,30986249064236.695,1547725773119488.0,773862886.5597439,12091607.602495998,10.670541440111434,1.985079811810263e+17,741565410502038.2,535.3755133930447,1873.2461804223462,prefill
llama_3_1_70b,256x256,256,256,65536,128,2000,131072,61972498128473.39,2955337064423424.0,1477668532.2117121,11544285.407904001,11.176438856203383,3.818075553393541e+17,1448101956930348.5,527.3213719684497,1874.8520711413692,prefill
llama_3_1_70b,256x256,256,256,65536,256,2000,131072,123944996256946.78,5770559647031296.0,2885279823.5156484,11270624.310608001,11.44781304426602,7.52432977797972e+17,2861175049786969.0,525.9608130960005,1875.6550165008807,prefill
llama_3_1_70b,256x256,256,256,65536,512,2000,131072,247879132871013.56,1.1452509640630272e+16,5726254820.315137,11184091.445928002,11.536386359481721,1.5050530406111642e+18,5722339239931058.0,526.0271988450992,1892.4533354645553,prefill
llama_3_1_70b,256x512,256,512,131072,32,2000,131072,10518604265645.814,843918449745920.0,421959224.8729599,13186225.777279997,9.784755864131318,1.0820035351360307e+17,282800284800442.06,765.2068214143039,3587.750197243066,prefill
llama_3_1_70b,256x512,256,512,131072,64,2000,131072,21037208531291.63,1547722417676288.0,773861208.8381438,12091581.388095997,10.670564573714273,1.985079811810263e+17,548085609081716.1,724.3685216023616,3590.532475837216,prefill
llama_3_1_70b,256x512,256,512,131072,128,2000,131072,42074417062583.26,2955330353537024.0,1477665176.7685122,11544259.193504002,11.17646423536664,3.818075553393541e+17,1078656257644264.2,707.9318413693799,3593.610556465144,prefill
llama_3_1_70b,256x512,256,512,131072,256,2000,131072,84146119132526.52,5770546225258496.0,2885273112.629248,11270598.096208,11.44783967085209,7.52432977797972e+17,2139794839776720.5,703.2758129994234,3625.660734630664,prefill
llama_3_1_70b,256x512,256,512,131072,512,2000,131072,168289523272413.03,1.1452482797084672e+16,5726241398.542337,11184065.231528003,11.536413399689403,1.5050530406111642e+18,4279586964560801.0,703.3636905030729,3641.4635675022346,prefill
llama_3_1_70b,512x32,512,32,16384,32,2000,131072,72898153729179.31,3805225305319123.5,1902612652.6595614,59456645.39561129,2.170051793899622,1.0815446676353843e+17,3805225305319123.5,56.845236791816255,249.2502793131029,prefill
llama_3_1_70b,512x32,512,32,16384,64,2000,131072,145796307458358.62,7330219698048423.0,3665109849.024212,57267341.39100331,2.2530118714445795,1.9839457327631565e+17,7330219698048423.0,54.13059402002253,249.65098756755958,prefill
llama_3_1_70b,512x32,512,32,16384,128,2000,131072,291592614916717.25,1.4380208483507022e+16,7190104241.75351,56172689.3886993,2.296916907559651,3.801952310473523e+17,1.4380208483507022e+16,52.877568706101385,249.8513416947879,prefill
llama_3_1_70b,512x32,512,32,16384,256,2000,131072,583163510547674.5,2.848016433513846e+16,14240082167.56923,55625320.9670673,2.3195192001928047,7.457770776454758e+17,2.848016433513846e+16,52.37168359491141,252.0455260250794,prefill
llama_3_1_70b,512x32,512,32,16384,512,2000,131072,1166305301809589.0,5.6680076038401336e+16,28340038019.20067,55351636.756251305,2.3309879808645095,1.482860449103872e+18,5.6680076038401336e+16,52.32386943515103,253.15719660685804,prefill
llama_3_1_70b,512x64,512,64,32768,32,2000,131072,36460370492419.9,1903335444840697.2,951667722.4203485,29739616.32563589,4.338455432216851,1.0815446676353843e+17,1903335444840697.5,113.64729959367786,498.5005586262058,prefill
llama_3_1_70b,512x64,512,64,32768,64,2000,131072,72920740984839.8,3666555433386482.5,1833277716.6932416,28644964.3233319,4.504247187869853,1.9839457327631565e+17,3666555433386483.0,108.21850474142461,499.30197513511916,prefill
llama_3_1_70b,512x64,512,64,32768,128,2000,131072,145841481969679.6,7192995410478053.0,3596497705.2390265,28097638.322179895,4.59198735924187,3.801952310473523e+17,7192995410478054.0,105.71262995483663,499.7026833895758,prefill
llama_3_1_70b,512x64,512,64,32768,256,2000,131072,291672104296479.2,1.4245864505018314e+16,7122932252.509159,27823954.111363903,4.637155433896573,7.457770776454758e+17,1.4245864505018316e+16,104.70085229053876,504.0910520501588,prefill
llama_3_1_70b,512x64,512,64,32768,512,2000,131072,583333348950078.4,2.8351602694098836e+16,14175801347.04942,27687112.005955897,4.660074332499724,1.482860449103872e+18,2.835160269409884e+16,104.60505285032916,506.3143932137161,prefill
llama_3_1_70b,512x128,512,128,65536,32,2000,131072,18241434294744.316,1196974775852395.2,598487387.9261975,18702730.872693673,6.898671690152875,1.0815446676353843e+17,952387661526548.2,227.1227802136401,997.0011172524116,prefill
llama_3_1_70b,512x128,512,128,65536,64,2000,131072,36482868589488.63,2253834571160278.5,1126917285.5801392,17608082.587189674,7.327544004925796,1.9839457327631565e+17,1834717594905640.5,216.26715067995963,998.6039502702383,prefill
llama_3_1_70b,512x128,512,128,65536,128,2000,131072,72965737178977.27,4367554161776045.0,2183777080.888023,17060758.44443768,7.562618064149763,3.801952310473523e+17,3599377461663825.0,211.25610475518494,999.4053667791516,prefill
llama_3_1_70b,512x128,512,128,65536,256,2000,131072,145926044536514.53,8594993343007578.0,4297496671.50379,16787096.37306168,7.685903335078563,7.457770776454758e+17,7128691765358754.0,209.23252181263143,1008.1821041003176,prefill
llama_3_1_70b,512x128,512,128,65536,512,2000,131072,291846659251589.06,1.7049871705470644e+16,8524935852.735324,16650265.33737368,7.749065698694237,1.482860449103872e+18,1.4187320372748612e+16,209.04024299785186,1012.6287864274321,prefill
llama_3_1_70b,512x256,512,256,131072,32,2000,131072,10518537140397.814,845210455741131.1,422605227.87056553,13206413.370955173,9.769798686126402,1.0815446676353843e+17,565559183502196.1,382.4691382210345,1919.341529598414,prefill
llama_3_1_70b,512x256,512,256,131072,64,2000,131072,21037074280795.63,1550305930937750.2,775152965.468875,12111765.085451173,10.652782570476495,1.9839457327631565e+17,1096089502930664.2,362.0043303869968,1922.4271670394273,prefill
llama_3_1_70b,512x256,512,256,131072,128,2000,131072,42074148561591.26,2960496881330988.5,1480248440.6654947,11564440.942699177,11.156959565905776,3.801952310473523e+17,2157150141787600.5,352.4976993324069,1923.969985759934,prefill
llama_3_1_70b,512x256,512,256,131072,256,2000,131072,84145582212462.52,5780878782117465.0,2890439391.058732,11290778.871323172,11.427378170313915,7.457770776454758e+17,4279268704590753.0,348.55351656016103,1940.2254817680625,prefill
llama_3_1_70b,512x256,512,256,131072,512,2000,131072,168288449514205.03,1.1421642583690418e+16,5710821291.84521,11153947.835635176,11.567563512157358,1.482860449103872e+18,8523505830197058.0,347.9461335851727,1948.457137552085,prefill
llama_3_1_70b,512x512,512,512,262144,32,2000,131072,6656282233285.281,843778267324416.0,421889133.66220796,13184035.426943999,9.786381469843121,1.0815446676353843e+17,372133998965074.0,581.266248525113,3685.2677938864904,prefill
llama_3_1_70b,512x512,512,512,262144,64,2000,131072,13312564466570.562,1547441554104320.0,773720777.0521598,12089387.141439997,10.672501301387857,1.9839457327631565e+17,726753037410980.0,545.9752159635577,3691.1924300753167,prefill
llama_3_1_70b,512x512,512,512,262144,128,2000,131072,26625128933141.125,2954768127664128.0,1477384063.8320642,11542062.998688001,11.178590864966367,3.801952310473523e+17,1435991114302792.0,529.5230969892822,3694.1547481697303,prefill
llama_3_1_70b,512x512,512,512,262144,256,2000,131072,53248900369962.25,5769421274783744.0,2884710637.3918724,11268400.927312002,11.450071827607378,7.457770776454758e+17,2854465910590096.0,522.5335323701963,3724.1042048313757,prefill
llama_3_1_70b,512x512,512,512,262144,512,2000,131072,106496443243604.5,1.1398727569022976e+16,5699363784.511489,11131569.891624002,11.590817939982093,1.482860449103872e+18,5691415503164704.0,521.0866956662467,3739.262635638255,prefill
llama_3_1_8b,32x32,32,32,1024,32,1000,131072,101160635305601.19,593870997713929.5,593870997.7139294,18558468.678560294,6.952297747984737,3.814001978376192e+16,593870997713929.5,64.2227351235868,118.7122485819533,prefill
llama_3_1_8b,32x32,32,32,1024,64,1000,131072,202561419681026.38,1187982144497683.0,1187982144.4976828,18562221.007776294,6.9508923498943265,7.451570346550886e+16,1187982144497683.0,62.7245988591996,96.57472642930774,prefill
llama_3_1_8b,32x32,32,32,1024,128,1000,131072,405122839362052.75,2375964288995366.0,2375964288.9953656,18562221.007776294,6.9508923498943265,1.4726707082900275e+17,2375964288995366.0,61.982021998854194,96.73456952263896,prefill
llama_3_1_8b,32x32,32,32,1024,256,1000,131072,809645306049545.5,4751328205316172.0,4751328205.316172,18559875.802016295,6.951770657106615,2.9716838799323955e+17,4751328205316172.0,62.54427712670815,109.79296539817672,prefill
llama_3_1_8b,32x32,32,32,1024,512,1000,131072,1618690239424531.0,9502056037957784.0,9502056037.957783,18558703.199136294,6.95220989395448,6.0356891672209e+17,9502056037957784.0,63.519822900540504,117.72975379689261,prefill
llama_3_1_8b,32x64,32,64,2048,32,1000,131072,50649389822520.79,297067815342534.3,297067815.3425343,9283369.229454197,13.898402273027527,3.814001978376192e+16,297067815342534.3,128.38825956216272,192.51008048529062,prefill
llama_3_1_8b,32x64,32,64,2048,64,1000,131072,101298779645041.58,594135630685068.6,594135630.6850686,9283369.229454197,13.898402273027527,7.451570346550886e+16,594135630685068.6,125.41867482276473,193.1494528586155,prefill
llama_3_1_8b,32x64,32,64,2048,128,1000,131072,202447466121443.16,1188121168201497.2,1188121168.2014973,9282196.626574198,13.900158032702567,1.4726707082900275e+17,1188121168201497.2,123.94953879319087,219.4108322498211,prefill
llama_3_1_8b,32x64,32,64,2048,256,1000,131072,404744839074246.3,2376092243234354.5,2376092243.2343545,9281610.325134197,13.901036078902022,2.9716838799323955e+17,2376092243234354.5,125.0660149408727,235.36566691366804,prefill
llama_3_1_8b,32x64,32,64,2048,512,1000,131072,809489678148492.6,4752184486468709.0,4752184486.468709,9281610.325134197,13.901036078902022,6.0356891672209e+17,4752184486468709.0,127.0087300778583,235.45950759378522,prefill
llama_3_1_8b,32x128,32,128,4096,32,1000,131072,25333694150087.89,148605901581887.12,148605901.5818871,4643934.424433972,27.78333805084385,3.814001978376192e+16,148605901581887.12,256.6521206612068,385.02016097058123,prefill
llama_3_1_8b,32x128,32,128,4096,64,1000,131072,50629865008015.78,297174279871614.25,297174279.8716142,4643348.122993972,27.786846168408097,7.451570346550886e+16,297174279871614.25,250.74748560912226,438.0965606136115,prefill
llama_3_1_8b,32x128,32,128,4096,128,1000,131072,101222206723871.56,594311036451068.5,594311036.4510684,4643054.972273972,27.788600559430705,1.4726707082900275e+17,594311036451068.5,247.79460887754811,470.35597110686723,prefill
llama_3_1_8b,32x128,32,128,4096,256,1000,131072,202444413447743.12,1188622072902137.0,1188622072.9021368,4643054.972273972,27.788600559430705,2.9716838799323955e+17,1188622072902137.0,250.0108274682077,470.7313338273361,prefill
llama_3_1_8b,32x128,32,128,4096,512,1000,131072,404888826895486.25,2377244145804274.0,2377244145.8042736,4643054.972273972,27.788600559430705,6.0356891672209e+17,2377244145804274.0,253.89437504236207,470.91901518757044,prefill
llama_3_1_8b,32x256,32,256,8192,32,1000,131072,17067742573785.088,148429705174657.2,148429705.17465717,4638428.286708036,27.81631880991531,3.814001978376192e+16,109560748156616.7,348.11755510505367,847.2848246452735,prefill
llama_3_1_8b,32x256,32,256,8192,64,1000,131072,34126104324530.176,289489462586626.4,289489462.5866264,4523272.852916038,28.52447866743691,7.451570346550886e+16,219112115490193.4,340.0802520609313,909.242195595666,prefill
llama_3_1_8b,32x256,32,256,8192,128,1000,131072,68252208649060.35,579315306367492.8,579315306.3674927,4525900.8309960365,28.50791584216066,1.4726707082900275e+17,438224230980386.8,336.0541485794605,910.747103665353,prefill
llama_3_1_8b,32x256,32,256,8192,256,1000,131072,136504417298120.7,1158966993929225.5,1158966993.9292254,4527214.820036037,28.49964164037017,2.9716838799323955e+17,876448461960773.6,339.0597404078046,911.4739159766466,prefill
llama_3_1_8b,32x256,32,256,8192,512,1000,131072,272999453773201.4,2327098137458707.0,2327098137.4587073,4545113.549724038,28.38740959680399,6.0356891672209e+17,1752887543098507.2,344.32837354482314,919.8367167426112,prefill
llama_3_1_8b,32x512,32,512,16384,32,1000,131072,12942204296223.06,148428899868289.2,148428899.86828917,4638403.120884037,27.816469728359706,3.814001978376192e+16,90044663652600.48,423.5677966537714,1691.053166595923,prefill
llama_3_1_8b,32x512,32,512,16384,64,1000,131072,25884408592446.12,289487851973890.4,289487851.97389036,4523247.687092037,28.524637368012137,7.451570346550886e+16,180089327305200.97,413.7707913097238,1696.6695617156975,prefill
llama_3_1_8b,32x512,32,512,16384,128,1000,131072,51768817184892.24,572276928711172.8,572276928.7111726,4470913.505556036,28.858531895027934,1.4726707082900275e+17,360178654610401.94,408.8722886377001,1699.4777592755847,prefill
llama_3_1_8b,32x512,32,512,16384,256,1000,131072,103535288836344.48,1146141684712457.5,1146141684.7124572,4477115.955908036,28.81855222662682,2.9716838799323955e+17,720354963687363.9,412.53049256728866,1714.749400731238,prefill
llama_3_1_8b,32x512,32,512,16384,512,1000,131072,207068232139248.97,2314097271453715.0,2314097271.453715,4519721.233308037,28.54689334580173,6.0356891672209e+17,1440707581841287.8,418.9392242600003,1722.4793151912168,prefill
llama_3_1_8b,64x32,64,32,2048,32,1000,131072,50649389822520.79,593818264478604.6,593818264.4786047,18556820.764956396,6.952915137470919,3.806052476570829e+16,593818264478604.6,64.09456738271076,96.34512859144132,prefill
llama_3_1_8b,64x32,64,32,2048,64,1000,131072,101298779645041.58,1157377746159385.2,1157377746.1593854,18084027.283740398,7.134693947072691,7.42699222171648e+16,1157377746159385.2,64.17085732261602,96.6620476832395,prefill
llama_3_1_8b,64x32,64,32,2048,128,1000,131072,202447466121443.16,2314605399150130.5,2314605399.1501307,18082854.680860396,7.135156604259175,1.4668870329040896e+17,2314605399150130.5,63.37525322643318,109.79052210927051,prefill
llama_3_1_8b,64x32,64,32,2048,256,1000,131072,404744839074246.3,4629060705131621.0,4629060705.131621,18082268.379420396,7.135387955354289,2.9370824626221875e+17,4629060705131621.0,63.448778266533346,117.76990368955748,prefill
llama_3_1_8b,64x32,64,32,2048,512,1000,131072,809489678148492.6,9258121410263242.0,9258121410.263243,18082268.379420396,7.135387955354289,5.910203172734894e+17,9258121410263242.0,63.83803917480539,117.81805891082449,prefill
llama_3_1_8b,64x64,64,64,4096,32,1000,131072,25329212362392.492,296981411457415.9,296981411.4574159,9280669.108044246,13.902445879485704,3.806052476570829e+16,296981411457415.9,128.15793614465255,192.69025718288265,prefill
llama_3_1_8b,64x64,64,64,4096,64,1000,131072,50658424724784.984,578833431515919.8,578833431.5159198,9044272.367436247,14.265824243036816,7.42699222171648e+16,578833431515919.8,128.30966245791583,193.324095366479,prefill
llama_3_1_8b,64x64,64,64,4096,128,1000,131072,101241802865249.97,1157591816447519.5,1157591816.4475195,9043686.065996246,14.266749095274662,1.4668870329040896e+17,1157591816447519.5,126.71884960328694,219.58104421854102,prefill
llama_3_1_8b,64x64,64,64,4096,256,1000,131072,202408559146179.94,2315108586310719.0,2315108586.310719,9043392.915276246,14.267211566363612,2.9370824626221875e+17,2315108586310719.0,126.86586192929403,235.53980737911496,prefill
llama_3_1_8b,64x64,64,64,4096,512,1000,131072,404817118292359.9,4630217172621438.0,4630217172.621438,9043392.915276246,14.267211566363612,5.910203172734894e+17,4630217172621438.0,127.64418929811839,235.63611782164898,prefill
llama_3_1_8b,64x128,64,128,8192,32,1000,131072,12669105800609.992,148562699639327.88,148562699.6393279,4642584.363728997,27.79141742862501,3.806052476570829e+16,148562699639327.88,256.19166088196755,385.3805143657653,prefill
llama_3_1_8b,64x128,64,128,8192,64,1000,131072,25319449955139.984,289541941933119.75,289541941.93311983,4524092.842704997,28.51930861853298,7.42699222171648e+16,289541941933119.75,256.5083376912632,438.49268020338803,prefill
llama_3_1_8b,64x128,64,128,8192,128,1000,131072,50620138264199.97,579065122220159.5,579065122.2201596,4523946.267344997,28.520232640986098,1.4668870329040896e+17,579065122220159.5,253.31987312238465,470.72085835979067,prefill
llama_3_1_8b,64x128,64,128,8192,256,1000,131072,101240276528399.94,1158130244440319.0,1158130244.4403193,4523946.267344997,28.520232640986098,2.9370824626221875e+17,1158130244440319.0,253.60554019911373,471.0796147582299,prefill
llama_3_1_8b,64x128,64,128,8192,512,1000,131072,202480553056799.88,2316260488880638.0,2316260488.8806386,4523946.267344997,28.520232640986098,5.910203172734894e+17,2316260488880638.0,255.16142079473428,471.27223564329796,prefill
llama_3_1_8b,64x256,64,256,16384,32,1000,131072,8536130012458.593,148402986060385.97,148402986.06038594,4637593.314387061,27.821326980037874,3.806052476570829e+16,109560833659561.48,347.39170463026784,848.0778271791647,prefill
llama_3_1_8b,64x256,64,256,16384,64,1000,131072,17067569613397.186,289241671582915.94,289241671.58291596,4519401.118483062,28.548915357906303,7.42699222171648e+16,215334629057874.97,344.90468412864266,910.0643171960331,prefill
llama_3_1_8b,64x256,64,256,16384,128,1000,131072,34135139226794.37,571282109970823.9,571282109.9708238,4463141.484147061,28.90878554002584,1.4668870329040896e+17,430669258115749.94,340.60639464306456,911.4536323992869,prefill
llama_3_1_8b,64x256,64,256,16384,256,1000,131072,68270278453588.74,1142731087029007.8,1142731087.0290077,4463793.308707061,28.904564140173377,2.9370824626221875e+17,861338516231499.9,340.99049412911603,912.1482900009137,prefill
llama_3_1_8b,64x256,64,256,16384,512,1000,131072,136535866495657.48,2290127482517023.5,2290127482.5170226,4472905.23929106,28.845681519613382,5.910203172734894e+17,1722672342051479.8,343.08341920069415,920.526655211444,prefill
llama_3_1_8b,64x512,64,512,32768,32,1000,131072,6473360873677.579,148402583407201.97,148402583.40720195,4637580.731475061,27.821402466229788,3.806052476570829e+16,90062738722009.27,422.6001263762054,1692.6358804685772,prefill
llama_3_1_8b,64x512,64,512,32768,64,1000,131072,12946721747355.158,289240866276547.94,289240866.27654797,4519388.535571062,28.548994843988726,7.42699222171648e+16,178234039278002.53,416.6988669393362,1698.2036619830722,prefill
llama_3_1_8b,64x512,64,512,32768,128,1000,131072,25893443494710.316,571280499358087.9,571280499.3580878,4463128.901235061,28.9088670426471,1.4668870329040896e+17,356468078556005.06,411.5058601730099,1700.796160250759,prefill
llama_3_1_8b,64x512,64,512,32768,256,1000,131072,51785714222700.63,1136402989589263.8,1136402989.589264,4439074.178083062,29.065520156664018,2.9370824626221875e+17,712934984345290.1,411.97059018213275,1716.0180957906484,prefill
llama_3_1_8b,64x512,64,512,32768,512,1000,131072,103570255678681.27,2283627049514527.5,2283627049.514528,4460209.081083062,28.927791871288104,5.910203172734894e+17,1425868795923860.2,414.4983879043028,1723.7712887770588,prefill
llama_3_1_8b,128x32,128,32,4096,32,1000,131072,25333694150087.89,593947557017852.5,593947557.0178524,18560861.15680789,6.951401603081096,3.802079906444083e+16,593947557017852.5,64.01373086765305,96.66273491396399,prefill
llama_3_1_8b,128x32,128,32,4096,64,1000,131072,50629865008015.78,1157598807945721.0,1157598807.9457211,18087481.374151893,7.133331464511312,7.414706138932838e+16,1157598807945721.0,64.0524686794642,109.92770506484213,prefill
llama_3_1_8b,128x32,128,32,4096,128,1000,131072,101222206723871.56,2284901309801458.0,2284901309.8014574,17850791.482823886,7.227914802777652,1.463995860391035e+17,2284901309801458.0,64.07260804267499,117.99004765318602,prefill
llama_3_1_8b,128x32,128,32,4096,256,1000,131072,202444413447743.12,4569802619602916.0,4569802619.602915,17850791.482823886,7.227914802777652,2.919783222728458e+17,4569802619602916.0,63.89298325935502,118.08468631833453,prefill
llama_3_1_8b,128x32,128,32,4096,512,1000,131072,404888826895486.25,9139605239205832.0,9139605239.20583,17850791.482823886,7.227914802777652,5.847463043971154e+17,9139605239205832.0,63.97938303601457,118.1320056509088,prefill
llama_3_1_8b,128x64,128,64,8192,32,1000,131072,12669105800609.992,297046057727039.75,297046057.7270398,9282689.303969994,13.899420283820055,3.802079906444083e+16,297046057727039.75,127.99630924366193,193.32546982792798,prefill
llama_3_1_8b,128x64,128,64,8192,64,1000,131072,25319449955139.984,578943962409087.5,578943962.4090877,9045999.412641995,14.263100638685202,7.414706138932838e+16,578943962409087.5,128.07295041266076,219.85541012968426,prefill
llama_3_1_8b,128x64,128,64,8192,128,1000,131072,50620138264199.97,1142739771773183.0,1142739771.773183,8927654.466977993,14.452172233730566,1.463995860391035e+17,1142739771773183.0,128.1127949296243,235.98009530637205,prefill
llama_3_1_8b,128x64,128,64,8192,256,1000,131072,101240276528399.94,2285479543546366.0,2285479543.546366,8927654.466977993,14.452172233730566,2.919783222728458e+17,2285479543546366.0,127.75363625429115,236.16937263666907,prefill
llama_3_1_8b,128x64,128,64,8192,512,1000,131072,202480553056799.88,4570959087092732.0,4570959087.092732,8927654.466977993,14.452172233730566,5.847463043971154e+17,4570959087092732.0,127.92639208876221,236.2640113018176,prefill
llama_3_1_8b,128x128,128,128,16384,32,1000,131072,6336802710011.87,148595022774139.84,148595022.77413985,4643594.46169187,27.785372100084455,3.802079906444083e+16,148595022774139.84,255.86859071471963,386.65093965585595,prefill
llama_3_1_8b,128x128,128,128,16384,64,1000,131072,12664224596983.74,289615969025783.7,289615969.0257838,4525249.5160278715,28.51201896006243,7.414706138932838e+16,289615969025783.7,256.0185532543175,439.7108202593685,prefill
llama_3_1_8b,128x128,128,128,16384,128,1000,131072,25319068370927.48,571657861529071.4,571657861.5290713,4466077.04319587,28.889783752514937,1.463995860391035e+17,571657861529071.4,256.09651487607226,471.9601906127441,prefill
llama_3_1_8b,128x128,128,128,16384,256,1000,131072,50638136741854.96,1143315723058142.8,1143315723.0581427,4466077.04319587,28.889783752514937,2.919783222728458e+17,1143315723058142.8,255.3785593815344,472.33874527333813,prefill
llama_3_1_8b,128x128,128,128,16384,512,1000,131072,101276273483709.92,2286631446116285.5,2286631446.1162853,4466077.04319587,28.889783752514937,5.847463043971154e+17,2286631446116285.5,255.72389699716325,472.5280226036352,prefill
llama_3_1_8b,128x256,128,256,32768,32,1000,131072,4270314815936.17,148443550609341.94,148443550.60934192,4638860.956541935,27.813724362236904,3.802079906444083e+16,109614800517125.44,346.85826079207925,850.8735562818327,prefill
llama_3_1_8b,128x256,128,256,32768,64,1000,131072,8538284426112.34,289322600796027.9,289322600.79602784,4520665.637437935,28.54092966564183,7.414706138932838e+16,215444907978762.88,344.157873513712,912.5924912074687,prefill
llama_3_1_8b,128x256,128,256,32768,128,1000,131072,17076568852224.68,571080701169399.8,571080701.1693996,4461567.9778859345,28.918981093533983,1.463995860391035e+17,427107468107797.75,342.7699044638425,913.8533431060528,prefill
llama_3_1_8b,128x256,128,256,32768,256,1000,131072,34153137704449.36,1135044526427631.5,1135044526.4276316,4433767.681357936,29.100306843430197,2.919783222728458e+17,854214936215595.5,341.80896387317836,914.5863359495448,prefill
llama_3_1_8b,128x256,128,256,32768,512,1000,131072,68303930203138.72,2272504940743647.0,2272504940.7436476,4438486.212389937,29.069370462350957,5.847463043971154e+17,1708427527225431.0,342.2716475113063,922.979558826017,prefill
llama_3_1_8b,128x512,128,512,65536,32,1000,131072,3238930246545.663,148443349282749.94,148443349.28274992,4638854.665085935,27.81376208465669,3.802079906444083e+16,90125700362805.22,421.86411768659025,1698.2157355710103,prefill
llama_3_1_8b,128x512,128,512,65536,64,1000,131072,6477860493091.326,289322198142843.9,289322198.14284384,4520659.345981935,28.540969386397023,7.414706138932838e+16,178359962559594.44,415.7158384946063,1702.9213003776624,prefill
llama_3_1_8b,128x512,128,512,65536,128,1000,131072,12955720986182.652,571079895863031.8,571079895.8630316,4461561.686429935,28.919021873536572,1.463995860391035e+17,354828486953172.9,412.5925381476601,1705.2740827809885,prefill
llama_3_1_8b,128x512,128,512,65536,256,1000,131072,25910855589005.305,1135042915814895.5,1135042915.8148956,4433761.389901936,29.100348136428174,2.919783222728458e+17,709656387522985.8,411.43619279180893,1720.6047743078177,prefill
llama_3_1_8b,128x512,128,512,65536,512,1000,131072,51821124794650.61,2269254724242399.0,2269254724.2423983,4432138.133285934,29.11100604717461,5.847463043971154e+17,1419312188662611.5,411.9927307522877,1728.3645776307826,prefill
llama_3_1_8b,256x32,256,32,8192,32,1000,131072,17067742573785.088,875981227767365.6,875981227.7673656,27374413.367730174,4.713306483202945,3.800100028966502e+16,875981227767365.6,43.381066951079625,107.94673375237666,prefill
llama_3_1_8b,256x32,256,32,8192,64,1000,131072,34126104324530.176,1721694291913867.2,1721694291.9138672,26901473.311154176,4.796168540943915,7.408576640109773e+16,1721694291913867.2,43.030732429705985,115.7104812416279,prefill
llama_3_1_8b,256x32,256,32,8192,128,1000,131072,68252208649060.35,3413129801029910.5,3413129801.02991,26665076.570546173,4.838688524244401,1.46255312453632e+17,3413129801029910.5,42.850791203281965,115.88858710973118,prefill
llama_3_1_8b,256x32,256,32,8192,256,1000,131072,136504417298120.7,6796000819261997.0,6796000819.261998,26546878.20024218,4.860232492377313,2.911139238028247e+17,6796000819261997.0,42.8360636711103,115.97764004378283,prefill
llama_3_1_8b,256x32,256,32,8192,512,1000,131072,272999453773201.4,1.3591992257700954e+16,13591992257.700956,26546859.87832218,4.860235846777469,5.816104115377275e+17,1.3591992257700954e+16,42.790666777212046,117.0270760180443,prefill
llama_3_1_8b,256x64,256,64,16384,32,1000,131072,8536130012458.593,438135172319909.94,438135172.3199099,13691724.134997183,9.423502747196311,3.800100028966502e+16,438135172319909.94,86.73350758043709,215.89346750475332,prefill
llama_3_1_8b,256x64,256,64,16384,64,1000,131072,17067569613397.186,861136262829387.9,861136262.8293879,13455254.106709186,9.589116561958114,7.408576640109773e+16,861136262829387.9,86.0325706847813,231.4209624832558,prefill
llama_3_1_8b,256x64,256,64,16384,128,1000,131072,34135139226794.37,1707143134259863.8,1707143134.2598634,13337055.736405183,9.674099182761354,1.46255312453632e+17,1707143134259863.8,85.67255405742024,231.77717421946235,prefill
llama_3_1_8b,256x64,256,64,16384,256,1000,131072,68270278453588.74,3399156877120815.5,3399156877.120816,13277956.551253188,9.71715787003555,2.911139238028247e+17,3399156877120815.5,85.6429798113368,231.95528008756565,prefill
llama_3_1_8b,256x64,256,64,16384,512,1000,131072,136535866495657.48,6798309063830111.0,6798309063.830112,13277947.390293188,9.717164574271674,5.816104115377275e+17,6798309063830111.0,85.55221689348336,234.0541520360886,prefill
llama_3_1_8b,256x128,256,128,32768,32,1000,131072,4270314815936.17,219211573981194.88,219211573.98119488,6850361.68691234,18.834625950699973,3.800100028966502e+16,219211573981194.88,173.35307438157872,431.78693500950664,prefill
llama_3_1_8b,256x128,256,128,32768,64,1000,131072,8538284426112.34,430856107057173.75,430856107.0571738,6732126.67276834,19.165414774785216,7.408576640109773e+16,430856107057173.75,171.9501364553403,462.8419249665116,prefill
llama_3_1_8b,256x128,256,128,32768,128,1000,131072,17076568852224.68,854147518414891.5,854147518.4148915,6673027.48761634,19.335151884124553,1.46255312453632e+17,854147518414891.5,171.22957018601358,463.5543484389247,prefill
llama_3_1_8b,256x128,256,128,32768,256,1000,131072,34153137704449.36,1700730341130327.0,1700730341.1303275,6643477.895040342,19.421152901904332,2.911139238028247e+17,1700730341130327.0,171.16994785272468,463.9105601751313,prefill
llama_3_1_8b,256x128,256,128,32768,512,1000,131072,68303930203138.72,3401458337054894.0,3401458337.054895,6643473.314560342,19.42116629221964,5.816104115377275e+17,3401458337054894.0,170.98854488434125,468.1083040721772,prefill
llama_3_1_8b,256x256,256,256,65536,32,1000,131072,2689519034756.4697,148857073283358.06,148857073.283358,4651783.540104938,27.736458261144584,3.800100028966502e+16,145068019671326.06,261.95298161346756,838.5992099215216,prefill
llama_3_1_8b,256x256,256,256,65536,64,1000,131072,5377865466632.939,290149546201660.1,290149546.20166004,4533586.659400938,28.459586127564844,7.408576640109773e+16,286352518890044.1,258.72224448476305,897.1079453066561,prefill
llama_3_1_8b,256x256,256,256,65536,128,1000,131072,10755730933265.879,572734492038264.2,572734492.038264,4474488.219048938,28.835476524603372,1.46255312453632e+17,568922689930360.2,257.07414213262365,898.4888071582938,prefill
llama_3_1_8b,256x256,256,256,65536,256,1000,131072,21511461866531.758,1137904383711472.5,1137904383.7114725,4444938.9988729395,29.027170009018203,2.911139238028247e+17,1134063032010992.5,256.69995016644094,899.1792380841125,prefill
llama_3_1_8b,256x256,256,256,65536,512,1000,131072,43021751130183.516,2269985516249569.0,2269985516.2495685,4433565.461424938,29.10163414132425,5.816104115377275e+17,2268124891419105.0,256.42785974357406,907.0699061765835,prefill
llama_3_1_8b,256x512,256,512,131072,32,1000,131072,1898894904149.963,148570769817743.03,148570769.817743,4642836.556804469,27.789907833586007,3.800100028966502e+16,107994120557949.64,351.8802699011164,1661.8275868099886,prefill
llama_3_1_8b,256x512,256,512,131072,64,1000,131072,3797789808299.926,289576939270430.06,289576939.27043,4524639.676100469,28.515861866640062,7.408576640109773e+16,214096802949883.28,346.03863943937574,1665.4784229912236,prefill
llama_3_1_8b,256x512,256,512,131072,128,1000,131072,7595579616599.852,571589278175804.1,571589278.175804,4465541.235748469,28.89325015456369,1.46255312453632e+17,426302167733750.56,343.07897900480907,1668.0419892053742,prefill
llama_3_1_8b,256x512,256,512,131072,256,1000,131072,15190866041519.703,1135613955986552.2,1135613955.9865525,4435992.015572471,29.08571511108757,2.911139238028247e+17,850712604109805.1,342.200083079114,1682.4883047494477,prefill
llama_3_1_8b,256x512,256,512,131072,512,1000,131072,30381438891359.406,2265404660799728.5,2265404660.799728,4424618.478124469,29.16048030760189,5.816104115377275e+17,1701424915027930.0,341.83724853246315,1689.6105164914147,prefill
llama_3_1_8b,512x32,512,32,16384,32,1000,131072,12941935795231.06,1440168450133895.8,1440168450.1338959,45005264.066684246,2.866864636297329,3.799118546416435e+16,1440168450133895.8,26.379681807799795,113.24511947113773,prefill
llama_3_1_8b,512x32,512,32,16384,64,1000,131072,25883871590462.12,2850078117469967.5,2850078117.469967,44532470.58546823,2.8973016386407924,7.405530208062669e+16,2850078117469967.5,25.983604318314637,113.56136286534802,prefill
llama_3_1_8b,512x32,512,32,16384,128,1000,131072,51767743180924.24,5669897452142111.0,5669897452.142113,44296073.844860256,2.91276379147925,1.4618353531355136e+17,5669897452142111.0,25.782394928205026,113.71948456245319,prefill
llama_3_1_8b,512x32,512,32,16384,256,1000,131072,103533141156088.48,1.1309533776280638e+16,11309533776.280638,44177866.31359624,2.920557527249599,2.9068243026365645e+17,1.1309533776280638e+16,25.702423814613965,114.68132363568859,prefill
llama_3_1_8b,512x32,512,32,16384,512,1000,131072,207063937106416.97,2.2588806424557692e+16,22588806424.557693,44118762.547964245,2.9244700564692856,5.800438836347535e+17,2.2588806424557692e+16,25.678376835535314,115.168169256355,prefill
llama_3_1_8b,512x64,512,64,32768,32,1000,131072,6473226623181.579,720373341939402.1,720373341.9394022,22511666.93560632,5.731428079895982,3.799118546416435e+16,720373341939402.1,52.7381890088878,226.49023894227545,prefill
llama_3_1_8b,512x64,512,64,32768,64,1000,131072,12946453246363.158,1425617292479892.2,1425617292.4798923,22275270.194998316,5.7922529724901395,7.405530208062669e+16,1425617292479892.2,51.94613061392226,227.12272573069603,prefill
llama_3_1_8b,512x64,512,64,32768,128,1000,131072,25892906492726.316,2836105193560872.5,2836105193.5608735,22157071.824694324,5.823152130427324,1.4618353531355136e+17,2836105193560872.5,51.54376348431934,227.43896912490638,prefill
llama_3_1_8b,512x64,512,64,32768,256,1000,131072,51784640382572.63,5657079823119953.0,5657079823.119952,22097968.059062313,5.838726875482455,2.9068243026365645e+17,5657079823119953.0,51.383830412939325,229.36264727137717,prefill
llama_3_1_8b,512x64,512,64,32768,512,1000,131072,103568108162265.27,1.1299029082238114e+16,11299029082.238113,22068416.176246315,5.846545532292299,5.800438836347535e+17,1.1299029082238114e+16,51.33572800043261,230.33633851271,prefill
llama_3_1_8b,512x128,512,128,65536,32,1000,131072,3238863121297.663,360474646612180.9,360474646.61218095,11264832.706630655,11.453698724176746,3.799118546416435e+16,360474646612180.9,105.39211514932819,452.9804778845509,prefill
llama_3_1_8b,512x128,512,128,65536,64,1000,131072,6477726242595.326,713384597524905.8,713384597.5249057,11146634.336326651,11.575153190368274,7.405530208062669e+16,713384597524905.8,103.80838377722512,454.24545146139207,prefill
llama_3_1_8b,512x128,512,128,65536,128,1000,131072,12955452485190.652,1419204499350355.5,1419204499.350356,11087535.151174657,11.636851495016968,1.4618353531355136e+17,1419204499350355.5,103.0038555968976,454.87793824981276,prefill
llama_3_1_8b,512x128,512,128,65536,256,1000,131072,25910318668941.305,2830843716699815.0,2830843716.6998153,11057983.268358653,11.66795037293913,2.9068243026365645e+17,2830843716699815.0,102.6840261611237,458.72529454275434,prefill
llama_3_1_8b,512x128,512,128,65536,512,1000,131072,51820051036442.61,5654122151398734.0,5654122151.398735,11043207.326950654,11.683562227897356,5.800438836347535e+17,5654122151398734.0,102.5877878303815,460.67267702542,prefill
llama_3_1_8b,512x256,512,256,131072,32,1000,131072,1898861341525.963,219769024379643.25,219769024.37964323,6867782.011863851,18.786851384787052,3.799118546416435e+16,215983028194043.25,175.89893882788024,873.5067876389932,prefill
llama_3_1_8b,512x256,512,256,131072,64,1000,131072,3797722683051.926,431973398423030.5,431973398.4230305,6749584.3503598515,19.1158437768277,7.405530208062669e+16,428183708538358.5,172.95217123841718,875.9461046945869,prefill
llama_3_1_8b,512x256,512,256,131072,128,1000,131072,7595445366103.852,856382146509805.0,856382146.5098048,6690485.51960785,19.28469908826026,1.4618353531355136e+17,852585069226989.0,171.45917819800806,877.1657632223838,prefill
llama_3_1_8b,512x256,512,256,131072,256,1000,131072,15190597581487.703,1705199642683354.0,1705199642.6833541,6660936.104231852,19.370250364363645,2.9068243026365645e+17,1701387497453530.0,170.85022118636783,884.3256513090088,prefill
llama_3_1_8b,512x256,512,256,131072,512,1000,131072,30380902012255.406,3402834635030452.0,3402834635.0304513,6646161.39654385,19.4133112787624,5.800438836347535e+17,3398992353906612.0,170.65171769747687,887.9481098216003,prefill
llama_3_1_8b,512x512,512,512,262144,32,1000,131072,1228910581031.4563,149412040303546.4,149412040.30354637,4669126.259485824,27.633435642883736,3.799118546416435e+16,143733229220794.4,264.3173445007943,1587.5910540287073,prefill
llama_3_1_8b,512x512,512,512,262144,64,1000,131072,2457821162062.9126,291259430270836.8,291259430.2708368,4550928.597981825,28.351136965149834,7.405530208062669e+16,285575020275572.8,259.3199573588935,1592.0244917423026,prefill
llama_3_1_8b,512x512,512,512,262144,128,1000,131072,4915642324125.825,574954210205417.6,574954210.2054174,4491829.767229823,28.724151779147004,1.4618353531355136e+17,569258602385129.6,256.7963570529435,1594.2412105991004,prefill
llama_3_1_8b,512x512,512,512,262144,256,1000,131072,9831138052411.65,1142343770074579.2,1142343770.0745792,4462280.351853825,28.914364366729632,2.9068243026365645e+17,1136625620008403.2,255.74157853445834,1606.1000622362214,prefill
llama_3_1_8b,512x512,512,512,262144,512,1000,131072,19662129508983.3,2277122889812902.5,2277122889.8129015,4447505.644165823,29.010418495871253,5.800438836347535e+17,2271359655254950.5,255.3729799209831,1612.093418313603,prefill
llama_3_1_8b,32x32,32,32,1024,32,2000,131072,101160635305601.19,593870997713929.5,296935498.8569647,9279234.339280147,13.904595495969474,3.814001978376192e+16,593870997713929.5,128.4454702471736,237.4244971639066,prefill
llama_3_1_8b,32x32,32,32,1024,64,2000,131072,202561419681026.38,1187982144497683.0,593991072.2488414,9281110.503888147,13.901784699788653,7.451570346550886e+16,1187982144497683.0,125.4491977183992,193.1494528586155,prefill
llama_3_1_8b,32x32,32,32,1024,128,2000,131072,405122839362052.75,2375964288995366.0,1187982144.4976828,9281110.503888147,13.901784699788653,1.4726707082900275e+17,2375964288995366.0,123.96404399770839,193.46913904527793,prefill
llama_3_1_8b,32x32,32,32,1024,256,2000,131072,809645306049545.5,4751328205316172.0,2375664102.658086,9279937.901008148,13.90354131421323,2.9716838799323955e+17,4751328205316172.0,125.0885542534163,219.58593079635344,prefill
llama_3_1_8b,32x32,32,32,1024,512,2000,131072,1618690239424531.0,9502056037957784.0,4751028018.978891,9279351.599568147,13.90441978790896,6.0356891672209e+17,9502056037957784.0,127.03964580108101,235.45950759378522,prefill
llama_3_1_8b,32x64,32,64,2048,32,2000,131072,50649389822520.79,297067815342534.3,148533907.67126715,4641684.6147270985,27.796804546055053,3.814001978376192e+16,297067815342534.3,256.77651912432543,385.02016097058123,prefill
llama_3_1_8b,32x64,32,64,2048,64,2000,131072,101298779645041.58,594135630685068.6,297067815.3425343,4641684.6147270985,27.796804546055053,7.451570346550886e+16,594135630685068.6,250.83734964552946,386.298905717231,prefill
llama_3_1_8b,32x64,32,64,2048,128,2000,131072,202447466121443.16,1188121168201497.2,594060584.1007487,4641098.313287099,27.800316065405134,1.4726707082900275e+17,1188121168201497.2,247.89907758638174,438.8216644996422,prefill
llama_3_1_8b,32x64,32,64,2048,256,2000,131072,404744839074246.3,2376092243234354.5,1188046121.6171772,4640805.162567099,27.802072157804044,2.9716838799323955e+17,2376092243234354.5,250.1320298817454,470.7313338273361,prefill
llama_3_1_8b,32x64,32,64,2048,512,2000,131072,809489678148492.6,4752184486468709.0,2376092243.2343545,4640805.162567099,27.802072157804044,6.0356891672209e+17,4752184486468709.0,254.0174601557166,470.91901518757044,prefill
llama_3_1_8b,32x128,32,128,4096,32,2000,131072,25333694150087.89,296784911704064.0,148392455.85203198,4637264.245375999,27.82330123383738,3.814001978376192e+16,148605901581887.12,513.3042413224136,770.0403219411625,prefill
llama_3_1_8b,32x128,32,128,4096,64,2000,131072,50629865008015.78,578829927882752.0,289414963.9413761,4522108.811584001,28.531821186939897,7.451570346550886e+16,297174279871614.25,501.49497121824453,876.193121227223,prefill
llama_3_1_8b,32x128,32,128,4096,128,2000,131072,101222206723871.56,1158332618153984.0,579166309.076992,4524736.789664,28.515249836130497,1.4726707082900275e+17,594311036451068.5,495.58921775509623,940.7119422137345,prefill
llama_3_1_8b,32x128,32,128,4096,256,2000,131072,202444413447743.12,2317337998696448.0,1158668999.3482242,4526050.778704001,28.50697137714063,2.9716838799323955e+17,1188622072902137.0,500.0216549364154,941.4626676546721,prefill
llama_3_1_8b,32x128,32,128,4096,512,2000,131072,404888826895486.25,4653004296593408.0,2326502148.2967043,4543949.508392001,28.394681710637805,6.0356891672209e+17,2377244145804274.0,507.78875008472414,941.8380303751409,prefill
llama_3_1_8b,32x256,32,256,8192,32,2000,131072,17067742573785.088,296782764220416.0,148391382.11020797,4637230.690943999,27.82350255982944,3.814001978376192e+16,109560748156616.7,696.2351102101073,1694.569649290547,prefill
llama_3_1_8b,32x256,32,256,8192,64,2000,131072,34126104324530.176,578825632915456.0,289412816.4577281,4522075.257152001,28.53203289705072,7.451570346550886e+16,219112115490193.4,680.1605041218626,1818.484391191332,prefill
llama_3_1_8b,32x256,32,256,8192,128,2000,131072,68252208649060.35,1144253715357696.0,572126857.6788478,4469741.075615998,28.866101596772815,1.4726707082900275e+17,438224230980386.8,672.108297158921,1821.494207330706,prefill
llama_3_1_8b,32x256,32,256,8192,256,2000,131072,136504417298120.7,2291683085295616.0,1145841542.6478076,4475943.525967998,28.826100966521103,2.9716838799323955e+17,876448461960773.6,678.1194808156092,1822.9478319532932,prefill
llama_3_1_8b,32x256,32,256,8192,512,2000,131072,272999453773201.4,4626993974648832.0,2313496987.324415,4518548.803367998,28.554300421371828,6.0356891672209e+17,1752887543098507.2,688.6567470896463,1839.6734334852224,prefill
llama_3_1_8b,32x512,32,512,16384,32,2000,131072,12942204296223.06,296781958914048.0,148390979.45702398,4637218.108031999,27.823578057827607,3.814001978376192e+16,90044663652600.48,847.1355933075428,3382.106333191846,prefill
llama_3_1_8b,32x512,32,512,16384,64,2000,131072,25884408592446.12,578824022302720.0,289412011.1513601,4522062.6742400015,28.532112289152284,7.451570346550886e+16,180089327305200.97,827.5415826194476,3393.339123431395,prefill
llama_3_1_8b,32x512,32,512,16384,128,2000,131072,51768817184892.24,1144250494132224.0,572125247.0661118,4469728.492703998,28.86618285889349,1.4726707082900275e+17,360178654610401.94,817.7445772754002,3398.9555185511695,prefill
llama_3_1_8b,32x512,32,512,16384,256,2000,131072,103535288836344.48,2285182652293120.0,1142591326.1465602,4463247.367760001,28.908099723980595,2.9716838799323955e+17,720354963687363.9,825.0609851345773,3429.498801462476,prefill
llama_3_1_8b,32x512,32,512,16384,512,2000,131072,207068232139248.97,4613993108643840.0,2306996554.3219204,4505852.645160001,28.634757982729905,6.0356891672209e+17,1440707581841287.8,837.8784485200006,3444.9586303824335,prefill
llama_3_1_8b,64x32,64,32,2048,32,2000,131072,50649389822520.79,593818264478604.6,296909132.23930234,9278410.382478198,13.905830274941838,3.806052476570829e+16,593818264478604.6,128.18913476542153,192.69025718288265,prefill
llama_3_1_8b,64x32,64,32,2048,64,2000,131072,101298779645041.58,1157377746159385.2,578688873.0796927,9042013.641870199,14.269387894145382,7.42699222171648e+16,1157377746159385.2,128.34171464523203,193.324095366479,prefill
llama_3_1_8b,64x32,64,32,2048,128,2000,131072,202447466121443.16,2314605399150130.5,1157302699.5750654,9041427.340430198,14.27031320851835,1.4668870329040896e+17,2314605399150130.5,126.75050645286636,219.58104421854102,prefill
llama_3_1_8b,64x32,64,32,2048,256,2000,131072,404744839074246.3,4629060705131621.0,2314530352.5658107,9041134.189710198,14.270775910708577,2.9370824626221875e+17,4629060705131621.0,126.89755653306669,235.53980737911496,prefill
llama_3_1_8b,64x32,64,32,2048,512,2000,131072,809489678148492.6,9258121410263242.0,4629060705.131621,9041134.189710198,14.270775910708577,5.910203172734894e+17,9258121410263242.0,127.67607834961078,235.63611782164898,prefill
llama_3_1_8b,64x64,64,64,4096,32,2000,131072,25329212362392.492,296981411457415.9,148490705.72870794,4640334.554022123,27.804891758971408,3.806052476570829e+16,296981411457415.9,256.3158722893051,385.3805143657653,prefill
llama_3_1_8b,64x64,64,64,4096,64,2000,131072,50658424724784.984,578833431515919.8,289416715.7579599,4522136.1837181235,28.53164848607363,7.42699222171648e+16,578833431515919.8,256.61932491583167,386.648190732958,prefill
llama_3_1_8b,64x64,64,64,4096,128,2000,131072,101241802865249.97,1157591816447519.5,578795908.2237598,4521843.032998123,28.533498190549324,1.4668870329040896e+17,1157591816447519.5,253.43769920657388,439.16208843708205,prefill
llama_3_1_8b,64x64,64,64,4096,256,2000,131072,202408559146179.94,2315108586310719.0,1157554293.1553595,4521696.457638123,28.534423132727223,2.9370824626221875e+17,2315108586310719.0,253.73172385858805,471.0796147582299,prefill
llama_3_1_8b,64x64,64,64,4096,512,2000,131072,404817118292359.9,4630217172621438.0,2315108586.310719,4521696.457638123,28.534423132727223,5.910203172734894e+17,4630217172621438.0,255.28837859623678,471.27223564329796,prefill
llama_3_1_8b,64x128,64,128,8192,32,2000,131072,12669105800609.992,296661341741056.0,148330670.87052798,4635333.464703999,27.834890624905483,3.806052476570829e+16,148562699639327.88,512.3833217639351,770.7610287315306,prefill
llama_3_1_8b,64x128,64,128,8192,64,2000,131072,25319449955139.984,578194082406400.0,289097041.20320004,4517141.268800001,28.56319789933774,7.42699222171648e+16,289541941933119.75,513.0166753825264,876.9853604067761,prefill
llama_3_1_8b,64x128,64,128,8192,128,2000,131072,50620138264199.97,1141985698422784.0,570992849.2113919,4460881.634463999,28.92343051722846,1.4668870329040896e+17,579065122220159.5,506.6397462447693,941.4417167195813,prefill
llama_3_1_8b,64x128,64,128,8192,256,2000,131072,101240276528399.94,2284305131020288.0,1142152565.510144,4461533.459024,28.91920483954527,2.9370824626221875e+17,1158130244440319.0,507.21108039822747,942.1592295164598,prefill
llama_3_1_8b,64x128,64,128,8192,512,2000,131072,202480553056799.88,4577940878958592.0,2288970439.4792953,4470645.389607999,28.86026261441265,5.910203172734894e+17,2316260488880638.0,510.32284158946857,942.5444712865959,prefill
llama_3_1_8b,64x256,64,256,16384,32,2000,131072,8536130012458.593,296660267999232.0,148330133.99961597,4635316.687487999,27.83499137141405,3.806052476570829e+16,109560833659561.48,694.7834092605357,1696.1556543583295,prefill
llama_3_1_8b,64x256,64,256,16384,64,2000,131072,17067569613397.186,578191934922752.0,289095967.4613761,4517124.491584001,28.563303986947613,7.42699222171648e+16,215334629057874.97,689.8093682572853,1820.1286343920663,prefill
llama_3_1_8b,64x256,64,256,16384,128,2000,131072,34135139226794.37,1141981403455488.0,570990701.727744,4460864.857248,28.923539297623464,1.4668870329040896e+17,430669258115749.94,681.2127892861291,1822.9072647985738,prefill
llama_3_1_8b,64x256,64,256,16384,256,2000,131072,68270278453588.74,2271646788657152.0,1135823394.3285763,4436810.134096001,29.08035189707044,2.9370824626221875e+17,861338516231499.9,681.9809882582321,1824.2965800018274,prefill
llama_3_1_8b,64x256,64,256,16384,512,2000,131072,136535866495657.48,4564935717986304.0,2282467858.9931526,4457945.037096001,28.942483347450363,5.910203172734894e+17,1722672342051479.8,686.1668384013883,1841.053310422888,prefill
llama_3_1_8b,64x512,64,512,32768,32,2000,131072,6473360873677.579,296659865346048.0,148329932.67302397,4635310.396031999,27.83502915154278,3.806052476570829e+16,90062738722009.27,845.2002527524108,3385.2717609371543,prefill
llama_3_1_8b,64x512,64,512,32768,64,2000,131072,12946721747355.158,578191129616384.0,289095564.808192,4517118.200128,28.563343770004487,7.42699222171648e+16,178234039278002.53,833.3977338786724,3396.4073239661443,prefill
llama_3_1_8b,64x512,64,512,32768,128,2000,131072,25893443494710.316,1141979792842752.0,570989896.421376,4460858.565792,28.92358009048254,1.4668870329040896e+17,356468078556005.06,823.0117203460198,3401.592320501518,prefill
llama_3_1_8b,64x512,64,512,32768,256,2000,131072,51785714222700.63,2271643567431680.0,1135821783.7158403,4436803.842640001,29.080393133456113,2.9370824626221875e+17,712934984345290.1,823.9411803642655,3432.036191581297,prefill
llama_3_1_8b,64x512,64,512,32768,512,2000,131072,103570255678681.27,4558435284983808.0,2279217642.4919033,4451596.957991999,28.98375599083872,5.910203172734894e+17,1425868795923860.2,828.9967758086055,3447.5425775541175,prefill
llama_3_1_8b,128x32,128,32,4096,32,2000,131072,25333694150087.89,593947557017852.5,296973778.5089262,9280430.578403944,13.902803206162192,3.802079906444083e+16,593947557017852.5,128.0274617353061,193.32546982792798,prefill
llama_3_1_8b,128x32,128,32,4096,64,2000,131072,50629865008015.78,1157598807945721.0,578799403.9728606,9043740.687075946,14.266662929022624,7.414706138932838e+16,1157598807945721.0,128.1049373589284,219.85541012968426,prefill
llama_3_1_8b,128x32,128,32,4096,128,2000,131072,101222206723871.56,2284901309801458.0,1142450654.9007287,8925395.741411943,14.455829605555303,1.463995860391035e+17,2284901309801458.0,128.14521608534997,235.98009530637205,prefill
llama_3_1_8b,128x32,128,32,4096,256,2000,131072,202444413447743.12,4569802619602916.0,2284901309.8014574,8925395.741411943,14.455829605555303,2.919783222728458e+17,4569802619602916.0,127.78596651871004,236.16937263666907,prefill
llama_3_1_8b,128x32,128,32,4096,512,2000,131072,404888826895486.25,9139605239205832.0,4569802619.602915,8925395.741411943,14.455829605555303,5.847463043971154e+17,9139605239205832.0,127.95876607202914,236.2640113018176,prefill
llama_3_1_8b,128x64,128,64,8192,32,2000,131072,12669105800609.992,297046057727039.75,148523028.8635199,4641344.651984997,27.79884056764011,3.802079906444083e+16,297046057727039.75,255.99261848732385,386.65093965585595,prefill
llama_3_1_8b,128x64,128,64,8192,64,2000,131072,25319449955139.984,578943962409087.5,289471981.2045438,4522999.706320997,28.526201277370404,7.414706138932838e+16,578943962409087.5,256.1459008253215,439.7108202593685,prefill
llama_3_1_8b,128x64,128,64,8192,128,2000,131072,50620138264199.97,1142739771773183.0,571369885.8865916,4463827.2334889965,28.904344467461133,1.463995860391035e+17,1142739771773183.0,256.2255898592486,471.9601906127441,prefill
llama_3_1_8b,128x64,128,64,8192,256,2000,131072,101240276528399.94,2285479543546366.0,1142739771.773183,4463827.2334889965,28.904344467461133,2.919783222728458e+17,2285479543546366.0,255.5072725085823,472.33874527333813,prefill
llama_3_1_8b,128x64,128,64,8192,512,2000,131072,202480553056799.88,4570959087092732.0,2285479543.546366,4463827.2334889965,28.904344467461133,5.847463043971154e+17,4570959087092732.0,255.85278417752443,472.5280226036352,prefill
llama_3_1_8b,128x128,128,128,16384,32,2000,131072,6336802710011.87,296599556759552.0,148299778.37977597,4634368.074367999,27.840688941737834,3.802079906444083e+16,148595022774139.84,511.73718142943926,773.3018793117119,prefill
llama_3_1_8b,128x128,128,128,16384,64,2000,131072,12664224596983.74,578070112673792.0,289035056.33689606,4516172.755264001,28.569323405445694,7.414706138932838e+16,289615969025783.7,512.037106508635,879.421640518737,prefill
llama_3_1_8b,128x128,128,128,16384,128,2000,131072,25319068370927.48,1141011224502272.0,570505612.2511358,4457075.095711999,28.948132402823912,1.463995860391035e+17,571657861529071.4,512.1930297521445,943.9203812254882,prefill
llama_3_1_8b,128x128,128,128,16384,256,2000,131072,50638136741854.96,2267788697182208.0,1133894348.5911045,4429274.799184002,29.129825050315205,2.919783222728458e+17,1143315723058142.8,510.7571187630688,944.6774905466763,prefill
llama_3_1_8b,128x128,128,128,16384,512,2000,131072,101276273483709.92,4540409170141184.0,2270204585.070592,4433993.330216,29.098825909536192,5.847463043971154e+17,2286631446116285.5,511.4477939943265,945.0560452072704,prefill
llama_3_1_8b,128x256,128,256,32768,32,2000,131072,4270314815936.17,296599019888640.0,148299509.94432,4634359.68576,27.840739335889733,3.802079906444083e+16,109614800517125.44,693.7165215841585,1701.7471125636655,prefill
llama_3_1_8b,128x256,128,256,32768,64,2000,131072,8538284426112.34,578069038931968.0,289034519.46598405,4516164.366656001,28.569376471905514,7.414706138932838e+16,215444907978762.88,688.315747027424,1825.1849824149374,prefill
llama_3_1_8b,128x256,128,256,32768,128,2000,131072,17076568852224.68,1141009077018624.0,570504538.5093119,4457066.707103999,28.94818688586197,1.463995860391035e+17,427107468107797.75,685.539808927685,1827.7066862121055,prefill
llama_3_1_8b,128x256,128,256,32768,256,2000,131072,34153137704449.36,2267784402214912.0,1133892201.1074564,4429266.410576002,29.129880219424678,2.919783222728458e+17,854214936215595.5,683.6179277463567,1829.1726718990897,prefill
llama_3_1_8b,128x256,128,256,32768,512,2000,131072,68303930203138.72,4533906589655040.0,2266953294.8275194,4427643.153959999,29.14055977718155,5.847463043971154e+17,1708427527225431.0,684.5432950226126,1845.959117652034,prefill
llama_3_1_8b,128x512,128,512,65536,32,2000,131072,3238930246545.663,296598818562048.0,148299409.28102398,4634356.540031999,27.84075823374373,3.802079906444083e+16,90125700362805.22,843.7282353731805,3396.4314711420207,prefill
llama_3_1_8b,128x512,128,512,65536,64,2000,131072,6477860493091.326,578068636278784.0,289034318.139392,4516161.220928,28.56939637187877,7.414706138932838e+16,178359962559594.44,831.4316769892126,3405.842600755325,prefill
llama_3_1_8b,128x512,128,512,65536,128,2000,131072,12955720986182.652,1141008271712256.0,570504135.8561279,4457063.561375999,28.948207317054123,1.463995860391035e+17,354828486953172.9,825.1850762953202,3410.548165561977,prefill
llama_3_1_8b,128x512,128,512,65536,256,2000,131072,25910855589005.305,2267782791602176.0,1133891395.8010883,4429263.264848001,29.1299009078946,2.919783222728458e+17,709656387522985.8,822.8723855836179,3441.2095486156354,prefill
llama_3_1_8b,128x512,128,512,65536,512,2000,131072,51821124794650.61,4533903368429568.0,2266951684.214783,4427640.008231998,29.14058048082382,5.847463043971154e+17,1419312188662611.5,823.9854615045754,3456.729155261565,prefill
llama_3_1_8b,256x32,256,32,8192,32,2000,131072,17067742573785.088,875981227767365.6,437990613.8836828,13687206.683865087,9.42661296640589,3.800100028966502e+16,875981227767365.6,86.76213390215925,215.89346750475332,prefill
llama_3_1_8b,256x32,256,32,8192,64,2000,131072,34126104324530.176,1721694291913867.2,860847145.9569336,13450736.655577088,9.59233708188783,7.408576640109773e+16,1721694291913867.2,86.06146485941197,231.4209624832558,prefill
llama_3_1_8b,256x32,256,32,8192,128,2000,131072,68252208649060.35,3413129801029910.5,1706564900.514955,13332538.285273086,9.677377048488802,1.46255312453632e+17,3413129801029910.5,85.70158240656393,231.77717421946235,prefill
llama_3_1_8b,256x32,256,32,8192,256,2000,131072,136504417298120.7,6796000819261997.0,3398000409.630999,13273439.10012109,9.720464984754626,2.911139238028247e+17,6796000819261997.0,85.6721273422206,231.95528008756565,prefill
llama_3_1_8b,256x32,256,32,8192,512,2000,131072,272999453773201.4,1.3591992257700954e+16,6795996128.850478,13273429.93916109,9.720471693554938,5.816104115377275e+17,1.3591992257700954e+16,85.58133355442409,234.0541520360886,prefill
llama_3_1_8b,256x64,256,64,16384,32,2000,131072,8536130012458.593,438135172319909.94,219067586.15995494,6845862.067498592,18.847005494392622,3.800100028966502e+16,438135172319909.94,173.46701516087418,431.78693500950664,prefill
llama_3_1_8b,256x64,256,64,16384,64,2000,131072,17067569613397.186,861136262829387.9,430568131.41469395,6727627.053354593,19.17823312391623,7.408576640109773e+16,861136262829387.9,172.0651413695626,462.8419249665116,prefill
llama_3_1_8b,256x64,256,64,16384,128,2000,131072,34135139226794.37,1707143134259863.8,853571567.1299317,6668527.868202591,19.34819836552271,1.46255312453632e+17,1707143134259863.8,171.34510811484049,463.5543484389247,prefill
llama_3_1_8b,256x64,256,64,16384,256,2000,131072,68270278453588.74,3399156877120815.5,1699578438.560408,6638978.275626594,19.4343157400711,2.911139238028247e+17,3399156877120815.5,171.2859596226736,463.9105601751313,prefill
llama_3_1_8b,256x64,256,64,16384,512,2000,131072,136535866495657.48,6798309063830111.0,3399154531.915056,6638973.695146594,19.43432914854335,5.816104115377275e+17,6798309063830111.0,171.10443378696672,468.1083040721772,prefill
llama_3_1_8b,256x128,256,128,32768,32,2000,131072,4270314815936.17,296855671857019.9,148427835.92850992,4638369.872765935,27.816669118511005,3.800100028966502e+16,219211573981194.88,346.70614876315744,863.5738700190133,prefill
llama_3_1_8b,256x128,256,128,32768,64,2000,131072,8538284426112.34,578582142983927.8,289291071.49196386,4520172.992061935,28.544040289295218,7.408576640109773e+16,430856107057173.75,343.9002729106806,925.6838499330232,prefill
llama_3_1_8b,256x128,256,128,32768,128,2000,131072,17076568852224.68,1142035085237743.5,571017542.6188716,4461074.551709934,28.922179735943885,1.46255312453632e+17,854147518414891.5,342.45914037202715,927.1086968778494,prefill
llama_3_1_8b,256x128,256,128,32768,256,2000,131072,34153137704449.36,2268940969745375.0,1134470484.8726878,4431525.331533937,29.115031585600658,2.911139238028247e+17,1700730341130327.0,342.33989570544935,927.8211203502626,prefill
llama_3_1_8b,256x128,256,128,32768,512,2000,131072,68303930203138.72,4526235437143998.0,2263117718.5719986,4420151.794085935,29.18994776890496,5.816104115377275e+17,3401458337054894.0,341.9770897686825,936.2166081443544,prefill
llama_3_1_8b,256x256,256,256,65536,32,2000,131072,2689519034756.4697,296568664268800.0,148284332.13439998,4633885.379199999,27.84358900613871,3.800100028966502e+16,145068019671326.06,523.9059632269351,1677.1984198430432,prefill
llama_3_1_8b,256x256,256,256,65536,64,2000,131072,5377865466632.939,578008127807488.0,289004063.90374404,4515688.498496001,28.57238714383706,7.408576640109773e+16,286352518890044.1,517.4444889695261,1794.2158906133122,prefill
llama_3_1_8b,256x256,256,256,65536,128,2000,131072,10755730933265.879,1140887054884864.0,570443527.4424319,4456590.058143999,28.951283002622326,1.46255312453632e+17,568922689930360.2,514.1482842652473,1796.9776143165875,prefill
llama_3_1_8b,256x256,256,256,65536,256,2000,131072,21511461866531.758,2266644909039616.0,1133322454.5198085,4427040.837968002,29.14452446280609,2.911139238028247e+17,1134063032010992.5,513.3999003328819,1798.358476168225,prefill
llama_3_1_8b,256x256,256,256,65536,512,2000,131072,43021751130183.516,4521643315732480.0,2260821657.8662395,4415667.300519999,29.21959269549267,5.816104115377275e+17,2268124891419105.0,512.8557194871481,1814.139812353167,prefill
llama_3_1_8b,256x512,256,512,131072,32,2000,131072,1898894904149.963,296568462942208.0,148284231.47110397,4633882.233471999,27.843607907861532,3.800100028966502e+16,107994120557949.64,703.7605398022328,3323.655173619977,prefill
llama_3_1_8b,256x512,256,512,131072,64,2000,131072,3797789808299.926,578007725154304.0,289003862.577152,4515685.352768,28.5724070480047,7.408576640109773e+16,214096802949883.28,692.0772788787515,3330.9568459824472,prefill
llama_3_1_8b,256x512,256,512,131072,128,2000,131072,7595579616599.852,1140886249578496.0,570443124.7892479,4456586.912415999,28.951303438185093,1.46255312453632e+17,426302167733750.56,686.1579580096181,3336.0839784107484,prefill
llama_3_1_8b,256x512,256,512,131072,256,2000,131072,15190866041519.703,2266643298426880.0,1133321649.2134404,4427037.692240002,29.144545172082363,2.911139238028247e+17,850712604109805.1,684.400166158228,3364.9766094988954,prefill
llama_3_1_8b,256x512,256,512,131072,512,2000,131072,30381438891359.406,4521640094507008.0,2260820047.253504,4415664.154792,29.219613511589102,5.816104115377275e+17,1701424915027930.0,683.6744970649263,3379.2210329828295,prefill
llama_3_1_8b,512x32,512,32,16384,32,2000,131072,12941935795231.06,1440168450133895.8,720084225.0669479,22502632.033342123,5.733729272594658,3.799118546416435e+16,1440168450133895.8,52.75936361559959,226.49023894227545,prefill
llama_3_1_8b,512x32,512,32,16384,64,2000,131072,25883871590462.12,2850078117469967.5,1425039058.7349834,22266235.292734116,5.794603277281585,7.405530208062669e+16,2850078117469967.5,51.96720863662927,227.12272573069603,prefill
llama_3_1_8b,512x32,512,32,16384,128,2000,131072,51767743180924.24,5669897452142111.0,2834948726.0710564,22148036.922430128,5.8255275829585,1.4618353531355136e+17,5669897452142111.0,51.56478985641005,227.43896912490638,prefill
llama_3_1_8b,512x32,512,32,16384,256,2000,131072,103533141156088.48,1.1309533776280638e+16,5654766888.140319,22088933.15679812,5.841115054499198,2.9068243026365645e+17,1.1309533776280638e+16,51.40484762922793,229.36264727137717,prefill
llama_3_1_8b,512x32,512,32,16384,512,2000,131072,207063937106416.97,2.2588806424557692e+16,11294403212.278847,22059381.273982123,5.848940112938571,5.800438836347535e+17,2.2588806424557692e+16,51.35675367107063,230.33633851271,prefill
llama_3_1_8b,512x64,512,64,32768,32,2000,131072,6473226623181.579,720373341939402.1,360186670.9697011,11255833.46780316,11.462856159791963,3.799118546416435e+16,720373341939402.1,105.4763780177756,452.9804778845509,prefill
llama_3_1_8b,512x64,512,64,32768,64,2000,131072,12946453246363.158,1425617292479892.2,712808646.2399461,11137635.097499158,11.584505944980279,7.405530208062669e+16,1425617292479892.2,103.89226122784451,454.24545146139207,prefill
llama_3_1_8b,512x64,512,64,32768,128,2000,131072,25892906492726.316,2836105193560872.5,1418052596.7804368,11078535.912347162,11.646304260854649,1.4618353531355136e+17,2836105193560872.5,103.08752696863868,454.87793824981276,prefill
llama_3_1_8b,512x64,512,64,32768,256,2000,131072,51784640382572.63,5657079823119953.0,2828539911.559976,11048984.029531157,11.67745375096491,2.9068243026365645e+17,5657079823119953.0,102.76766082587865,458.72529454275434,prefill
llama_3_1_8b,512x64,512,64,32768,512,2000,131072,103568108162265.27,1.1299029082238114e+16,5649514541.119057,11034208.088123158,11.693091064584598,5.800438836347535e+17,1.1299029082238114e+16,102.67145600086522,460.67267702542,prefill
llama_3_1_8b,512x128,512,128,65536,32,2000,131072,3238863121297.663,437831217454839.7,218915608.72741985,6841112.77273187,18.86008962084054,3.799118546416435e+16,360474646612180.9,210.78423029865638,905.9609557691018,prefill
llama_3_1_8b,512x128,512,128,65536,64,2000,131072,6477726242595.326,860533134237167.4,430266567.1185838,6722915.111227872,19.19167472225231,7.405530208062669e+16,713384597524905.8,207.61676755445023,908.4909029227841,prefill
llama_3_1_8b,512x128,512,128,65536,128,2000,131072,12955452485190.652,1705936967801822.8,852968483.9009113,6663816.28047587,19.361878324590645,1.4618353531355136e+17,1419204499350355.5,206.0077111937952,909.7558764996255,prefill
llama_3_1_8b,512x128,512,128,65536,256,2000,131072,25910318668941.305,3396744634931133.5,1698372317.4655674,6634266.865099872,19.448117271064536,2.9068243026365645e+17,2830843716699815.0,205.3680523222474,917.4505890855087,prefill
llama_3_1_8b,512x128,512,128,65536,512,2000,131072,51820051036442.61,6778359969189755.0,3389179984.5948777,6619492.157411871,19.49152547231759,5.800438836347535e+17,5654122151398734.0,205.175575660763,921.34535405084,prefill
llama_3_1_8b,512x256,512,256,131072,32,2000,131072,1898861341525.963,297125757845790.06,148562878.922895,4642589.966340469,27.791383890338142,3.799118546416435e+16,215983028194043.25,351.7978776557605,1747.0135752779863,prefill
llama_3_1_8b,512x256,512,256,131072,64,2000,131072,3797722683051.926,579122215019068.1,289561107.50953406,4524392.30483647,28.517420972110745,7.405530208062669e+16,428183708538358.5,345.90434247683436,1751.8922093891738,prefill
llama_3_1_8b,512x256,512,256,131072,128,2000,131072,7595445366103.852,1143115129365624.2,571557564.682812,4465293.474084469,28.89485332796724,1.4618353531355136e+17,852585069226989.0,342.9183563960161,1754.3315264447676,prefill
llama_3_1_8b,512x256,512,256,131072,256,2000,131072,15190597581487.703,2271100958058736.5,1135550479.0293686,4435744.058708471,29.087340994504345,2.9068243026365645e+17,1701387497453530.0,341.70044237273567,1768.6513026180176,prefill
llama_3_1_8b,512x256,512,256,131072,512,2000,131072,30380902012255.406,4527072615444961.0,2263536307.72248,4420969.351020468,29.184549757219663,5.800438836347535e+17,3398992353906612.0,341.30343539495374,1775.8962196432005,prefill
llama_3_1_8b,512x512,512,512,262144,32,2000,131072,1228910581031.4563,296553352241152.0,148276676.12057596,4633646.128767999,27.845026662470904,3.799118546416435e+16,143733229220794.4,528.6346890015886,3175.1821080574146,prefill
llama_3_1_8b,512x512,512,512,262144,64,2000,131072,2457821162062.9126,577977403809792.0,288988701.904896,4515448.467264,28.573905988606754,7.405530208062669e+16,285575020275572.8,518.639914717787,3184.0489834846053,prefill
llama_3_1_8b,512x512,512,512,262144,128,2000,131072,4915642324125.825,1140825506947072.0,570412753.4735359,4456349.636511999,28.952844934534255,1.4618353531355136e+17,569258602385129.6,513.592714105887,3188.482421198201,prefill
llama_3_1_8b,512x512,512,512,262144,256,2000,131072,9831138052411.65,2266521713221632.0,1133260856.6108165,4426800.221136002,29.146108600963693,2.9068243026365645e+17,1136625620008403.2,511.4831570689167,3212.200124472443,prefill
llama_3_1_8b,512x512,512,512,262144,512,2000,131072,19662129508983.3,4517914125770752.0,2258957062.885376,4412025.513448,29.243711217609818,5.800438836347535e+17,2271359655254950.5,510.7459598419662,3224.186836627206,prefill
