gemm_class,model,array_dim,batch_size,max_seq_len,frequency,asram_size,wsram_size,osram_size,isram_active_elements,wsram_active_elements,active_fraction,input_data_moved,weight_data_moved,output_read_data_moved,output_write_data_moved,output_data_moved,total_data_moved,array_cycle_count,sram_cycle_count,window_cycle_count,sram_stall_cycle_count,dram_cycle_count,dram_stall_cycle_count,input_dram_bandwidth,weight_dram_bandwidth,output_dram_bandwidth,total_required_bandwidth
attention,deepseek_v4,128x512,512,1048576,1000,10485760,10485760,10485760,327680,327680,0.5,4292493394837504.0,9.09285371370537e+16,20702614781952.0,4313196009619456.0,4333898624401408.0,9.95549291562926e+16,192964999455698.06,189135932424192.0,192964999455698.06,0.0,372070720765952.0,253236790550084.75,22.244932536705953,471.2177721013574,22.459506317861585,515.922210955925
attention,deepseek_v4,128x512,512,1048576,1000,12582912,12582912,12582912,393216,393216,0.5,4292493394837504.0,9.09285371370537e+16,20692481343488.0,4313185876180992.0,4333878357524480.0,9.955490888941568e+16,192965116474322.06,189135932424192.0,192965116474322.06,0.0,372070681182208.0,253236723179076.75,22.24491904685118,471.2174863437226,22.459387669175896,515.9217930597497
attention,deepseek_v4,128x512,512,1048576,1000,14680064,14680064,14680064,458752,458752,0.5,4292493394837504.0,9.09285371370537e+16,20682347905024.0,4313175742742528.0,4333858090647552.0,9.955488862253875e+16,192965057965010.06,189135932424192.0,192965057965010.06,0.0,372070641598464.0,253236697488964.75,22.244925791776524,471.2176292224967,22.459289450390553,515.9218444646638
attention,deepseek_v4,128x512,512,1048576,1000,16777216,16777216,16777216,524288,524288,0.5,4292493394837504.0,9.09285371370537e+16,20672214466560.0,4313165609304064.0,4333837823770624.0,9.955486835566182e+16,192965055759314.06,189135932424192.0,192965055759314.06,0.0,372070602014720.0,253236699586116.75,22.244926046048175,471.2176346087716,22.459184678371166,515.9217453331909
attention,deepseek_v4,128x512,512,1048576,1000,18874368,18874368,18874368,589824,589824,0.5,4292493394837504.0,9.09285371370537e+16,20662081028096.0,4313155475865600.0,4333817556893696.0,9.95548480887849e+16,192964947215314.06,189135932424192.0,192964947215314.06,0.0,372070562430976.0,253236604427844.75,22.244938558959397,471.2178996716635,22.459092283003802,515.9219305136266
attention,deepseek_v4,128x512,512,1048576,1000,20971520,20971520,20971520,655360,655360,0.5,4292493394837504.0,9.09285371370537e+16,20651947589632.0,4313145342427136.0,4333797290016768.0,9.955482782190797e+16,192965003138002.06,189135932424192.0,192965003138002.06,0.0,372070522847232.0,253236592631364.75,22.244932112211337,471.2177631092239,22.458980745422437,515.9216759668576
attention,deepseek_v4,128x512,512,1048576,1000,23068672,23068672,23068672,720896,720896,0.5,4292493394837504.0,9.09285371370537e+16,20641814151168.0,4313135208988672.0,4333777023139840.0,9.955480755503104e+16,192965296837586.06,189135932424192.0,192965296837586.06,0.0,372070483263488.0,253236455792196.75,22.24489825468662,471.2170459001543,22.458841533498475,515.9207856883394
attention,deepseek_v4,128x512,512,1048576,1000,25165824,25165824,25165824,786432,786432,0.5,4292493394837504.0,9.09285371370537e+16,20631680712704.0,4313125075550208.0,4333756756262912.0,9.955478728815411e+16,192965292907474.06,189135932424192.0,192965292907474.06,0.0,372070443679744.0,253236485676612.75,22.244898707747065,471.21705549740227,22.45873696230403,515.9206911674534
attention,deepseek_v4,128x512,512,1048576,1000,27262976,27262976,27262976,851968,851968,0.5,4292493394837504.0,9.09285371370537e+16,20621547274240.0,4313114942111744.0,4333736489385984.0,9.955476702127718e+16,192965265236946.06,189135932424192.0,192965265236946.06,0.0,372070404096000.0,253236418305604.75,22.24490189758588,471.2171230682406,22.45863515417917,515.9206601200057
attention,deepseek_v4,128x512,512,1048576,1000,29360128,29360128,29360128,917504,917504,0.5,4292493394837504.0,9.09285371370537e+16,20611413835776.0,4313104808673280.0,4333716222509056.0,9.955474675440026e+16,192965470196690.06,189135932424192.0,192965470196690.06,0.0,372070364512256.0,253236323147332.75,22.24487826999389,471.21662256138404,22.458506271053007,515.9200071024309
attention,deepseek_v4,128x512,512,1048576,1000,31457280,31457280,31457280,983040,983040,0.5,4292493394837504.0,9.09285371370537e+16,20601280397312.0,4313094675234816.0,4333695955632128.0,9.955472648752333e+16,192965294478290.06,189135932424192.0,192965294478290.06,0.0,372070324928512.0,253236325244484.75,22.24489852666454,471.2170516615037,22.458421693646567,515.9203718818148
attention,deepseek_v4,128x512,512,1048576,1000,33554432,33554432,33554432,1048576,1048576,0.5,4292493394837504.0,9.09285371370537e+16,20591146958848.0,4313084541796352.0,4333675688755200.0,9.95547062206464e+16,192965289204690.06,189135932424192.0,192965289204690.06,0.0,372070285344768.0,253236382916164.75,22.244899134601326,471.2170645395206,22.458317278804508,515.9202809529264
attention,deepseek_v4,128x512,512,1048576,1000,35651584,35651584,35651584,1114112,1114112,0.5,4292493394837504.0,9.09285371370537e+16,20581013520384.0,4313074408357888.0,4333655421878272.0,9.955468595376947e+16,192965151196114.06,189135932424192.0,192965151196114.06,0.0,372070245761024.0,253236218289732.75,22.244915044141642,471.21740155372066,22.458228312291986,515.9205449101543
attention,deepseek_v4,128x512,512,1048576,1000,37748736,37748736,37748736,1179648,1179648,0.5,4292493394837504.0,9.09285371370537e+16,20570880081920.0,4313064274919424.0,4333635155001344.0,9.955466568689254e+16,192964947215314.06,189135932424192.0,192964947215314.06,0.0,372070206177280.0,253236248174148.75,22.244938558959397,471.2178996716635,22.458147023800077,515.9209852544229
attention,deepseek_v4,128x512,512,1048576,1000,39845888,39845888,39845888,1245184,1245184,0.5,4292493394837504.0,9.09285371370537e+16,20560746643456.0,4313054141480960.0,4333614888124416.0,9.955464542001562e+16,192965322619858.06,189135932424192.0,192965322619858.06,0.0,372070166593536.0,253236208590404.75,22.244895282525565,471.2169829404169,22.457998303983576,515.919876526926
attention,deepseek_v4,128x512,512,1048576,1000,41943040,41943040,41943040,1310720,1310720,0.5,4292493394837504.0,9.09285371370537e+16,20550613204992.0,4313044008042496.0,4333594621247488.0,9.955462515313869e+16,192965299360722.06,189135932424192.0,192965299360722.06,0.0,372070127009792.0,253236057857604.75,22.24489796382135,471.2170397387113,22.457895982357062,515.9198336848897
attention,deepseek_v4,128x512,512,1048576,1000,44040192,44040192,44040192,1376256,1376256,0.5,4292493394837504.0,9.09285371370537e+16,20540479766528.0,4313033874604032.0,4333574354370560.0,9.955460488626176e+16,192965471085522.06,189135932424192.0,192965471085522.06,0.0,372070087426048.0,253236046061124.75,22.24487816753017,471.2166203908796,22.457770967998336,515.9192695264081
attention,deepseek_v4,128x512,512,1048576,1000,46137344,46137344,46137344,1441792,1441792,0.5,4292493394837504.0,9.09285371370537e+16,20530346328064.0,4313023741165568.0,4333554087493632.0,9.955458461938483e+16,192965940503506.06,189135932424192.0,192965940503506.06,0.0,372070047842304.0,253235867541060.75,22.244824053597753,471.2154740872604,22.457611307913144,515.9179094487714
attention,deepseek_v4,128x512,512,1048576,1000,48234496,48234496,48234496,1507328,1507328,0.5,4292493394837504.0,9.09285371370537e+16,20520212889600.0,4313013607727104.0,4333533820616704.0,9.95545643525079e+16,192966115169234.06,189135932424192.0,192966115169234.06,0.0,372070008258560.0,253235800170052.75,22.24480391841296,471.21504756059403,22.457485951956553,515.9173374309636
attention,deepseek_v4,128x512,512,1048576,1000,50331648,50331648,50331648,1572864,1572864,0.5,4292493394837504.0,9.09285371370537e+16,20510079451136.0,4313003474288640.0,4333513553739776.0,9.955454408563098e+16,192965995082706.06,189135932424192.0,192965995082706.06,0.0,372069968674816.0,253235843948100.75,22.244817761791257,471.2153408069713,22.45739489946098,515.9175534682236
attention,deepseek_v4,128x512,512,1048576,1000,52428800,52428800,52428800,1638400,1638400,0.5,4292493394837504.0,9.09285371370537e+16,20499946012672.0,4312993340850176.0,4333493286862848.0,9.955452381875405e+16,192965580243922.06,189135932424192.0,192965580243922.06,0.0,372069929091072.0,253235998875204.75,22.244865583859514,471.2163538290799,22.457338150073227,515.9185575630127
attention,deepseek_v4,128x512,512,1048576,1000,54525952,54525952,54525952,1703936,1703936,0.5,4292493394837504.0,9.09285371370537e+16,20489812574208.0,4312983207411712.0,4333473019985920.0,9.955450355187712e+16,192965640831954.06,189135932424192.0,192965640831954.06,0.0,372069889507328.0,253235903716932.75,22.244858599338222,471.21620587490844,22.457226070416162,515.9182905446628
attention,deepseek_v4,128x512,512,1048576,1000,56623104,56623104,56623104,1769472,1769472,0.5,4292493394837504.0,9.09285371370537e+16,20479679135744.0,4312973073973248.0,4333452753108992.0,9.95544832850002e+16,192965467309010.06,189135932424192.0,192965467309010.06,0.0,372069849923584.0,253235891920452.75,22.24487860288293,471.21662961302303,22.45714123641361,515.9186494523195
attention,deepseek_v4,128x512,512,1048576,1000,58720256,58720256,58720256,1835008,1835008,0.5,4292493394837504.0,9.09285371370537e+16,20469545697280.0,4312962940534784.0,4333432486232064.0,9.955446301812326e+16,192965886241746.06,189135932424192.0,192965886241746.06,0.0,372069810339840.0,253235574464068.75,22.244830308813775,471.215606592448,22.456987453228784,515.9174243544905
attention,deepseek_v4,128x512,512,1048576,1000,60817408,60817408,60817408,1900544,1900544,0.5,4292493394837504.0,9.09285371370537e+16,20459412258816.0,4312952807096320.0,4333412219355136.0,9.955444275124634e+16,192965269865426.06,189135932424192.0,192965269865426.06,0.0,372069770756096.0,253235715497540.75,22.244901364017927,471.21711176558995,22.456954157487804,515.9189672870957
attention,deepseek_v4,128x512,512,1048576,1000,62914560,62914560,62914560,1966080,1966080,0.5,4292493394837504.0,9.09285371370537e+16,20449278820352.0,4312942673657856.0,4333391952478208.0,9.95544224843694e+16,192966173451218.06,189135932424192.0,192966173451218.06,0.0,372069731172352.0,253235523083844.75,22.244797199767493,471.2149052385105,22.456743972143347,515.9164464104214
attention,deepseek_v4,128x512,512,1048576,1000,65011712,65011712,65011712,2031616,2031616,0.5,4292493394837504.0,9.09285371370537e+16,20439145381888.0,4312932540219392.0,4333371685601280.0,9.955440221749248e+16,192966062859218.06,189135932424192.0,192966062859218.06,0.0,372069691588608.0,253235386244676.75,22.24480994862382,471.2151752994633,22.456651814276643,515.9166370623637
attention,deepseek_v4,128x512,512,1048576,1000,67108864,67108864,67108864,2097152,2097152,0.5,4292493394837504.0,9.09285371370537e+16,20429011943424.0,4312922406780928.0,4333351418724352.0,9.955438195061555e+16,192965752667090.06,189135932424192.0,192965752667090.06,0.0,372069652004864.0,253235749576260.75,22.24484570711899,471.21593277707757,22.456582884945245,515.9173613691419
attention,deepseek_v4,128x512,512,1048576,1000,69206016,69206016,69206016,2162688,2162688,0.5,4292493394837504.0,9.09285371370537e+16,20418878504960.0,4312912273342464.0,4333331151847424.0,9.955436168373862e+16,192966266348498.06,189135932424192.0,192966266348498.06,0.0,372069612421120.0,253235279289924.75,22.24478649073947,471.2146783875493,22.45641807683321,515.915882955122
attention,deepseek_v4,128x512,512,1048576,1000,71303168,71303168,71303168,2228224,2228224,0.5,4292493394837504.0,9.09285371370537e+16,20408745066496.0,4312902139904000.0,4333310884970496.0,9.95543414168617e+16,192965655854034.06,189135932424192.0,192965655854034.06,0.0,372069572837376.0,253235309174340.75,22.24485686761014,471.2161691914503,22.456384094837908,515.9174101538983
attention,deepseek_v4,128x512,512,1048576,1000,73400320,73400320,73400320,2293760,2293760,0.5,4292493394837504.0,9.09285371370537e+16,20398611628032.0,4312892006465536.0,4333290618093568.0,9.955432114998477e+16,192965880333266.06,189135932424192.0,192965880333266.06,0.0,372069533253632.0,253235394633284.75,22.244830989934886,471.2156210207396,22.456252942798287,515.9167049534727
attention,deepseek_v4,128x512,512,1048576,1000,75497472,75497472,75497472,2359296,2359296,0.5,4292493394837504.0,9.09285371370537e+16,20388478189568.0,4312881873027072.0,4333270351216640.0,9.955430088310784e+16,192964947215314.06,189135932424192.0,192964947215314.06,0.0,372069493669888.0,253235535666756.75,22.244938558959397,471.2178996716635,22.45625650539262,515.9190947360155
attention,deepseek_v4,128x512,512,1048576,1000,77594624,77594624,77594624,2424832,2424832,0.5,4292493394837504.0,9.09285371370537e+16,20378344751104.0,4312871739588608.0,4333250084339712.0,9.955428061623091e+16,192966001853394.06,189135932424192.0,192966001853394.06,0.0,372069454086144.0,253235218210372.75,22.244816981276973,471.21532427321915,22.45602874454485,515.916169999041
attention,deepseek_v4,128x512,512,1048576,1000,79691776,79691776,79691776,2490368,2490368,0.5,4292493394837504.0,9.09285371370537e+16,20368211312640.0,4312861606150144.0,4333229817462784.0,9.955426034935398e+16,192965871600594.06,189135932424192.0,192965871600594.06,0.0,372069414502400.0,253235456499268.75,22.244831996624885,471.2156423456062,22.45593887416434,515.9164132163954
attention,deepseek_v4,128x512,512,1048576,1000,81788928,81788928,81788928,2555904,2555904,0.5,4292493394837504.0,9.09285371370537e+16,20358077874176.0,4312851472711680.0,4333209550585856.0,9.955424008247706e+16,192965651278802.06,189135932424192.0,192965651278802.06,0.0,372069374918656.0,253235208511044.75,22.244857395037585,471.21618036402583,22.45585948519468,515.9168972442582
attention,deepseek_v4,128x512,512,1048576,1000,83886080,83886080,83886080,2621440,2621440,0.5,4292493394837504.0,9.09285371370537e+16,20347944435712.0,4312841339273216.0,4333189283708928.0,9.955421981560013e+16,192966469673938.06,189135932424192.0,192966469673938.06,0.0,372069335334912.0,253234988310084.75,22.24476305179172,471.2141818767722,22.455659219090567,515.9146041476545
proj/ffn,deepseek_v4,128x512,512,1048576,1000,10485760,10485760,10485760,327680,327680,0.5,2.041044617212723e+16,6.146600915465011e+17,2.4620979912782643e+17,2.5339832025088e+17,4.996081193787064e+17,1.1346786570973348e+18,824482459644460.2,821467325267968.0,824482459644460.2,0.0,3104525640882176.0,2280043190199764.0,24.755464392691607,745.510209897685,605.9657346672377,1376.2314089576143
proj/ffn,deepseek_v4,128x512,512,1048576,1000,12582912,12582912,12582912,393216,393216,0.5,1.4210823967735808e+16,6.146552699042529e+17,2.374917804748964e+17,2.4468030159794995e+17,4.8217208207284634e+17,1.1110381759448351e+18,824482537756204.2,821467325267968.0,824482537756204.2,0.0,3070470883954688.0,2245988364122579.8,17.23605208960518,745.5042911848834,584.8178220791166,1347.5581653536053
proj/ffn,deepseek_v4,128x512,512,1048576,1000,14680064,14680064,14680064,458752,458752,0.5,1.2193720585814016e+16,6.146518001153802e+17,2.2877376182196634e+17,2.359622829450199e+17,4.6473604476698624e+17,1.0915815654681805e+18,824482609306156.2,821467325267968.0,824482609306156.2,0.0,3036416127027200.0,2211933538045395.8,14.789542493898866,745.5000180448205,563.6699179841829,1323.9594785229024
proj/ffn,deepseek_v4,128x512,512,1048576,1000,16777216,16777216,16777216,524288,524288,0.5,1.2080479675088896e+16,6.146491810435891e+17,2.200557431690363e+17,2.2724426429208986e+17,4.4730000746112614e+17,1.0740296681798042e+18,824482243233324.2,821467325267968.0,824482243233324.2,0.0,3002361370099712.0,2177879126866387.8,14.652201153191097,745.4971724232107,542.5223055222822,1302.671679098684
proj/ffn,deepseek_v4,128x512,512,1048576,1000,18874368,18874368,18874368,589824,589824,0.5,1.1981534561959936e+16,6.146471979341906e+17,2.1133772451610624e+17,2.185262456391598e+17,4.2986397015526605e+17,1.0564927026514166e+18,824482745205292.2,821467325267968.0,824482745205292.2,0.0,2968306613172224.0,2143823885891027.8,14.53218351947025,745.4943132632162,521.374125359327,1281.4006221420134
proj/ffn,deepseek_v4,128x512,512,1048576,1000,20971520,20971520,20971520,655360,655360,0.5,1.1883412472725504e+16,6.14645569957036e+17,2.026197058631762e+17,2.0980822698622976e+17,4.1242793284940595e+17,1.0389569152791675e+18,824482815223340.2,821467325267968.0,824482815223340.2,0.0,2934251856244736.0,2109769059813843.8,14.41317181305527,745.4922754096913,500.2262330206182,1260.1316802433648
proj/ffn,deepseek_v4,128x512,512,1048576,1000,23068672,23068672,23068672,720896,720896,0.5,1.17861134073856e+16,6.146442943517491e+17,1.9390168721024614e+17,2.010902083332997e+17,3.9499189554354586e+17,1.0214223033026806e+18,824482501825068.2,821467325267968.0,824482501825068.2,0.0,2900197099317248.0,2075714648634835.8,14.295165005074027,745.4910116238697,479.0785670638185,1238.8647436927622
proj/ffn,deepseek_v4,128x512,512,1048576,1000,25165824,25165824,25165824,786432,786432,0.5,1.1701738433150976e+16,6.146431625660006e+17,1.851836685573161e+17,1.9237218968036966e+17,3.7755585823768576e+17,1.0039007592368374e+18,824482549552684.2,821467325267968.0,824482549552684.2,0.0,2866142342389760.0,2041659822557651.8,14.192827294525094,745.4895957464106,457.9306844547836,1217.6131074957195
proj/ffn,deepseek_v4,128x512,512,1048576,1000,27262976,27262976,27262976,851968,851968,0.5,1.161172443725824e+16,6.146422419089326e+17,1.7646564990438605e+17,1.836541710274396e+17,3.6011982093182566e+17,9.863737872780165e+17,824483030766124.2,821467325267968.0,824483030766124.2,0.0,2832087585462272.0,2007604581582291.8,14.083642723936258,745.4880439901791,436.7825746482568,1196.354261362372
proj/ffn,deepseek_v4,128x512,512,1048576,1000,29360128,29360128,29360128,917504,917504,0.5,1.0234871599857664e+16,6.146414624950518e+17,1.67747631251456e+17,1.7493615237450957e+17,3.426837836259656e+17,9.67560117720875e+17,824483131602476.2,821467325267968.0,824483131602476.2,0.0,2798032828534784.0,1973549755505107.8,12.413682230181026,745.4870074787663,415.63468128198195,1173.535370990929
proj/ffn,deepseek_v4,128x512,512,1048576,1000,31457280,31457280,31457280,983040,983040,0.5,1.0221124484857856e+16,6.146407551749652e+17,1.5902961259852595e+17,1.6621813372157952e+17,3.252477463201055e+17,9.501096259799286e+17,824483188292140.2,821467325267968.0,824483188292140.2,0.0,2763978071607296.0,1939494929427923.8,12.39700776195353,745.486098325608,394.48681421125593,1152.3699202988173
proj/ffn,deepseek_v4,128x512,512,1048576,1000,33554432,33554432,33554432,1048576,1048576,0.5,1.0213427903463424e+16,6.146401193965978e+17,1.503115939455959e+17,1.5750011506864947e+17,3.078117090142454e+17,9.326652563143066e+17,824482243233324.2,821467325267968.0,824482243233324.2,0.0,2729923314679808.0,1905441071446483.8,12.387686923868747,745.4861817110811,373.3394036566731,1131.213272291623
proj/ffn,deepseek_v4,128x512,512,1048576,1000,35651584,35651584,35651584,1114112,1114112,0.5,1.0206005663367168e+16,6.146396222850662e+17,1.4159357529266586e+17,1.4878209641571942e+17,2.903756717083853e+17,9.152212996568187e+17,824482438573612.2,821467325267968.0,824482438573612.2,0.0,2695868557752320.0,1871386176219603.8,12.378681686688157,745.4854021492774,352.19145748058247,1110.055541316548
proj/ffn,deepseek_v4,128x512,512,1048576,1000,37748736,37748736,37748736,1179648,1179648,0.5,1.0204085274279936e+16,6.14639127749886e+17,1.328755566397358e+17,1.4006407776278938e+17,2.729396344025252e+17,8.977828474266911e+17,824483367552556.2,821467325267968.0,824483367552556.2,0.0,2661813800824832.0,1837330451196371.8,12.376338536179727,745.4839623683569,331.04322675754497,1088.9035276620816
proj/ffn,deepseek_v4,128x512,512,1048576,1000,39845888,39845888,39845888,1245184,1245184,0.5,1.0197074546130944e+16,6.146387031001989e+17,1.2415753798680576e+17,1.3134605910985933e+17,2.555035970966651e+17,8.80339374742995e+17,824483367552556.2,821467325267968.0,824483367552556.2,0.0,2644689958070272.0,1820206608441811.8,12.367835359008547,745.4834473189286,309.89539286294723,1067.7466755408843
proj/ffn,deepseek_v4,128x512,512,1048576,1000,41943040,41943040,41943040,1310720,1310720,0.5,1.0190338159280128e+16,6.146383477839299e+17,1.1543951933387571e+17,1.2262804045692928e+17,2.38067559790805e+17,8.62896245734015e+17,824482869863980.2,821467325267968.0,824482869863980.2,0.0,2635802776264704.0,1811319979833811.8,12.359672385869324,745.4834663639892,288.7477332671331,1046.5908720169916
proj/ffn,deepseek_v4,128x512,512,1048576,1000,44040192,44040192,44040192,1376256,1376256,0.5,1.0188692111491072e+16,6.146379943079117e+17,1.0672150068094566e+17,1.1391002180399923e+17,2.206315224849449e+17,8.454582089043476e+17,824483601887788.2,821467325267968.0,824483601887788.2,0.0,2626915594459136.0,1802432037381587.8,12.35766495314451,745.4823757568967,267.59964901639455,1025.4396897264355
proj/ffn,deepseek_v4,128x512,512,1048576,1000,46137344,46137344,46137344,1441792,1441792,0.5,1.018236723658752e+16,6.146377094292111e+17,9.800348202801562e+16,1.0519200315106918e+17,2.031954851790848e+17,8.280155618448835e+17,824483300949548.2,821467325267968.0,824483300949548.2,0.0,2618028412653568.0,1793545201324499.8,12.349998144123235,745.482302335705,246.45191108791022,1004.2842115677385
proj/ffn,deepseek_v4,128x512,512,1048576,1000,48234496,48234496,48234496,1507328,1507328,0.5,1.0176316702982144e+16,6.146374260227113e+17,8.928546337508557e+16,9.647398449813914e+16,1.857594478732247e+17,8.105731905989181e+17,824483655660076.2,821467325267968.0,824483655660076.2,0.0,2609141230848000.0,1784657673770451.8,12.342654257754873,745.4816378750851,225.30397855431943,983.1282706871593
proj/ffn,deepseek_v4,128x512,512,1048576,1000,50331648,50331648,50331648,1572864,1572864,0.5,1.0174944996491264e+16,6.146371440884122e+17,8.056744472215552e+16,8.775596584520909e+16,1.683234105673646e+17,7.93135499652268e+17,824483421324844.2,821467325267968.0,824483421324844.2,0.0,2600254049042432.0,1775770699413971.8,12.34099404951208,745.481507803717,204.15621007501815,961.9787119282472
proj/ffn,deepseek_v4,128x512,512,1048576,1000,52428800,52428800,52428800,1638400,1638400,0.5,1.0173573290000384e+16,6.146368636263137e+17,7.8292325300437e+16,8.548084642349056e+16,1.6377317172392755e+17,7.885836086402417e+17,824482805392940.2,821467325267968.0,824482805392940.2,0.0,2591366867236864.0,1766884070805971.8,12.339339551358819,745.4817245501971,198.6374617550391,956.4585258565951
proj/ffn,deepseek_v4,128x512,512,1048576,1000,54525952,54525952,54525952,1703936,1703936,0.5,1.016807143899136e+16,6.146366506573824e+17,7.601720587871846e+16,8.320572700177203e+16,1.592229328804905e+17,7.840276549768643e+17,824483955271212.2,821467325267968.0,824483955271212.2,0.0,2582479685431296.0,1757995782605267.8,12.33264925773673,745.4804265477779,193.1182915841151,950.9313673896297
proj/ffn,deepseek_v4,128x512,512,1048576,1000,56623104,56623104,56623104,1769472,1769472,0.5,1.0166836903149568e+16,6.146364387926016e+17,7.374208645699994e+16,8.09306075800535e+16,1.5467269403705344e+17,7.794759697328046e+17,824483367552556.2,821467325267968.0,824483367552556.2,0.0,2573592503625728.0,1749109153997267.8,12.331160704101759,745.4807009838461,187.5995321727262,945.411393860674
proj/ffn,deepseek_v4,128x512,512,1048576,1000,58720256,58720256,58720256,1835008,1835008,0.5,1.0165602367307776e+16,6.146362936848876e+17,7.146696703528141e+16,7.865548815833498e+16,1.501224551936164e+17,7.749243512458117e+17,824483180574252.2,821467325267968.0,824483180574252.2,0.0,2564705321820160.0,1740222248790483.8,12.32966615550294,745.4806940473832,182.08067639300555,939.8910365958917
proj/ffn,deepseek_v4,128x512,512,1048576,1000,60817408,60817408,60817408,1900544,1900544,0.5,1.0160649198895104e+16,6.146360838443827e+17,6.919184761356288e+16,7.638036873661645e+16,1.4557221635017933e+17,7.703689493934572e+17,824483358278188.2,821467325267968.0,824483358278188.2,0.0,2555818140014592.0,1731334859535827.8,12.323655895388985,745.4802788596721,176.56174001399543,934.3656747690566
proj/ffn,deepseek_v4,128x512,512,1048576,1000,62914560,62914560,62914560,1966080,1966080,0.5,1.01595518337024e+16,6.146359403928945e+17,6.691672819184435e+16,7.410524931489792e+16,1.4102197750674227e+17,7.658174697333391e+17,824484307498540.2,821467325267968.0,824484307498540.2,0.0,2546930958209024.0,1722446778784211.8,12.32231073569631,745.479246606501,171.0426459596285,928.8442033018257
proj/ffn,deepseek_v4,128x512,512,1048576,1000,65011712,65011712,65011712,2031616,2031616,0.5,1.0158454468509696e+16,6.146357976775066e+17,6.464160877012582e+16,7.183012989317939e+16,1.3647173866330522e+17,7.612659908093215e+17,824483994100268.2,821467325267968.0,824483994100268.2,0.0,2538043776403456.0,1713559942727123.8,12.320984447484973,745.4793568773133,165.52381809695683,923.3241594217551
proj/ffn,deepseek_v4,128x512,512,1048576,1000,67108864,67108864,67108864,2097152,2097152,0.5,1.0154049982693376e+16,6.146355907814031e+17,6.23664893484073e+16,6.955501047146086e+16,1.3192149981986816e+17,7.567111405839647e+17,824482243233324.2,821467325267968.0,824482243233324.2,0.0,2529156594597888.0,1704674351364563.8,12.315668488957174,745.4806890334257,160.00526500427623,917.8016225266592
proj/ffn,deepseek_v4,128x512,512,1048576,1000,69206016,69206016,69206016,2162688,2162688,0.5,1.015308978814976e+16,6.146355144550318e+17,6.009136992668877e+16,6.727989104974234e+16,1.273712609764311e+17,7.521598652196127e+17,824484143327788.2,821467325267968.0,824484143327788.2,0.0,2520269412792320.0,1695785440816595.8,12.314475506065882,745.4788784345033,154.48600437885244,912.2793583194216
proj/ffn,deepseek_v4,128x512,512,1048576,1000,71303168,71303168,71303168,2228224,2228224,0.5,1.0152129593606144e+16,6.14635373947945e+17,5.781625050497024e+16,6.500477162802381e+16,1.2282102213299405e+17,7.476085256745452e+17,824482531462700.2,821467325267968.0,824482531462700.2,0.0,2511382230986752.0,1686899849454035.8,12.313334978238322,745.4801654287702,148.96740373031238,906.760904137321
proj/ffn,deepseek_v4,128x512,512,1048576,1000,73400320,73400320,73400320,2293760,2293760,0.5,1.0151169399062528e+16,6.146352341769585e+17,5.554113108325171e+16,6.272965220630528e+16,1.18270783289557e+17,7.43057186865578e+17,824484635757100.2,821467325267968.0,824484635757100.2,0.0,2502495049181184.0,1678010524007891.8,12.312138951796237,745.4780932485864,143.44813494426413,901.2383671446469
proj/ffn,deepseek_v4,128x512,512,1048576,1000,75497472,75497472,75497472,2359296,2359296,0.5,1.0150209204518912e+16,6.146350951420723e+17,5.326601166153318e+16,6.045453278458675e+16,1.1372054444611994e+17,7.385058487927112e+17,824483402941996.2,821467325267968.0,824483402941996.2,0.0,2493607867375616.0,1669124517747155.8,12.310992760193859,745.479039297669,137.92945260066122,895.7194846585242
proj/ffn,deepseek_v4,128x512,512,1048576,1000,77594624,77594624,77594624,2424832,2424832,0.5,1.014662774259712e+16,6.14635020839977e+17,5.099089223981466e+16,5.817941336286822e+16,1.0917030560268288e+17,7.33951954185257e+17,824483872071212.2,821467325267968.0,824483872071212.2,0.0,2484720685570048.0,1660236921043411.8,12.306641871729344,745.4785250024754,132.41048042387132,890.1956472980761
proj/ffn,deepseek_v4,128x512,512,1048576,1000,79691776,79691776,79691776,2490368,2490368,0.5,1.0145804718702592e+16,6.146348830932664e+17,4.871577281809613e+16,5.59042939411497e+16,1.0462006675924582e+17,7.294007545712148e+17,824483367552556.2,821467325267968.0,824483367552556.2,0.0,2475833503764480.0,1651350154136019.8,12.305651172588213,745.4788141060794,126.89166437620935,884.6761296548771
proj/ffn,deepseek_v4,128x512,512,1048576,1000,81788928,81788928,81788928,2555904,2555904,0.5,1.0144981694808064e+16,6.146348097112965e+17,4.64406533963776e+16,5.362917451943117e+16,1.0006982791580877e+17,7.248496193219133e+17,824484925250092.2,821467325267968.0,824484925250092.2,0.0,2466946321958912.0,1642461520186835.8,12.304629695601493,745.4773166712034,121.37253799449933,879.1544843613042
proj/ffn,deepseek_v4,128x512,512,1048576,1000,83886080,83886080,83886080,2621440,2621440,0.5,1.0144158670913536e+16,6.146347366973768e+17,4.416553397465907e+16,5.135405509771264e+16,9.551958907237171e+16,7.20298484440662e+17,824482939823660.2,821467325267968.0,824482939823660.2,0.0,2458059140153344.0,1633576343722451.8,12.303661095865925,745.4790232880189,115.85393033456988,873.6366147184547
attention,llama_3_1_405b,32x512,512,131072,1000,10485760,10485760,10485760,327680,327680,0.5,277076930199552.0,2.269277646225408e+18,251439196667904.0,528516126867456.0,779955323535360.0,2.270334678479143e+18,5552751127649575.0,3325489299062784.0,5552751127649575.0,0.0,8865379698868224.0,3315198033835172.5,0.049899036320908544,408.6762748875387,0.14046286347169815,408.8666367873313
attention,llama_3_1_405b,32x512,512,131072,1000,12582912,12582912,12582912,393216,393216,0.5,277076930199552.0,2.269277646225408e+18,247177515368448.0,524254445568000.0,771431960936448.0,2.270326155116544e+18,5552765925154087.0,3325489299062784.0,5552765925154087.0,0.0,8865363051675648.0,3315198033835172.5,0.04989890334551843,408.6751858106528,0.13892751312311818,408.86401222712146
attention,llama_3_1_405b,32x512,512,131072,1000,14680064,14680064,14680064,458752,458752,0.5,277076930199552.0,2.269277646225408e+18,242915834068992.0,519992764268544.0,762908598337536.0,2.270317631753945e+18,5552834627853607.0,3325489299062784.0,5552834627853607.0,0.0,8865346404483072.0,3315198033835172.5,0.0498982859690625,408.6701294582898,0.13739083719704268,408.85741858145593
attention,llama_3_1_405b,32x512,512,131072,1000,16777216,16777216,16777216,524288,524288,0.5,277076930199552.0,2.269277646225408e+18,238654152769536.0,515731082969088.0,754385235738624.0,2.2703091083913462e+18,5552729988357415.0,3325489299062784.0,5552729988357415.0,0.0,8865329757290496.0,3315198033835172.5,0.04989922628698099,408.6778307217304,0.13585844032041308,408.8635883883378
attention,llama_3_1_405b,32x512,512,131072,1000,18874368,18874368,18874368,589824,589824,0.5,277076930199552.0,2.269277646225408e+18,234392471470080.0,511469401669632.0,745861873139712.0,2.2703005850287473e+18,5552870564650279.0,3325489299062784.0,5552870564650279.0,0.0,8865313110097920.0,3315198033835172.5,0.049897963039771016,408.6674846468941,0.13432005382727424,408.85170266376116
attention,llama_3_1_405b,32x512,512,131072,1000,20971520,20971520,20971520,655360,655360,0.5,277076930199552.0,2.269277646225408e+18,230130790170624.0,507207720370176.0,737338510540800.0,2.2702920616661484e+18,5552835684818215.0,3325489299062784.0,5552835684818215.0,0.0,8865296462905344.0,3315198033835172.5,0.0498982764710825,408.6700516692307,0.13278594080439435,408.85273588650625
attention,llama_3_1_405b,32x512,512,131072,1000,23068672,23068672,23068672,720896,720896,0.5,277076930199552.0,2.269277646225408e+18,225869108871168.0,502946039070720.0,728815147941888.0,2.2702835383035494e+18,5552772266941735.0,3325489299062784.0,5552772266941735.0,0.0,8865279815712768.0,3315198033835172.5,0.04989884635628248,408.67471906519296,0.13125248306703796,408.85587039461626
attention,llama_3_1_405b,32x512,512,131072,1000,25165824,25165824,25165824,786432,786432,0.5,277076930199552.0,2.269277646225408e+18,221607427571712.0,498684357771264.0,720291785342976.0,2.2702750149409505e+18,5552873735544103.0,3325489299062784.0,5552873735544103.0,0.0,8865263168520192.0,3315198033835172.5,0.04989793454621067,408.6672512828262,0.12971513843946564,408.8468643558119
attention,llama_3_1_405b,32x512,512,131072,1000,27262976,27262976,27262976,851968,851968,0.5,277076930199552.0,2.269277646225408e+18,217345746272256.0,494422676471808.0,711768422744064.0,2.2702664915783516e+18,5552751127649575.0,3325489299062784.0,5552751127649575.0,0.0,8865246521327616.0,3315198033835172.5,0.049899036320908544,408.6762748875387,0.12818302250209954,408.8543569463617
attention,llama_3_1_405b,32x512,512,131072,1000,29360128,29360128,29360128,917504,917504,0.5,277076930199552.0,2.269277646225408e+18,213084064972800.0,490160995172352.0,703245060145152.0,2.2702579682157527e+18,5552842026605863.0,3325489299062784.0,5552842026605863.0,0.0,8865229874135040.0,3315198033835172.5,0.04989821948327844,408.66958493549805,0.12664596917679752,408.84612912415815
attention,llama_3_1_405b,32x512,512,131072,1000,31457280,31457280,31457280,983040,983040,0.5,277076930199552.0,2.269277646225408e+18,208822383673344.0,485899313872896.0,694721697546240.0,2.2702494448531538e+18,5552930811632935.0,3325489299062784.0,5552930811632935.0,0.0,8865213226942464.0,3315198033835172.5,0.049897421667689165,408.6630507751794,0.12510901380057807,408.83805721064766
attention,llama_3_1_405b,32x512,512,131072,1000,33554432,33554432,33554432,1048576,1048576,0.5,277076930199552.0,2.269277646225408e+18,204560702373888.0,481637632573440.0,686198334947328.0,2.270240921490555e+18,5552729988357415.0,3325489299062784.0,5552729988357415.0,0.0,8865196579749888.0,3315198033835172.5,0.04989922628698099,408.6778307217304,0.12357855260135137,408.85130850061876
attention,llama_3_1_405b,32x512,512,131072,1000,35651584,35651584,35651584,1114112,1114112,0.5,277076930199552.0,2.269277646225408e+18,200299021074432.0,477375951273984.0,677674972348416.0,2.270232398127956e+18,5552814545526055.0,3325489299062784.0,5552814545526055.0,0.0,8865179932557312.0,3315198033835172.5,0.04989846643136948,408.6716074560391,0.12204170818102036,408.84354763065147
attention,llama_3_1_405b,32x512,512,131072,1000,37748736,37748736,37748736,1179648,1179648,0.5,277076930199552.0,2.269277646225408e+18,196037339774976.0,473114269974528.0,669151609749504.0,2.270223874765357e+18,5552880077331751.0,3325489299062784.0,5552880077331751.0,0.0,8865163285364736.0,3315198033835172.5,0.04989787755918762,408.66678455549015,0.12050532344128026,408.8371877564906
attention,llama_3_1_405b,32x512,512,131072,1000,39845888,39845888,39845888,1245184,1245184,0.5,277076930199552.0,2.269277646225408e+18,191775658475520.0,468852588675072.0,660628247150592.0,2.2702153514027581e+18,5552943495208231.0,3325489299062784.0,5552943495208231.0,0.0,8865146638172160.0,3315198033835172.5,0.049897307696116194,408.66211734076217,0.11896902025397235,408.8309836687123
attention,llama_3_1_405b,32x512,512,131072,1000,41943040,41943040,41943040,1310720,1310720,0.5,277076930199552.0,2.269277646225408e+18,187513977176064.0,464590907375616.0,652104884551680.0,2.2702068280401592e+18,5553004799155495.0,3325489299062784.0,5553004799155495.0,0.0,8865129990979584.0,3315198033835172.5,0.049896756840853096,408.657605801191,0.11743279686177338,408.8249353548936
attention,llama_3_1_405b,32x512,512,131072,1000,44040192,44040192,44040192,1376256,1376256,0.5,277076930199552.0,2.269277646225408e+18,183252295876608.0,460329226076160.0,643581521952768.0,2.2701983046775603e+18,5553086185430311.0,3325489299062784.0,5553086185430311.0,0.0,8865113343787008.0,3315198033835172.5,0.04989602555179525,408.6516164973875,0.11589618825678223,408.8174087111961
attention,llama_3_1_405b,32x512,512,131072,1000,46137344,46137344,46137344,1441792,1441792,0.5,277076930199552.0,2.269277646225408e+18,178990614577152.0,456067544776704.0,635058159353856.0,2.2701897813149614e+18,5552772266941735.0,3325489299062784.0,5552772266941735.0,0.0,8865096696594432.0,3315198033835172.5,0.04989884635628248,408.67471906519296,0.1143677660138623,408.83898567756313
attention,llama_3_1_405b,32x512,512,131072,1000,48234496,48234496,48234496,1507328,1507328,0.5,277076930199552.0,2.269277646225408e+18,174728933277696.0,451805863477248.0,626534796754944.0,2.2701812579523625e+18,5552835684818215.0,3325489299062784.0,5552835684818215.0,0.0,8865080049401856.0,3315198033835172.5,0.0498982764710825,408.6700516692307,0.11283150309452297,408.8327814487963
attention,llama_3_1_405b,32x512,512,131072,1000,50331648,50331648,50331648,1572864,1572864,0.5,277076930199552.0,2.269277646225408e+18,170467251978240.0,447544182177792.0,618011434156032.0,2.2701727345897636e+18,5552873735544103.0,3325489299062784.0,5552873735544103.0,0.0,8865063402209280.0,3315198033835172.5,0.04989793454621067,408.6672512828262,0.11129578369486832,408.82844500106734
attention,llama_3_1_405b,32x512,512,131072,1000,52428800,52428800,52428800,1638400,1638400,0.5,277076930199552.0,2.269277646225408e+18,166205570678784.0,443282500878336.0,609488071557120.0,2.2701642112271647e+18,5552936096455975.0,3325489299062784.0,5552936096455975.0,0.0,8865046755016704.0,3315198033835172.5,0.04989737417947048,408.66266184365395,0.10975960482349342,408.82231882265694
attention,llama_3_1_405b,32x512,512,131072,1000,54525952,54525952,54525952,1703936,1703936,0.5,277076930199552.0,2.269277646225408e+18,161943889379328.0,439020819578880.0,600964708958208.0,2.2701556878645658e+18,5552970976288039.0,3325489299062784.0,5552970976288039.0,0.0,8865030107824128.0,3315198033835172.5,0.049897060759494176,408.6600949141532,0.10822399604183258,408.81821597095455
attention,llama_3_1_405b,32x512,512,131072,1000,56623104,56623104,56623104,1769472,1769472,0.5,277076930199552.0,2.269277646225408e+18,157682208079872.0,434759138279424.0,592441346359296.0,2.2701471645019668e+18,5553032280235303.0,3325489299062784.0,5553032280235303.0,0.0,8865013460631552.0,3315198033835172.5,0.04989650990968329,408.655583419236,0.10668789887426912,408.81216782801994
attention,llama_3_1_405b,32x512,512,131072,1000,58720256,58720256,58720256,1835008,1835008,0.5,277076930199552.0,2.269277646225408e+18,153420526780416.0,430497456979968.0,583917983760384.0,2.270138641139368e+18,5553093584182567.0,3325489299062784.0,5553093584182567.0,0.0,8864996813438976.0,3315198033835172.5,0.04989595907203473,408.651072023929,0.10515183562251068,408.80611981862353
attention,llama_3_1_405b,32x512,512,131072,1000,60817408,60817408,60817408,1900544,1900544,0.5,277076930199552.0,2.269277646225408e+18,149158845480960.0,426235775680512.0,575394621161472.0,2.270130117776769e+18,5553124236156199.0,3325489299062784.0,5553124236156199.0,0.0,8864980166246400.0,3315198033835172.5,0.049895683657771195,408.6488163636282,0.1036163782209477,408.80232842550697
attention,llama_3_1_405b,32x512,512,131072,1000,62914560,62914560,62914560,1966080,1966080,0.5,277076930199552.0,2.269277646225408e+18,144897164181504.0,421974094381056.0,566871258562560.0,2.27012159441417e+18,5553184483138855.0,3325489299062784.0,5553184483138855.0,0.0,8864963519053824.0,3315198033835172.5,0.04989514233514864,408.6443828969883,0.10208039374232071,408.79635843306573
attention,llama_3_1_405b,32x512,512,131072,1000,65011712,65011712,65011712,2031616,2031616,0.5,277076930199552.0,2.269277646225408e+18,140635482882048.0,417712413081600.0,558347895963648.0,2.2701130710515712e+18,5553244730121511.0,3325489299062784.0,5553244730121511.0,0.0,8864946871861248.0,3315198033835172.5,0.049894601024271665,408.6399495265453,0.10054444259139121,408.7903885701609
attention,llama_3_1_405b,32x512,512,131072,1000,67108864,67108864,67108864,2097152,2097152,0.5,277076930199552.0,2.269277646225408e+18,136373801582592.0,413450731782144.0,549824533364736.0,2.2701045476889723e+18,5552729988357415.0,3325489299062784.0,5552729988357415.0,0.0,8864930224668672.0,3315198033835172.5,0.04989922628698099,408.6778307217304,0.0990187771632279,408.82674872518066
attention,llama_3_1_405b,32x512,512,131072,1000,69206016,69206016,69206016,2162688,2162688,0.5,277076930199552.0,2.269277646225408e+18,132112120283136.0,409189050482688.0,541301170765824.0,2.2700960243263734e+18,5552772266941735.0,3325489299062784.0,5552772266941735.0,0.0,8864913577476096.0,3315198033835172.5,0.04989884635628248,408.67471906519296,0.09748304896068663,408.82210096050994
attention,llama_3_1_405b,32x512,512,131072,1000,71303168,71303168,71303168,2228224,2228224,0.5,277076930199552.0,2.269277646225408e+18,127850438983680.0,404927369183232.0,532777808166912.0,2.2700875009637745e+18,5552814545526055.0,3325489299062784.0,5552814545526055.0,0.0,8864896930283520.0,3315198033835172.5,0.04989846643136948,408.6716074560391,0.0959473441439126,408.8174532666144
attention,llama_3_1_405b,32x512,512,131072,1000,73400320,73400320,73400320,2293760,2293760,0.5,277076930199552.0,2.269277646225408e+18,123588757684224.0,400665687883776.0,524254445568000.0,2.2700789776011756e+18,5552856824110375.0,3325489299062784.0,5552856824110375.0,0.0,8864880283090944.0,3315198033835172.5,0.04989808651224185,408.6684958942679,0.09441166271237167,408.8128056434925
attention,llama_3_1_405b,32x512,512,131072,1000,75497472,75497472,75497472,2359296,2359296,0.5,277076930199552.0,2.269277646225408e+18,119327076384768.0,396404006584320.0,515731082969088.0,2.2700704542385766e+18,5552899102694695.0,3325489299062784.0,5552899102694695.0,0.0,8864863635898368.0,3315198033835172.5,0.04989770659889947,408.66538437987816,0.09287600466552967,408.80815809114256
attention,llama_3_1_405b,32x512,512,131072,1000,77594624,77594624,77594624,2424832,2424832,0.5,277076930199552.0,2.269277646225408e+18,115065395085312.0,392142325284864.0,507207720370176.0,2.2700619308759777e+18,5552902273588519.0,3325489299062784.0,5552902273588519.0,0.0,8864846988705792.0,3315198033835172.5,0.049897678105632004,408.665151018209,0.09134101329004608,408.8063897096047
attention,llama_3_1_405b,32x512,512,131072,1000,79691776,79691776,79691776,2490368,2490368,0.5,277076930199552.0,2.269277646225408e+18,110803713785856.0,387880643985408.0,498684357771264.0,2.2700534075133788e+18,5552943495208231.0,3325489299062784.0,5552943495208231.0,0.0,8864830341513216.0,3315198033835172.5,0.049897307696116194,408.66211734076217,0.08980540828509974,408.8018200567434
attention,llama_3_1_405b,32x512,512,131072,1000,81788928,81788928,81788928,2555904,2555904,0.5,277076930199552.0,2.269277646225408e+18,106542032486400.0,383618962685952.0,490160995172352.0,2.27004488415078e+18,5552984716827943.0,3325489299062784.0,5552984716827943.0,0.0,8864813694320640.0,3315198033835172.5,0.04989693729209972,408.6590837083553,0.08826982607874867,408.79725047172616
attention,llama_3_1_405b,32x512,512,131072,1000,83886080,83886080,83886080,2621440,2621440,0.5,277076930199552.0,2.269277646225408e+18,102280351186944.0,379357281386496.0,481637632573440.0,2.270036360788181e+18,5553025938447655.0,3325489299062784.0,5553025938447655.0,0.0,8864797047128064.0,3315198033835172.5,0.04989656689358247,408.65605012098735,0.08673426667048516,408.79268095455143
proj/ffn,llama_3_1_405b,32x512,512,131072,1000,10485760,10485760,10485760,327680,327680,0.5,6677451682611200.0,1.0426945045502362e+17,1.6403300144296755e+18,1.6430140941117686e+18,3.283344108541444e+18,3.394291010679079e+18,1653778030329856.0,1653768567390208.0,1653778030329856.0,0.0,6418023805124096.0,4764245774794240.0,4.0376952409262215,63.049241520173325,1985.3596119465687,2052.4465487076686
proj/ffn,llama_3_1_405b,32x512,512,131072,1000,12582912,12582912,12582912,393216,393216,0.5,6116768918536192.0,1.0425572302651392e+17,1.6302445490877235e+18,1.6329286287698166e+18,3.26317317785754e+18,3.37354566980259e+18,1653781184643072.0,1653768567390208.0,1653781184643072.0,0.0,6378627456132096.0,4724846271489024.0,3.6986567360520226,63.040820632516116,1973.1589693722483,2039.8984467408163
proj/ffn,llama_3_1_405b,32x512,512,131072,1000,14680064,14680064,14680064,458752,458752,0.5,5564677229379584.0,1.0424603296124109e+17,1.6201590837457715e+18,1.6228431634278646e+18,3.243002247173636e+18,3.352812957364257e+18,1653784338956288.0,1653768567390208.0,1653784338956288.0,0.0,6339231107140096.0,4693853600434688.0,3.3648143220968465,63.03484106460417,1960.958373339242,2027.3580287259429
proj/ffn,llama_3_1_405b,32x512,512,131072,1000,16777216,16777216,16777216,524288,524288,0.5,4139787180048384.0,1.0423795881345024e+17,1.6100736184038195e+18,1.6127576980859126e+18,3.222831316489732e+18,3.3312090624832307e+18,1653768567390208.0,1653768567390208.0,1653768567390208.0,0.0,6303963261906944.0,4662979738415104.0,2.5032445661857823,63.03055993980276,1948.7801256107093,2014.3139301166977
proj/ffn,llama_3_1_405b,32x512,512,131072,1000,18874368,18874368,18874368,589824,589824,0.5,3609038405500928.0,1.0423230634288742e+17,1.6021658722058895e+18,1.6048499518879826e+18,3.207015824093872e+18,3.3148571688422605e+18,1653790647582720.0,1653768567390208.0,1653790647582720.0,0.0,6273073628321280.0,4632068024636928.0,2.1822825100481222,63.026300514662864,1939.190930110434,2004.3995131351453
proj/ffn,llama_3_1_405b,32x512,512,131072,1000,20971520,20971520,20971520,655360,655360,0.5,3600413507452928.0,1.0422826816949453e+17,1.5942581260079596e+18,1.5969422056900526e+18,3.191200331698012e+18,3.2990290133749596e+18,1653793801895936.0,1653768567390208.0,1653793801895936.0,0.0,6242183994735616.0,4601175236738048.0,2.177063128018351,63.02373853983825,1929.6240728678317,1994.8248745356884
proj/ffn,llama_3_1_405b,32x512,512,131072,1000,23068672,23068672,23068672,720896,720896,0.5,3589775613362176.0,1.042242311534674e+17,1.5863503798100296e+18,1.5890344594921226e+18,3.175384839302152e+18,3.283198846068982e+18,1653778030329856.0,1653768567390208.0,1653778030329856.0,0.0,6211294361149952.0,4570301374718464.0,2.170651409999789,63.02189849062104,1920.079225304984,1985.2717752056046
proj/ffn,llama_3_1_405b,32x512,512,131072,1000,25165824,25165824,25165824,786432,786432,0.5,3581167626878976.0,1.042210014017618e+17,1.5784426336120996e+18,1.5811267132941926e+18,3.159569346906292e+18,3.267371515934933e+18,1653781184643072.0,1653768567390208.0,1653781184643072.0,0.0,6180404727564288.0,4539408586819584.0,2.1654422363330266,63.019825336962775,1910.512331526016,1975.6975990993117
proj/ffn,llama_3_1_405b,32x512,512,131072,1000,27262976,27262976,27262976,851968,851968,0.5,3071828893368320.0,1.04218578567168e+17,1.5705348874141696e+18,1.5732189670962627e+18,3.143753854510432e+18,3.2510442619709686e+18,1653803264835584.0,1653768567390208.0,1653803264835584.0,0.0,6149515093978624.0,4508496873041408.0,1.8574330808771935,63.01751894142565,1900.9237201034155,1965.7986721257182
proj/ffn,llama_3_1_405b,32x512,512,131072,1000,29360128,29360128,29360128,917504,917504,0.5,3067499532779520.0,1.0421615642699366e+17,1.5626271412162396e+18,1.5653112208983327e+18,3.1279383621145723e+18,3.2352220180743455e+18,1653806419148800.0,1653768567390208.0,1653806419148800.0,0.0,6118625460392960.0,4477604085142528.0,1.8548117223769973,63.01593416273764,1891.357008835711,1956.2277547208255
proj/ffn,llama_3_1_405b,32x512,512,131072,1000,31457280,31457280,31457280,983040,983040,0.5,3063170172190720.0,1.0421454074098483e+17,1.5547193950183096e+18,1.5574034747004027e+18,3.1121228697187123e+18,3.219400580631888e+18,1653809573462016.0,1653768567390208.0,1653809573462016.0,0.0,6087735826807296.0,4446711297243648.0,1.8521903738762422,63.01483702432951,1881.7903340612088,1946.6573614594145
proj/ffn,llama_3_1_405b,32x512,512,131072,1000,33554432,33554432,33554432,1048576,1048576,0.5,3056912373383168.0,1.0421211987391283e+17,1.5468116488203796e+18,1.5494957285024727e+18,3.0963073773228524e+18,3.2035764095701484e+18,1653768567390208.0,1653768567390208.0,1653768567390208.0,0.0,6056846193221632.0,4415862669729792.0,1.8484523370807828,63.014935661988495,1872.273689545991,1937.1370775450603
proj/ffn,llama_3_1_405b,32x512,512,131072,1000,35651584,35651584,35651584,1114112,1114112,0.5,3052599924359168.0,1.0421131075780608e+17,1.5389039026224497e+18,1.5415879823045427e+18,3.0804918849269924e+18,3.1877557956091576e+18,1653774876016640.0,1653768567390208.0,1653774876016640.0,0.0,6025956559635968.0,4384966727517696.0,1.845837646120132,63.01420602592194,1862.7032793887945,1927.5633230608364
proj/ffn,llama_3_1_405b,32x512,512,131072,1000,37748736,37748736,37748736,1179648,1179648,0.5,3048287475335168.0,1.0420969646063616e+17,1.5309961564245197e+18,1.5336802361066127e+18,3.0646763925311324e+18,3.171934376467104e+18,1653819036401664.0,1653768567390208.0,1653819036401664.0,0.0,5995066926050304.0,4354032933547008.0,1.8431807883694167,63.01154731376952,1853.0905286948293,1917.9452567969684
proj/ffn,llama_3_1_405b,32x512,512,131072,1000,39845888,39845888,39845888,1245184,1245184,0.5,3043975026311168.0,1.0420808262641254e+17,1.5230884102265897e+18,1.5257724899086828e+18,3.0488609001352724e+18,3.156112957787996e+18,1653819036401664.0,1653768567390208.0,1653819036401664.0,0.0,5964177292464640.0,4323143299961344.0,1.840573218297311,63.01057149102949,1843.5275160267256,1908.3786607360526
proj/ffn,llama_3_1_405b,32x512,512,131072,1000,41943040,41943040,41943040,1310720,1310720,0.5,3039662577287168.0,1.042072744361984e+17,1.5151806640286597e+18,1.5178647437107528e+18,3.0330454077394125e+18,3.140292344752898e+18,1653793801895936.0,1653768567390208.0,1653793801895936.0,0.0,5933287658878976.0,4292278900881408.0,1.837993692927407,63.01104425275599,1833.9924870091302,1898.8415249548134
proj/ffn,llama_3_1_405b,32x512,512,131072,1000,44040192,44040192,44040192,1376256,1376256,0.5,3033506247868416.0,1.042064664774574e+17,1.5072729178307297e+18,1.5099569975128228e+18,3.0172299153435525e+18,3.1244698880688783e+18,1653828499341312.0,1653768567390208.0,1653828499341312.0,0.0,5902398025293312.0,4261354569850368.0,1.8342326602042491,63.00923373793645,1824.3910517597544,1889.234518157895
proj/ffn,llama_3_1_405b,32x512,512,131072,1000,46137344,46137344,46137344,1441792,1441792,0.5,3029210710409216.0,1.0420565875018957e+17,1.4993651716327997e+18,1.5020492513148928e+18,3.0014144229476925e+18,3.1086492924082913e+18,1653812727775232.0,1653768567390208.0,1653812727775232.0,0.0,5871508391707648.0,4230480707830784.0,1.8316527981280075,63.00934622166728,1814.8454008969338,1879.6863999167292
proj/ffn,llama_3_1_405b,32x512,512,131072,1000,48234496,48234496,48234496,1507328,1507328,0.5,3024915172950016.0,1.0420485125439488e+17,1.4914574254348698e+18,1.4941415051169628e+18,2.9855989305518326e+18,3.0928286969791775e+18,1653828499341312.0,1653768567390208.0,1653828499341312.0,0.0,5840618758121984.0,4199575302679040.0,1.829038001313184,63.00825708100789,1805.2651358595763,1870.1024309418972
proj/ffn,llama_3_1_405b,32x512,512,131072,1000,50331648,50331648,50331648,1572864,1572864,0.5,3020619635490816.0,1.0420404399007334e+17,1.4835496792369398e+18,1.4862337589190328e+18,2.9697834381559726e+18,3.077008101781537e+18,1653819036401664.0,1653768567390208.0,1653819036401664.0,0.0,5809729124536320.0,4168695132033024.0,1.8264511225260782,63.00812948483031,1795.7124526862078,1860.5470332935643
proj/ffn,llama_3_1_405b,32x512,512,131072,1000,52428800,52428800,52428800,1638400,1638400,0.5,3016324098031616.0,1.0420323695722496e+17,1.4756419330390098e+18,1.4783260127211028e+18,2.9539679457601126e+18,3.061187506815369e+18,1653793801895936.0,1653768567390208.0,1653793801895936.0,0.0,5778839490950656.0,4137830732953088.0,1.8238816075944009,63.008602909120036,1786.1766940797793,1851.009178596494
proj/ffn,llama_3_1_405b,32x512,512,131072,1000,54525952,54525952,54525952,1703936,1703936,0.5,2568679272742912.0,1.0420243015584973e+17,1.4677341868410798e+18,1.4704182665231729e+18,2.9381524533642527e+18,3.0449235627928453e+18,1653844270907392.0,1653768567390208.0,1653844270907392.0,0.0,5747949857364992.0,4106890630355968.0,1.5531566774020327,63.006192293231095,1776.5593200333285,1841.118669003962
proj/ffn,llama_3_1_405b,32x512,512,131072,1000,56623104,56623104,56623104,1769472,1769472,0.5,2568645449613312.0,1.0420162358594765e+17,1.4598264406431498e+18,1.462510520325243e+18,2.9223369609683927e+18,3.0291072300039537e+18,1653819036401664.0,1653768567390208.0,1653819036401664.0,0.0,5717060223779328.0,4076026231276032.0,1.5531599244389538,63.006665960664485,1767.023414681897,1831.5832405670005
proj/ffn,llama_3_1_405b,32x512,512,131072,1000,58720256,58720256,58720256,1835008,1835008,0.5,2568611626483712.0,1.0420162150268928e+17,1.4519186944452198e+18,1.454602774127313e+18,2.9065214685725327e+18,3.0132917017017057e+18,1653806419148800.0,1653768567390208.0,1653806419148800.0,0.0,5686170590193664.0,4045149214943232.0,1.5531513221515698,63.007145392700174,1757.4738100656875,1822.034106780539
proj/ffn,llama_3_1_405b,32x512,512,131072,1000,60817408,60817408,60817408,1900544,1900544,0.5,2568577803354112.0,1.0420081527999693e+17,1.4440109482472899e+18,1.446695027929383e+18,2.890705976176673e+18,2.997475369260024e+18,1653815882088448.0,1653768567390208.0,1653815882088448.0,0.0,5655280956608000.0,4014250118417920.0,1.5531219836336907,63.006297380825465,1747.9007231000064,1812.4601424644654
proj/ffn,llama_3_1_405b,32x512,512,131072,1000,62914560,62914560,62914560,1966080,1966080,0.5,2568543980224512.0,1.0420081331247514e+17,1.43610320204936e+18,1.438787281731453e+18,2.874890483780813e+18,2.9816598410735124e+18,1653856888160256.0,1653768567390208.0,1653856888160256.0,0.0,5624391323022336.0,3983319478760448.0,1.5530630241421617,63.004733999921676,1738.2945914859838,1802.8523885100478
proj/ffn,llama_3_1_405b,32x512,512,131072,1000,65011712,65011712,65011712,2031616,2031616,0.5,2568510157094912.0,1.0420000743699251e+17,1.42819545585143e+18,1.430879535533523e+18,2.859074991384953e+18,2.96584350897904e+18,1653841116594176.0,1653768567390208.0,1653841116594176.0,0.0,5593501689436672.0,3952445616740864.0,1.553057383398686,63.0048475584982,1728.7482834341215,1793.3061883760186
proj/ffn,llama_3_1_405b,32x512,512,131072,1000,67108864,67108864,67108864,2097152,2097152,0.5,2566818480783360.0,1.0419920179298304e+17,1.4202877096535e+18,1.422971789335593e+18,2.843259498989093e+18,2.9500255192628593e+18,1653768567390208.0,1653768567390208.0,1653768567390208.0,0.0,5562612055851008.0,3921628532359168.0,1.552102592464933,63.00712436288382,1719.2608174165543,1783.8200443719031
proj/ffn,llama_3_1_405b,32x512,512,131072,1000,69206016,69206016,69206016,2162688,2162688,0.5,2566801569218560.0,1.041992000569344e+17,1.41237996345557e+18,1.415064043137663e+18,2.827444006593233e+18,2.934210008219386e+18,1653847425220608.0,1653768567390208.0,1653847425220608.0,0.0,5531722422265344.0,3890660040943104.0,1.552018360385434,63.004119042622804,1709.615992065337,1774.1721294683452
proj/ffn,llama_3_1_405b,32x512,512,131072,1000,71303168,71303168,71303168,2228224,2228224,0.5,2566784657653760.0,1.0419919832088576e+17,1.40447221725764e+18,1.407156296939733e+18,2.811628514197373e+18,2.9183944971759124e+18,1653774876016640.0,1653768567390208.0,1653774876016640.0,0.0,5500832788679680.0,3859842956561408.0,1.5520762196099134,63.00688191119752,1700.1277229277987,1764.6866810586062
proj/ffn,llama_3_1_405b,32x512,512,131072,1000,73400320,73400320,73400320,2293760,2293760,0.5,2566767746088960.0,1.041983931398226e+17,1.39656447105971e+18,1.399248550741803e+18,2.795813021801513e+18,2.9025781826874245e+18,1653872659726336.0,1653768567390208.0,1653872659726336.0,0.0,5469943155094016.0,3828855539266048.0,1.551974229088278,63.002669841016754,1690.4645018221247,1755.0191458922297
proj/ffn,llama_3_1_405b,32x512,512,131072,1000,75497472,75497472,75497472,2359296,2359296,0.5,2566750834524160.0,1.0419839151951053e+17,1.38865672486178e+18,1.391340804543873e+18,2.779997529405653e+18,2.8867626717596877e+18,1653819036401664.0,1653768567390208.0,1653819036401664.0,0.0,5439053521508352.0,3798019529005056.0,1.5520143244383189,63.004711655891114,1680.9563006689648,1745.5130266492943
proj/ffn,llama_3_1_405b,32x512,512,131072,1000,77594624,77594624,77594624,2424832,2424832,0.5,2566733922959360.0,1.0419758668565709e+17,1.38074897866385e+18,1.383433058345943e+18,2.764182037009793e+18,2.8709463576184095e+18,1653837962280960.0,1653768567390208.0,1653837962280960.0,0.0,5408163887922688.0,3767110969540096.0,1.5519863381412176,63.003504008306,1671.3741612252359,1735.929651571683
proj/ffn,llama_3_1_405b,32x512,512,131072,1000,79691776,79691776,79691776,2490368,2490368,0.5,2566717011394560.0,1.041975851810816e+17,1.37284123246592e+18,1.375525312148013e+18,2.748366544613933e+18,2.855130846806409e+18,1653819036401664.0,1653768567390208.0,1653819036401664.0,0.0,5377274254337024.0,3736240261833728.0,1.5519938729083416,63.00422409442812,1661.8302753327575,1726.386493300094
proj/ffn,llama_3_1_405b,32x512,512,131072,1000,81788928,81788928,81788928,2555904,2555904,0.5,2566700099829760.0,1.0419758367650611e+17,1.36493348626799e+18,1.367617565950083e+18,2.732551052218073e+18,2.839315335994409e+18,1653885276979200.0,1653768567390208.0,1653885276979200.0,0.0,5346384620751360.0,3705284387670528.0,1.5519214878784122,63.001699771353934,1652.2010868910097,1716.754708150242
proj/ffn,llama_3_1_405b,32x512,512,131072,1000,83886080,83886080,83886080,2621440,2621440,0.5,2566683188264960.0,1.0419677930559898e+17,1.35702574007006e+18,1.359709819752153e+18,2.716735559822213e+18,2.823499022316077e+18,1653793801895936.0,1653768567390208.0,1653793801895936.0,0.0,5315494987165696.0,3674486229168128.0,1.5519971022520902,63.00469815895192,1642.729315291727,1707.2860105529312
attention,llama_3_1_70b,32x512,512,131072,1000,10485760,10485760,10485760,327680,327680,0.5,87960930222080.0,1.44081120395264e+18,73057393704960.0,161018323927040.0,234075717632000.0,1.441133240600494e+18,3525146907453139.5,1407471352545280.0,3525146907453139.5,0.0,5628463541125120.0,2104887640530268.0,0.024952415468446485,408.7237331602734,0.06640169155421549,408.81508726729606
attention,llama_3_1_70b,32x512,512,131072,1000,12582912,12582912,12582912,393216,393216,0.5,87960930222080.0,1.44081120395264e+18,70351564308480.0,158312494530560.0,228664058839040.0,1.441127828941701e+18,3525158987048659.5,1407471352545280.0,3525158987048659.5,0.0,5628452971479040.0,2104887640530268.0,0.0249523299644771,408.7223325943999,0.06486631090374809,408.8121512352681
attention,llama_3_1_70b,32x512,512,131072,1000,14680064,14680064,14680064,458752,458752,0.5,87960930222080.0,1.44081120395264e+18,67645734912000.0,155606665134080.0,223252400046080.0,1.4411224172829082e+18,3525148920719059.5,1407471352545280.0,3525148920719059.5,0.0,5628442401832960.0,2104887640530268.0,0.024952401217744224,408.7234997319612,0.06333133863761449,408.81178347181657
attention,llama_3_1_70b,32x512,512,131072,1000,16777216,16777216,16777216,524288,524288,0.5,87960930222080.0,1.44081120395264e+18,64939905515520.0,152900835737600.0,217840741253120.0,1.4411170056241152e+18,3525113353021139.5,1407471352545280.0,3525113353021139.5,0.0,5628431832186880.0,2104887640530268.0,0.02495265298254723,408.72762367139677,0.06179680465208962,408.8143731290314
attention,llama_3_1_70b,32x512,512,131072,1000,18874368,18874368,18874368,589824,589824,0.5,87960930222080.0,1.44081120395264e+18,62234076119040.0,150195006341120.0,212429082460160.0,1.4411115939653222e+18,3525161000314579.5,1407471352545280.0,3525161000314579.5,0.0,5628421262540800.0,2104887640530268.0,0.02495231571387251,408.7220991676875,0.060260817148834675,408.8073123005502
attention,llama_3_1_70b,32x512,512,131072,1000,20971520,20971520,20971520,655360,655360,0.5,87960930222080.0,1.44081120395264e+18,59528246722560.0,147489176944640.0,207017423667200.0,1.4411061823065293e+18,3525200594544339.5,1407471352545280.0,3525200594544339.5,0.0,5628410692894720.0,2104887640530268.0,0.02495203545529007,408.7175084965275,0.05872500531957918,408.80118553730244
attention,llama_3_1_70b,32x512,512,131072,1000,23068672,23068672,23068672,720896,720896,0.5,87960930222080.0,1.44081120395264e+18,56822417326080.0,144783347548160.0,201605764874240.0,1.4411007706477363e+18,3525126774793939.5,1407471352545280.0,3525126774793939.5,0.0,5628400123248640.0,2104887640530268.0,0.024952557976364333,408.7260674580596,0.057191067939967866,408.80821108397595
attention,llama_3_1_70b,32x512,512,131072,1000,25165824,25165824,25165824,786432,786432,0.5,87960930222080.0,1.44081120395264e+18,54116587929600.0,142077518151680.0,196194106081280.0,1.4410953589889434e+18,3525158987048659.5,1407471352545280.0,3525158987048659.5,0.0,5628389553602560.0,2104887640530268.0,0.0249523299644771,408.7223325943999,0.05565539222545478,408.80294031658985
attention,llama_3_1_70b,32x512,512,131072,1000,27262976,27262976,27262976,851968,851968,0.5,87960930222080.0,1.44081120395264e+18,51410758533120.0,139371688755200.0,190782447288320.0,1.4410899473301504e+18,3525189857126099.5,1407471352545280.0,3525189857126099.5,0.0,5628378983956480.0,2104887640530268.0,0.024952111456995364,408.7187534141089,0.05411976518162764,408.7978252907475
attention,llama_3_1_70b,32x512,512,131072,1000,29360128,29360128,29360128,917504,917504,0.5,87960930222080.0,1.44081120395264e+18,48704929136640.0,136665859358720.0,185370788495360.0,1.4410845356713574e+18,3525228780267219.5,1407471352545280.0,3525228780267219.5,0.0,5628368414310400.0,2104887640530268.0,0.024951835953016466,408.7142406239585,0.05258404490879837,408.7917765048203
attention,llama_3_1_70b,32x512,512,131072,1000,31457280,31457280,31457280,983040,983040,0.5,87960930222080.0,1.44081120395264e+18,45999099740160.0,133960029962240.0,179959129702400.0,1.4410791240125645e+18,3525257637078739.5,1407471352545280.0,3525257637078739.5,0.0,5628357844664320.0,2104887640530268.0,0.024951631703993758,408.71089499903644,0.05104850431627629,408.7868951350567
attention,llama_3_1_70b,32x512,512,131072,1000,33554432,33554432,33554432,1048576,1048576,0.5,87960930222080.0,1.44081120395264e+18,43293270343680.0,131254200565760.0,174547470909440.0,1.4410737123537715e+18,3525113353021139.5,1407471352545280.0,3525113353021139.5,0.0,5628347275018240.0,2104887640530268.0,0.02495265298254723,408.72762367139677,0.04951542076224216,408.8020917451416
attention,llama_3_1_70b,32x512,512,131072,1000,35651584,35651584,35651584,1114112,1114112,0.5,87960930222080.0,1.44081120395264e+18,40587440947200.0,128548371169280.0,169135812116480.0,1.4410683006949786e+18,3525140196566739.5,1407471352545280.0,3525140196566739.5,0.0,5628336705372160.0,2104887640530268.0,0.024952462970904903,408.72451125657295,0.047979882411827886,408.79744360195565
attention,llama_3_1_70b,32x512,512,131072,1000,37748736,37748736,37748736,1179648,1179648,0.5,87960930222080.0,1.44081120395264e+18,37881611550720.0,125842541772800.0,163724153323520.0,1.4410628890361856e+18,3525167040112339.5,1407471352545280.0,3525167040112339.5,0.0,5628326135726080.0,2104887640530268.0,0.02495227296215639,408.72139888915007,0.04644436744713875,408.7927955295594
attention,llama_3_1_70b,32x512,512,131072,1000,39845888,39845888,39845888,1245184,1245184,0.5,87960930222080.0,1.44081120395264e+18,35175782154240.0,123136712376320.0,158312494530560.0,1.4410574773773926e+18,3525181132973779.5,1407471352545280.0,3525181132973779.5,0.0,5628315566080000.0,2104887640530268.0,0.02495217320872183,408.7197649152279,0.044909038304369465,408.78962612674104
attention,llama_3_1_70b,32x512,512,131072,1000,41943040,41943040,41943040,1310720,1310720,0.5,87960930222080.0,1.44081120395264e+18,32469952757760.0,120430882979840.0,152900835737600.0,1.4410520657185997e+18,3525207305430739.5,1407471352545280.0,3525207305430739.5,0.0,5628304996433920.0,2104887640530268.0,0.024951987954459375,408.7167304268903,0.043373572811462584,408.7850559876563
attention,llama_3_1_70b,32x512,512,131072,1000,44040192,44040192,44040192,1376256,1376256,0.5,87960930222080.0,1.44081120395264e+18,29764123361280.0,117725053583360.0,147489176944640.0,1.4410466540598067e+18,3525233477887699.5,1407471352545280.0,3525233477887699.5,0.0,5628294426787840.0,2104887640530268.0,0.024951802702947695,408.71369598361076,0.04183813011812616,408.7804859164318
attention,llama_3_1_70b,32x512,512,131072,1000,46137344,46137344,46137344,1441792,1441792,0.5,87960930222080.0,1.44081120395264e+18,27058293964800.0,115019224186880.0,142077518151680.0,1.4410412424010138e+18,3525244886394579.5,1407471352545280.0,3525244886394579.5,0.0,5628283857141760.0,2104887640530268.0,0.0249517219531496,408.71237329166655,0.040302879014169374,408.77762789263386
attention,llama_3_1_70b,32x512,512,131072,1000,48234496,48234496,48234496,1507328,1507328,0.5,87960930222080.0,1.44081120395264e+18,24352464568320.0,112313394790400.0,136665859358720.0,1.4410358307422208e+18,3525270387762899.5,1407471352545280.0,3525270387762899.5,0.0,5628273287495680.0,2104887640530268.0,0.024951541455490767,408.7094167171001,0.03876748286688068,408.7731357414225
attention,llama_3_1_70b,32x512,512,131072,1000,50331648,50331648,50331648,1572864,1572864,0.5,87960930222080.0,1.44081120395264e+18,21646635171840.0,109607565393920.0,131254200565760.0,1.4410304190834278e+18,3525295889131219.5,1407471352545280.0,3525295889131219.5,0.0,5628262717849600.0,2104887640530268.0,0.02495136096044331,408.70646018530834,0.037232108933161506,408.76864365520197
attention,llama_3_1_70b,32x512,512,131072,1000,52428800,52428800,52428800,1638400,1638400,0.5,87960930222080.0,1.44081120395264e+18,18940805775360.0,106901735997440.0,125842541772800.0,1.441025007424635e+18,3525321390499539.5,1407471352545280.0,3525321390499539.5,0.0,5628252148203520.0,2104887640530268.0,0.024951180468007175,408.70350369629034,0.035696757212529795,408.76415163397087
attention,llama_3_1_70b,32x512,512,131072,1000,54525952,54525952,54525952,1703936,1703936,0.5,87960930222080.0,1.44081120395264e+18,16234976378880.0,104195906600960.0,120430882979840.0,1.441019595765842e+18,3525329443563219.5,1407471352545280.0,3525329443563219.5,0.0,5628241578557440.0,2104887640530268.0,0.02495112347093827,408.70257007706573,0.03416159678345259,408.76168279732013
attention,llama_3_1_70b,32x512,512,131072,1000,56623104,56623104,56623104,1769472,1769472,0.5,87960930222080.0,1.44081120395264e+18,13529146982400.0,101490077204480.0,115019224186880.0,1.441014184107049e+18,3525354273842899.5,1407471352545280.0,3525354273842899.5,0.0,5628231008911360.0,2104887640530268.0,0.024950947731615075,408.69969144464113,0.03262628809827401,408.757268680471
attention,llama_3_1_70b,32x512,512,131072,1000,58720256,58720256,58720256,1835008,1835008,0.5,87960930222080.0,1.44081120395264e+18,10823317585920.0,98784247808000.0,109607565393920.0,1.441008772448256e+18,3525379104122579.5,1407471352545280.0,3525379104122579.5,0.0,5628220439265280.0,2104887640530268.0,0.024950771994767446,408.69681285276664,0.031091001040354744,408.7528546258018
attention,llama_3_1_70b,32x512,512,131072,1000,60817408,60817408,60817408,1900544,1900544,0.5,87960930222080.0,1.44081120395264e+18,8117488189440.0,96078418411520.0,104195906600960.0,1.441003360789463e+18,3525403934402259.5,1407471352545280.0,3525403934402259.5,0.0,5628209869619200.0,2104887640530268.0,0.02495059626039533,408.6939343014414,0.029555735609237827,408.748440633311
attention,llama_3_1_70b,32x512,512,131072,1000,62914560,62914560,62914560,1966080,1966080,0.5,87960930222080.0,1.44081120395264e+18,5411658792960.0,93372589015040.0,98784247808000.0,1.44099794913067e+18,3525428764681939.5,1407471352545280.0,3525428764681939.5,0.0,5628199299973120.0,2104887640530268.0,0.02495042052849868,408.6910557906645,0.02802049180446629,408.7440267029975
attention,llama_3_1_70b,32x512,512,131072,1000,65011712,65011712,65011712,2031616,2031616,0.5,87960930222080.0,1.44081120395264e+18,2705829396480.0,90666759618560.0,93372589015040.0,1.440992537471877e+18,3525453594961619.5,1407471352545280.0,3525453594961619.5,0.0,5628188730327040.0,2104887640530268.0,0.024950244799077436,408.68817732043516,0.026485269625583178,408.7396128348599
attention,llama_3_1_70b,32x512,512,131072,1000,67108864,67108864,67108864,2097152,2097152,0.5,87960930222080.0,1.44081120395264e+18,0.0,87960930222080.0,87960930222080.0,1.4409871258130842e+18,3525113353021139.5,1407471352545280.0,3525113353021139.5,0.0,5628178160680960.0,2104887640530268.0,0.02495265298254723,408.72762367139677,0.02495265298254723,408.77752897736195
attention,llama_3_1_70b,32x512,512,131072,1000,69206016,69206016,69206016,2162688,2162688,0.5,87960930222080.0,1.44081120395264e+18,0.0,87960930222080.0,87960930222080.0,1.4409871258130842e+18,3525116037375699.5,1407471352545280.0,3525116037375699.5,0.0,5628178160680960.0,2104887640530268.0,0.024952633981252772,408.7273124277813,0.024952633981252772,408.7772176957438
attention,llama_3_1_70b,32x512,512,131072,1000,71303168,71303168,71303168,2228224,2228224,0.5,87960930222080.0,1.44081120395264e+18,0.0,87960930222080.0,87960930222080.0,1.4409871258130842e+18,3525118721730259.5,1407471352545280.0,3525118721730259.5,0.0,5628178160680960.0,2104887640530268.0,0.024952614979987253,408.72700118463985,0.024952614979987253,408.77690641459986
attention,llama_3_1_70b,32x512,512,131072,1000,73400320,73400320,73400320,2293760,2293760,0.5,87960930222080.0,1.44081120395264e+18,0.0,87960930222080.0,87960930222080.0,1.4409871258130842e+18,3525121406084819.5,1407471352545280.0,3525121406084819.5,0.0,5628178160680960.0,2104887640530268.0,0.024952595978750675,408.72668994197244,0.024952595978750675,408.77659513392996
attention,llama_3_1_70b,32x512,512,131072,1000,75497472,75497472,75497472,2359296,2359296,0.5,87960930222080.0,1.44081120395264e+18,0.0,87960930222080.0,87960930222080.0,1.4409871258130842e+18,3525124090439379.5,1407471352545280.0,3525124090439379.5,0.0,5628178160680960.0,2104887640530268.0,0.024952576977543037,408.72637869977905,0.024952576977543037,408.7762838537341
attention,llama_3_1_70b,32x512,512,131072,1000,77594624,77594624,77594624,2424832,2424832,0.5,87960930222080.0,1.44081120395264e+18,0.0,87960930222080.0,87960930222080.0,1.4409871258130842e+18,3525126774793939.5,1407471352545280.0,3525126774793939.5,0.0,5628178160680960.0,2104887640530268.0,0.024952557976364333,408.7260674580596,0.024952557976364333,408.77597257401237
attention,llama_3_1_70b,32x512,512,131072,1000,79691776,79691776,79691776,2490368,2490368,0.5,87960930222080.0,1.44081120395264e+18,0.0,87960930222080.0,87960930222080.0,1.4409871258130842e+18,3525129459148499.5,1407471352545280.0,3525129459148499.5,0.0,5628178160680960.0,2104887640530268.0,0.024952538975214572,408.72575621681426,0.024952538975214572,408.7756612947647
attention,llama_3_1_70b,32x512,512,131072,1000,81788928,81788928,81788928,2555904,2555904,0.5,87960930222080.0,1.44081120395264e+18,0.0,87960930222080.0,87960930222080.0,1.4409871258130842e+18,3525132143503059.5,1407471352545280.0,3525132143503059.5,0.0,5628178160680960.0,2104887640530268.0,0.024952519974093746,408.7254449760429,0.024952519974093746,408.7753500159911
attention,llama_3_1_70b,32x512,512,131072,1000,83886080,83886080,83886080,2621440,2621440,0.5,87960930222080.0,1.44081120395264e+18,0.0,87960930222080.0,87960930222080.0,1.4409871258130842e+18,3525134827857619.5,1407471352545280.0,3525134827857619.5,0.0,5628178160680960.0,2104887640530268.0,0.02495250097300186,408.72513373574554,0.02495250097300186,408.7750387376916
proj/ffn,llama_3_1_70b,32x512,512,131072,1000,10485760,10485760,10485760,327680,327680,0.5,1173693011591168.0,1.7949058257911808e+16,2.7416672498417664e+17,2.7508553874787533e+17,5.49252263732052e+17,5.6837501500155494e+17,284689241243648.0,284687612248064.0,284689241243648.0,0.0,1074552885733888.0,789863644490240.0,4.122716427441937,63.04789805017715,1929.304603618585,1996.475218096204
proj/ffn,llama_3_1_70b,32x512,512,131072,1000,12582912,12582912,12582912,393216,393216,0.5,1166082287599616.0,1.794669519962112e+16,2.7088156896395264e+17,2.7180038272765133e+17,5.42681951691604e+17,5.617947291788247e+17,284689784242176.0,284687612248064.0,284689784242176.0,0.0,1061720245029888.0,777030460787712.0,4.095975170670926,63.0394773293111,1906.222076553203,1973.3575290531849
proj/ffn,llama_3_1_70b,32x512,512,131072,1000,14680064,14680064,14680064,458752,458752,0.5,1001558301999104.0,1.794502708494336e+16,2.6759641294372864e+17,2.6851522670742733e+17,5.36111639651156e+17,5.550582250380984e+17,284690327240704.0,284687612248064.0,284690327240704.0,0.0,1048887604325888.0,766829118959104.0,3.5180622808877255,63.033497691584536,1883.1396375398338,1949.6911975123062
proj/ffn,llama_3_1_70b,32x512,512,131072,1000,16777216,16777216,16777216,524288,524288,0.5,997752940003328.0,1.7943637565374464e+16,2.6431125692350464e+17,2.6523007068720333e+17,5.29541327610708e+17,5.4848271811608576e+17,284687612248064.0,284687612248064.0,284687612248064.0,0.0,1037323321151488.0,756694452998144.0,3.5047290330775995,63.02921796870874,1860.078573244309,1926.6125202460953
proj/ffn,llama_3_1_70b,32x512,512,131072,1000,18874368,18874368,18874368,589824,589824,0.5,993981401137152.0,1.7942664541372416e+16,2.6171608739938304e+17,2.6263490116308173e+17,5.243509885624648e+17,5.4328763450497434e+17,284691413237760.0,284687612248064.0,284691413237760.0,0.0,1027185940197888.0,746553271054848.0,3.491434426605022,63.02495862910906,1841.8222825869113,1908.3386756426253
proj/ffn,llama_3_1_70b,32x512,512,131072,1000,20971520,20971520,20971520,655360,655360,0.5,991174081380352.0,1.7941969083039744e+16,2.5912091787526144e+17,2.6003973163896013e+17,5.191606495142216e+17,5.3809379267864166e+17,284691956236288.0,284687612248064.0,284691956236288.0,0.0,1017048559244288.0,736415347102720.0,3.481566864353904,63.022395575336546,1823.5873481558071,1890.0913105954976
proj/ffn,llama_3_1_70b,32x512,512,131072,1000,23068672,23068672,23068672,720896,720896,0.5,987453277208576.0,1.7941274360020992e+16,2.5652574835113984e+17,2.5744456211483853e+17,5.139703104659784e+17,5.3289903810320794e+17,284689241243648.0,284687612248064.0,284689241243648.0,0.0,1006911178290688.0,726280681141760.0,3.4685303627736164,63.02055631482807,1805.3731437855877,1871.8622304631895
proj/ffn,llama_3_1_70b,32x512,512,131072,1000,25165824,25165824,25165824,786432,786432,0.5,984662869016576.0,1.794071849336832e+16,2.5393057882701824e+17,2.5484939259071693e+17,5.087799714177352e+17,5.2770535278012006e+17,284689784242176.0,284687612248064.0,284689784242176.0,0.0,996773797337088.0,716142757189632.0,3.4587221724083945,63.018483578977865,1787.1381397547207,1853.615345506107
proj/ffn,llama_3_1_70b,32x512,512,131072,1000,27262976,27262976,27262976,851968,851968,0.5,980992799539200.0,1.7940301262487552e+16,2.5133540930289664e+17,2.5225422306659533e+17,5.03589632369492e+17,5.225109264315187e+17,284693585231872.0,284687612248064.0,284693585231872.0,0.0,986636416383488.0,706001575246336.0,3.4457846977487008,63.0161766654344,1768.8829622182657,1835.3449235814487
proj/ffn,llama_3_1_70b,32x512,512,131072,1000,29360128,29360128,29360128,917504,917504,0.5,840179347619840.0,1.7939884472795136e+16,2.4874023977877504e+17,2.4965905354247373e+17,4.983992933212488e+17,5.1717935714166374e+17,284694128230400.0,284687612248064.0,284694128230400.0,0.0,976499035429888.0,695863651294208.0,2.951165002391239,63.014592483188046,1750.648306023015,1816.6140635085944
proj/ffn,llama_3_1_70b,32x512,512,131072,1000,31457280,31457280,31457280,983040,983040,0.5,840111701360640.0,1.7939606024749056e+16,2.4614507025465344e+17,2.4706388401835213e+17,4.932089542730056e+17,5.1198867199911526e+17,284694671228928.0,284687612248064.0,284694671228928.0,0.0,966361654476288.0,685725727342080.0,2.950921763776503,63.01349423686087,1732.4137193857327,1798.37813538637
proj/ffn,llama_3_1_70b,32x512,512,131072,1000,33554432,33554432,33554432,1048576,1048576,0.5,839215128510464.0,1.7939190043901952e+16,2.4354990073053184e+17,2.4446871449423053e+17,4.880186152247624e+17,5.067970203971748e+17,284687612248064.0,284687612248064.0,284687612248064.0,0.0,956224273522688.0,675595405369344.0,2.947845611839301,63.013595506468846,1714.224975829032,1780.1864169473401
proj/ffn,llama_3_1_70b,32x512,512,131072,1000,35651584,35651584,35651584,1114112,1114112,0.5,839164393816064.0,1.79390500110336e+16,2.4095473120641024e+17,2.4187354497010893e+17,4.828282761765192e+17,5.016064905813688e+17,284688698245120.0,284687612248064.0,284688698245120.0,0.0,946086892569088.0,665456938418688.0,2.9476561556143492,63.01286324892282,1695.9868064758891,1761.9473258804264
proj/ffn,llama_3_1_70b,32x512,512,131072,1000,37748736,37748736,37748736,1179648,1179648,0.5,839113659121664.0,1.7938772445364224e+16,2.3835956168228864e+17,2.3927837544598733e+17,4.77637937128276e+17,4.9641582323276186e+17,284696300224512.0,284687612248064.0,284696300224512.0,0.0,935949511615488.0,655311955485696.0,2.9473992407345566,63.01020572173814,1677.7103768177174,1743.6679817801898
proj/ffn,llama_3_1_70b,32x512,512,131072,1000,39845888,39845888,39845888,1245184,1245184,0.5,839062924427264.0,1.7938495173820416e+16,2.3576439215816704e+17,2.3668320592186573e+17,4.724475980800328e+17,4.9122515617828045e+17,284696300224512.0,284687612248064.0,284696300224512.0,0.0,925812130661888.0,645174574532096.0,2.9472210343639085,63.00923180130577,1659.4792335111476,1725.4356863468174
proj/ffn,llama_3_1_70b,32x512,512,131072,1000,41943040,41943040,41943040,1310720,1310720,0.5,839012189732864.0,1.79383557292032e+16,2.3316922263404544e+17,2.3408803639774413e+17,4.672572590317896e+17,4.860346269507256e+17,284691956236288.0,284687612248064.0,284691956236288.0,0.0,915674749708288.0,635041537566720.0,2.947087795611979,63.00970342244149,1641.273133280859,1707.2299244989124
proj/ffn,llama_3_1_70b,32x512,512,131072,1000,44040192,44040192,44040192,1376256,1376256,0.5,838217086271488.0,1.7938216431648768e+16,2.3057405310992384e+17,2.3149286687362253e+17,4.620669199835464e+17,4.808433535014666e+17,284697929220096.0,284687612248064.0,284697929220096.0,0.0,905537368754688.0,624898183629312.0,2.9442331687051864,63.00789219222239,1623.0076602570894,1688.959785618017
proj/ffn,llama_3_1_70b,32x512,512,131072,1000,46137344,46137344,46137344,1441792,1441792,0.5,838183263141888.0,1.793807728115712e+16,2.2797888358580224e+17,2.2889769734950093e+17,4.568765809353032e+17,4.756528414796022e+17,284695214227456.0,284687612248064.0,284695214227456.0,0.0,895399987801088.0,614763517668352.0,2.944142441650688,63.008004296221046,1604.7919251999915,1670.7440719378633
proj/ffn,llama_3_1_70b,32x512,512,131072,1000,48234496,48234496,48234496,1507328,1507328,0.5,838149440012288.0,1.7937938277728256e+16,2.2538371406168064e+17,2.2630252782537933e+17,4.5168624188706e+17,4.704623296048005e+17,284697929220096.0,284687612248064.0,284697929220096.0,0.0,885262606847488.0,604623421722112.0,2.943995561570546,63.00691517801904,1586.5455822752672,1652.4964930148567
proj/ffn,llama_3_1_70b,32x512,512,131072,1000,50331648,50331648,50331648,1572864,1572864,0.5,838115616882688.0,1.7937799421362176e+16,2.2278854453755904e+17,2.2370735830125773e+17,4.464959028388168e+17,4.652718178770616e+17,284696300224512.0,284687612248064.0,284696300224512.0,0.0,875125225893888.0,594487669764096.0,2.9438936024871016,63.006787960420965,1568.3235169783006,1634.2741985412085
proj/ffn,llama_3_1_70b,32x512,512,131072,1000,52428800,52428800,52428800,1638400,1638400,0.5,838081793753088.0,1.793766071205888e+16,2.2019337501343744e+17,2.2111218877713613e+17,4.413055637905736e+17,4.6008130629638554e+17,284691956236288.0,284687612248064.0,284691956236288.0,0.0,864987844940288.0,584354632798720.0,2.9438197159933055,63.00726212710773,1550.1160258433847,1616.0671076864858
proj/ffn,llama_3_1_70b,32x512,512,131072,1000,54525952,54525952,54525952,1703936,1703936,0.5,838047970623488.0,1.7937522149818368e+16,2.1759820548931584e+17,2.1851701925301453e+17,4.361152247423304e+17,4.548907948627722e+17,284700644212736.0,284687612248064.0,284700644212736.0,0.0,854850463986688.0,574208563868672.0,2.943611079423045,63.004852691569496,1531.8378570877182,1597.7863208587107
proj/ffn,llama_3_1_70b,32x512,512,131072,1000,56623104,56623104,56623104,1769472,1769472,0.5,838014147493888.0,1.793738373464064e+16,2.1500303596519424e+17,2.1592184972889293e+17,4.309248856940872e+17,4.497002835762217e+17,284696300224512.0,284687612248064.0,284696300224512.0,0.0,844713083033088.0,564075526903296.0,2.943537189745805,63.005327854612744,1513.6300870585922,1579.5789521029508
proj/ffn,llama_3_1_70b,32x512,512,131072,1000,58720256,58720256,58720256,1835008,1835008,0.5,837980324364288.0,1.7937382411075584e+16,2.1240786644107264e+17,2.1332668020477133e+17,4.25734546645844e+17,4.4450990938128384e+17,284694128230400.0,284687612248064.0,284694128230400.0,0.0,834575702079488.0,553940317943808.0,2.943440841484863,63.00580388703714,1495.4103524794211,1561.3595972079431
proj/ffn,llama_3_1_70b,32x512,512,131072,1000,60817408,60817408,60817408,1900544,1900544,0.5,837946501234688.0,1.7937244216492032e+16,2.0981269691695104e+17,2.1073151068064973e+17,4.205442075976008e+17,4.393193983153275e+17,284695757225984.0,284687612248064.0,284695757225984.0,0.0,824438321125888.0,543801307994624.0,2.943305194989429,63.00495796378841,1477.1706178388315,1543.1188809976093
proj/ffn,llama_3_1_70b,32x512,512,131072,1000,62914560,62914560,62914560,1966080,1966080,0.5,837912678105088.0,1.7937242966458368e+16,2.0721752739282944e+17,2.0813634115652813e+17,4.153538685493576e+17,4.34129024193921e+17,284702816206848.0,284687612248064.0,284702816206848.0,0.0,814300940172288.0,533656868060160.0,2.9431134165399713,63.003391415089624,1458.903266512075,1524.8497713437048
proj/ffn,llama_3_1_70b,32x512,512,131072,1000,65011712,65011712,65011712,2031616,2031616,0.5,837878854975488.0,1.7937104992468992e+16,2.0462235786870784e+17,2.0554117163240653e+17,4.101635295011144e+17,4.2893851334855885e+17,284700101214208.0,284687612248064.0,284700101214208.0,0.0,804163559218688.0,523522202099200.0,2.943022680364518,63.003507606669714,1440.6862791822748,1506.632809469309
proj/ffn,llama_3_1_70b,32x512,512,131072,1000,67108864,67108864,67108864,2097152,2097152,0.5,837286690291712.0,1.79369671655424e+16,2.0202718834458624e+17,2.0294600210828493e+17,4.049731904528712e+17,4.237474443087053e+17,284687612248064.0,284687612248064.0,284687612248064.0,0.0,794026178265088.0,513397310111744.0,2.9410717371226465,63.00578737480481,1422.517780998478,1488.4646401104055
proj/ffn,llama_3_1_70b,32x512,512,131072,1000,69206016,69206016,69206016,2162688,2162688,0.5,837269778726912.0,1.793696606257152e+16,1.9943201882046464e+17,2.0035083258416333e+17,3.99782851404628e+17,4.185570872459264e+17,284701187211264.0,284687612248064.0,284701187211264.0,0.0,783888797311488.0,503246354194944.0,2.9408721014767374,63.00277929386119,1404.2191229359612,1470.162774331299
proj/ffn,llama_3_1_70b,32x512,512,131072,1000,71303168,71303168,71303168,2228224,2228224,0.5,837252867162112.0,1.793696495960064e+16,1.9683684929634304e+17,1.9775566306004173e+17,3.945925123563848e+17,4.133667301831475e+17,284688698245120.0,284687612248064.0,284688698245120.0,0.0,773751416357888.0,493121462207488.0,2.9409417104476283,63.00553927910662,1386.049094286969,1451.9955752765231
proj/ffn,llama_3_1_70b,32x512,512,131072,1000,73400320,73400320,73400320,2293760,2293760,0.5,837235955597312.0,1.7936827426799616e+16,1.9424167977222144e+17,1.9516049353592013e+17,3.894021733081416e+17,4.081762366905385e+17,284705531199488.0,284687612248064.0,284705531199488.0,0.0,763614035404288.0,482967248299520.0,2.9407084297588724,63.001331063819784,1367.7365932005534,1433.6786326941321
proj/ffn,llama_3_1_70b,32x512,512,131072,1000,75497472,75497472,75497472,2359296,2359296,0.5,837219044032512.0,1.7936826397360128e+16,1.9164651024809984e+17,1.9256532401179853e+17,3.842118342598984e+17,4.02985879701291e+17,284696300224512.0,284687612248064.0,284696300224512.0,0.0,753476654450688.0,472839098320896.0,2.940744376980943,63.0033701991038,1349.549797299467,1415.4939118755517
proj/ffn,llama_3_1_70b,32x512,512,131072,1000,77594624,77594624,77594624,2424832,2424832,0.5,837202132467712.0,1.793668908515328e+16,1.8905134072397824e+17,1.8997015448767693e+17,3.790214952116552e+17,3.9779538642927616e+17,284699558215680.0,284687612248064.0,284699558215680.0,0.0,743339273497088.0,462698459376128.0,2.9406513228006923,63.0021669073507,1331.3034188993004,1397.2462371294516
proj/ffn,llama_3_1_70b,32x512,512,131072,1000,79691776,79691776,79691776,2490368,2490368,0.5,837185220902912.0,1.7936688129245184e+16,1.8645617119985664e+17,1.8737498496355533e+17,3.73831156163412e+17,3.9260502951356006e+17,284696300224512.0,284687612248064.0,284696300224512.0,0.0,733201892543488.0,452564336413696.0,2.9406255727338437,63.00288453028817,1313.0875106863282,1379.0310207893501
proj/ffn,llama_3_1_70b,32x512,512,131072,1000,81788928,81788928,81788928,2555904,2555904,0.5,837168309338112.0,1.7936687173337088e+16,1.8386100167573504e+17,1.8477981543943373e+17,3.686408171151688e+17,3.87414672597844e+17,284707703193600.0,284687612248064.0,284707703193600.0,0.0,723064511589888.0,442415552491008.0,2.940448396539665,63.000357813080385,1294.804506446721,1360.745312656341
proj/ffn,llama_3_1_70b,32x512,512,131072,1000,83886080,83886080,83886080,2621440,2621440,0.5,837151397773312.0,1.7936550155255808e+16,1.8126583215161344e+17,1.8218464591531213e+17,3.634504780669256e+17,3.822241796199547e+17,284691956236288.0,284687612248064.0,284691956236288.0,0.0,712927130636288.0,432293918494720.0,2.9405516363746327,63.00336122025474,1276.6447035309623,1342.5886163875916
attention,llama_3_1_8b,32x512,512,131072,1000,10485760,10485760,10485760,327680,327680,0.5,17592186044416.0,5.76324481581056e+17,11905649344512.0,29497835388928.0,41403484733440.0,5.7638347725183386e+17,1409976890167175.8,562902641672192.0,1409976890167175.8,0.0,2251315623231488.0,841955056212107.2,0.012476932187399299,408.74746643026424,0.029364654855109678,408.7893080173067
attention,llama_3_1_8b,32x512,512,131072,1000,12582912,12582912,12582912,393216,393216,0.5,17592186044416.0,5.76324481581056e+17,10823317585920.0,28415503630336.0,39238821216256.0,5.763813125883167e+17,1409968568668039.8,562902641672192.0,1409968568668039.8,0.0,2251311395373056.0,841955056212107.2,0.012477005825055287,408.7498788185715,0.02782957158635379,408.7901853959829
attention,llama_3_1_8b,32x512,512,131072,1000,14680064,14680064,14680064,458752,458752,0.5,17592186044416.0,5.76324481581056e+17,9740985827328.0,27333171871744.0,37074157699072.0,5.763791479247995e+17,1409982527311751.8,562902641672192.0,1409982527311751.8,0.0,2251307167514624.0,841955056212107.2,0.012476882304319724,408.7458322479117,0.026294054699923793,408.784603184916
attention,llama_3_1_8b,32x512,512,131072,1000,16777216,16777216,16777216,524288,524288,0.5,17592186044416.0,5.76324481581056e+17,8658654068736.0,26250840113152.0,34909494181888.0,5.763769832612823e+17,1409959441862535.8,562902641672192.0,1409959441862535.8,0.0,2251302939656192.0,841955056212107.2,0.01247708658993551,408.75252469655425,0.024759218701903275,408.7897610018461
attention,llama_3_1_8b,32x512,512,131072,1000,18874368,18874368,18874368,589824,589824,0.5,17592186044416.0,5.76324481581056e+17,7576322310144.0,25168508354560.0,32744830664704.0,5.763748185977651e+17,1409970179280775.8,562902641672192.0,1409970179280775.8,0.0,2251298711797760.0,841955056212107.2,0.012476991572537906,408.7494119024833,0.02322377532935278,408.7851126693851
attention,llama_3_1_8b,32x512,512,131072,1000,20971520,20971520,20971520,655360,655360,0.5,17592186044416.0,5.76324481581056e+17,6493990551552.0,24086176595968.0,30580167147520.0,5.7637265393424794e+17,1409978232344455.8,562902641672192.0,1409978232344455.8,0.0,2251294483939328.0,841955056212107.2,0.012476920310439411,408.74707733804274,0.02168839663338101,408.7812426549865
attention,llama_3_1_8b,32x512,512,131072,1000,23068672,23068672,23068672,720896,720896,0.5,17592186044416.0,5.76324481581056e+17,5411658792960.0,23003844837376.0,28415503630336.0,5.7637048927073075e+17,1409985748537223.8,562902641672192.0,1409985748537223.8,0.0,2251290256080896.0,841955056212107.2,0.01247685379988191,408.74489843529153,0.020153043149418633,408.77752833224076
attention,llama_3_1_8b,32x512,512,131072,1000,25165824,25165824,25165824,786432,786432,0.5,17592186044416.0,5.76324481581056e+17,4329327034368.0,21921513078784.0,26250840113152.0,5.763683246072136e+17,1409995949084551.8,562902641672192.0,1409995949084551.8,0.0,2251286028222464.0,841955056212107.2,0.012476763536688052,408.74194139014236,0.018617670589901703,408.7730358242689
attention,llama_3_1_8b,32x512,512,131072,1000,27262976,27262976,27262976,851968,851968,0.5,17592186044416.0,5.76324481581056e+17,3246995275776.0,20839181320192.0,24086176595968.0,5.763661599436964e+17,1410002659970951.8,562902641672192.0,1410002659970951.8,0.0,2251281800364032.0,841955056212107.2,0.012476704153720125,408.7399959890353,0.01708236252296447,408.76955505571203
attention,llama_3_1_8b,32x512,512,131072,1000,29360128,29360128,29360128,917504,917504,0.5,17592186044416.0,5.76324481581056e+17,2164663517184.0,19756849561600.0,21921513078784.0,5.763639952801792e+17,1410012592082823.8,562902641672192.0,1410012592082823.8,0.0,2251277572505600.0,841955056212107.2,0.012476616267964959,408.73711682938136,0.015547033552659462,408.765140479202
attention,llama_3_1_8b,32x512,512,131072,1000,31457280,31457280,31457280,983040,983040,0.5,17592186044416.0,5.76324481581056e+17,1082331758592.0,18674517803008.0,19756849561600.0,5.76361830616662e+17,1410022524194695.8,562902641672192.0,1410022524194695.8,0.0,2251273344647168.0,841955056212107.2,0.012476528383447916,408.73423771028865,0.014011726211879986,408.760725964884
attention,llama_3_1_8b,32x512,512,131072,1000,33554432,33554432,33554432,1048576,1048576,0.5,17592186044416.0,5.76324481581056e+17,0.0,17592186044416.0,17592186044416.0,5.763596659531448e+17,1409959441862535.8,562902641672192.0,1409959441862535.8,0.0,2251269116788736.0,841955056212107.2,0.01247708658993551,408.75252469655425,0.01247708658993551,408.7774788697341
attention,llama_3_1_8b,32x512,512,131072,1000,35651584,35651584,35651584,1114112,1114112,0.5,17592186044416.0,5.76324481581056e+17,0.0,17592186044416.0,17592186044416.0,5.763596659531448e+17,1409960515604359.8,562902641672192.0,1409960515604359.8,0.0,2251269116788736.0,841955056212107.2,0.012477077088130626,408.75221341501367,0.012477077088130626,408.77716756918994
attention,llama_3_1_8b,32x512,512,131072,1000,37748736,37748736,37748736,1179648,1179648,0.5,17592186044416.0,5.76324481581056e+17,0.0,17592186044416.0,17592186044416.0,5.763596659531448e+17,1409961589346183.8,562902641672192.0,1409961589346183.8,0.0,2251269116788736.0,841955056212107.2,0.012477067586340214,408.7519021339473,0.012477067586340214,408.77685626911995
attention,llama_3_1_8b,32x512,512,131072,1000,39845888,39845888,39845888,1245184,1245184,0.5,17592186044416.0,5.76324481581056e+17,0.0,17592186044416.0,17592186044416.0,5.763596659531448e+17,1409962663088007.8,562902641672192.0,1409962663088007.8,0.0,2251269116788736.0,841955056212107.2,0.012477058084564271,408.75159085335486,0.012477058084564271,408.77654496952397
attention,llama_3_1_8b,32x512,512,131072,1000,41943040,41943040,41943040,1310720,1310720,0.5,17592186044416.0,5.76324481581056e+17,0.0,17592186044416.0,17592186044416.0,5.763596659531448e+17,1409963736829831.8,562902641672192.0,1409963736829831.8,0.0,2251269116788736.0,841955056212107.2,0.012477048582802805,408.7512795732366,0.012477048582802805,408.77623367040223
attention,llama_3_1_8b,32x512,512,131072,1000,44040192,44040192,44040192,1376256,1376256,0.5,17592186044416.0,5.76324481581056e+17,0.0,17592186044416.0,17592186044416.0,5.763596659531448e+17,1409964810571655.8,562902641672192.0,1409964810571655.8,0.0,2251269116788736.0,841955056212107.2,0.012477039081055808,408.75096829359245,0.012477039081055808,408.7759223717546
attention,llama_3_1_8b,32x512,512,131072,1000,46137344,46137344,46137344,1441792,1441792,0.5,17592186044416.0,5.76324481581056e+17,0.0,17592186044416.0,17592186044416.0,5.763596659531448e+17,1409959978733447.8,562902641672192.0,1409959978733447.8,0.0,2251269116788736.0,841955056212107.2,0.012477081839031257,408.75236905572467,0.012477081839031257,408.7773232194028
attention,llama_3_1_8b,32x512,512,131072,1000,48234496,48234496,48234496,1507328,1507328,0.5,17592186044416.0,5.76324481581056e+17,0.0,17592186044416.0,17592186044416.0,5.763596659531448e+17,1409960784039815.8,562902641672192.0,1409960784039815.8,0.0,2251269116788736.0,841955056212107.2,0.012477074712681667,408.7521355947026,0.012477074712681667,408.77708974412803
attention,llama_3_1_8b,32x512,512,131072,1000,50331648,50331648,50331648,1572864,1572864,0.5,17592186044416.0,5.76324481581056e+17,0.0,17592186044416.0,17592186044416.0,5.763596659531448e+17,1409961589346183.8,562902641672192.0,1409961589346183.8,0.0,2251269116788736.0,841955056212107.2,0.012477067586340214,408.7519021339473,0.012477067586340214,408.77685626911995
attention,llama_3_1_8b,32x512,512,131072,1000,52428800,52428800,52428800,1638400,1638400,0.5,17592186044416.0,5.76324481581056e+17,0.0,17592186044416.0,17592186044416.0,5.763596659531448e+17,1409962394652551.8,562902641672192.0,1409962394652551.8,0.0,2251269116788736.0,841955056212107.2,0.012477060460006902,408.7516686734585,0.012477060460006902,408.77662279437857
attention,llama_3_1_8b,32x512,512,131072,1000,54525952,54525952,54525952,1703936,1703936,0.5,17592186044416.0,5.76324481581056e+17,0.0,17592186044416.0,17592186044416.0,5.763596659531448e+17,1409963199958919.8,562902641672192.0,1409963199958919.8,0.0,2251269116788736.0,841955056212107.2,0.01247705333368173,408.7514352132365,0.01247705333368173,408.77638931990384
attention,llama_3_1_8b,32x512,512,131072,1000,56623104,56623104,56623104,1769472,1769472,0.5,17592186044416.0,5.76324481581056e+17,0.0,17592186044416.0,17592186044416.0,5.763596659531448e+17,1409964005265287.8,562902641672192.0,1409964005265287.8,0.0,2251269116788736.0,841955056212107.2,0.012477046207364699,408.7512017532811,0.012477046207364699,408.7761558456959
attention,llama_3_1_8b,32x512,512,131072,1000,58720256,58720256,58720256,1835008,1835008,0.5,17592186044416.0,5.76324481581056e+17,0.0,17592186044416.0,17592186044416.0,5.763596659531448e+17,1409964810571655.8,562902641672192.0,1409964810571655.8,0.0,2251269116788736.0,841955056212107.2,0.012477039081055808,408.75096829359245,0.012477039081055808,408.7759223717546
attention,llama_3_1_8b,32x512,512,131072,1000,60817408,60817408,60817408,1900544,1900544,0.5,17592186044416.0,5.76324481581056e+17,0.0,17592186044416.0,17592186044416.0,5.763596659531448e+17,1409965615878023.8,562902641672192.0,1409965615878023.8,0.0,2251269116788736.0,841955056212107.2,0.012477031954755061,408.75073483417054,0.012477031954755061,408.77568889808003
attention,llama_3_1_8b,32x512,512,131072,1000,62914560,62914560,62914560,1966080,1966080,0.5,17592186044416.0,5.76324481581056e+17,0.0,17592186044416.0,17592186044416.0,5.763596659531448e+17,1409966421184391.8,562902641672192.0,1409966421184391.8,0.0,2251269116788736.0,841955056212107.2,0.01247702482846245,408.7505013750152,0.01247702482846245,408.77545542467215
attention,llama_3_1_8b,32x512,512,131072,1000,65011712,65011712,65011712,2031616,2031616,0.5,17592186044416.0,5.76324481581056e+17,0.0,17592186044416.0,17592186044416.0,5.763596659531448e+17,1409967226490759.8,562902641672192.0,1409967226490759.8,0.0,2251269116788736.0,841955056212107.2,0.01247701770217798,408.7502679161266,0.01247701770217798,408.77522195153097
attention,llama_3_1_8b,32x512,512,131072,1000,67108864,67108864,67108864,2097152,2097152,0.5,17592186044416.0,5.76324481581056e+17,0.0,17592186044416.0,17592186044416.0,5.763596659531448e+17,1409959441862535.8,562902641672192.0,1409959441862535.8,0.0,2251269116788736.0,841955056212107.2,0.01247708658993551,408.75252469655425,0.01247708658993551,408.7774788697341
attention,llama_3_1_8b,32x512,512,131072,1000,69206016,69206016,69206016,2162688,2162688,0.5,17592186044416.0,5.76324481581056e+17,0.0,17592186044416.0,17592186044416.0,5.763596659531448e+17,1409959978733447.8,562902641672192.0,1409959978733447.8,0.0,2251269116788736.0,841955056212107.2,0.012477081839031257,408.75236905572467,0.012477081839031257,408.7773232194028
attention,llama_3_1_8b,32x512,512,131072,1000,71303168,71303168,71303168,2228224,2228224,0.5,17592186044416.0,5.76324481581056e+17,0.0,17592186044416.0,17592186044416.0,5.763596659531448e+17,1409960515604359.8,562902641672192.0,1409960515604359.8,0.0,2251269116788736.0,841955056212107.2,0.012477077088130626,408.75221341501367,0.012477077088130626,408.77716756918994
attention,llama_3_1_8b,32x512,512,131072,1000,73400320,73400320,73400320,2293760,2293760,0.5,17592186044416.0,5.76324481581056e+17,0.0,17592186044416.0,17592186044416.0,5.763596659531448e+17,1409961052475271.8,562902641672192.0,1409961052475271.8,0.0,2251269116788736.0,841955056212107.2,0.01247707233723361,408.7520577744212,0.01247707233723361,408.7770119190956
attention,llama_3_1_8b,32x512,512,131072,1000,75497472,75497472,75497472,2359296,2359296,0.5,17592186044416.0,5.76324481581056e+17,0.0,17592186044416.0,17592186044416.0,5.763596659531448e+17,1409961589346183.8,562902641672192.0,1409961589346183.8,0.0,2251269116788736.0,841955056212107.2,0.012477067586340214,408.7519021339473,0.012477067586340214,408.77685626911995
attention,llama_3_1_8b,32x512,512,131072,1000,77594624,77594624,77594624,2424832,2424832,0.5,17592186044416.0,5.76324481581056e+17,0.0,17592186044416.0,17592186044416.0,5.763596659531448e+17,1409962126217095.8,562902641672192.0,1409962126217095.8,0.0,2251269116788736.0,841955056212107.2,0.012477062835450435,408.7517464935918,0.012477062835450435,408.7767006192628
attention,llama_3_1_8b,32x512,512,131072,1000,79691776,79691776,79691776,2490368,2490368,0.5,17592186044416.0,5.76324481581056e+17,0.0,17592186044416.0,17592186044416.0,5.763596659531448e+17,1409962663088007.8,562902641672192.0,1409962663088007.8,0.0,2251269116788736.0,841955056212107.2,0.012477058084564271,408.75159085335486,0.012477058084564271,408.77654496952397
attention,llama_3_1_8b,32x512,512,131072,1000,81788928,81788928,81788928,2555904,2555904,0.5,17592186044416.0,5.76324481581056e+17,0.0,17592186044416.0,17592186044416.0,5.763596659531448e+17,1409963199958919.8,562902641672192.0,1409963199958919.8,0.0,2251269116788736.0,841955056212107.2,0.01247705333368173,408.7514352132365,0.01247705333368173,408.77638931990384
attention,llama_3_1_8b,32x512,512,131072,1000,83886080,83886080,83886080,2621440,2621440,0.5,17592186044416.0,5.76324481581056e+17,0.0,17592186044416.0,17592186044416.0,5.763596659531448e+17,1409963736829831.8,562902641672192.0,1409963736829831.8,0.0,2251269116788736.0,841955056212107.2,0.012477048582802805,408.7512795732366,0.012477048582802805,408.77623367040223
proj/ffn,llama_3_1_8b,32x512,512,131072,1000,10485760,10485760,10485760,327680,327680,0.5,203030570467328.0,1938093018185728.0,2.799277475902259e+16,2.819470694141133e+16,5.618748170043392e+16,5.832860528908698e+16,30743551819776.0,30743375904768.0,30743551819776.0,0.0,110135573989888.0,79392022170112.0,6.604005017296902,63.04063465233826,1827.6184232002413,1897.2630628698764
proj/ffn,llama_3_1_8b,32x512,512,131072,1000,12582912,12582912,12582912,393216,393216,0.5,200848718692352.0,1937837859799040.0,2.733635237131059e+16,2.753828455369933e+16,5.487463692500992e+16,5.701332350350131e+16,30743610458112.0,30743375904768.0,30743610458112.0,0.0,107571424037888.0,76827813579776.0,6.533023145281107,63.03221485450882,1784.9119250250815,1854.4771630248713
proj/ffn,llama_3_1_8b,32x512,512,131072,1000,14680064,14680064,14680064,458752,458752,0.5,171126522118144.0,1937657718505472.0,2.667992998359859e+16,2.688186216598733e+16,5.356179214958592e+16,5.567057639020954e+16,30743669096448.0,30743375904768.0,30743669096448.0,0.0,105007274085888.0,74775175859712.0,5.566236143815225,63.026235171433754,1742.20558976073,1810.798061075979
proj/ffn,llama_3_1_8b,32x512,512,131072,1000,16777216,16777216,16777216,524288,524288,0.5,170576766304256.0,1937507831775232.0,2.602350759588659e+16,2.622543977827533e+16,5.224894737416192e+16,5.435703197224141e+16,30743375904768.0,30743375904768.0,30743375904768.0,0.0,102679884206080.0,72748257120256.0,5.548407137610454,63.021960820989186,1699.5188666335962,1768.089234592196
proj/ffn,llama_3_1_8b,32x512,512,131072,1000,18874368,18874368,18874368,589824,589824,0.5,170060833619968.0,1937402766557184.0,2.5504541341515776e+16,2.570647352390451e+16,5.121101486542029e+16,5.331847846559744e+16,30743786373120.0,30743375904768.0,30743786373120.0,0.0,100652672274944.0,70720634720768.0,5.531551369634031,63.01770195264887,1665.7354511868211,1734.284704509104
proj/ffn,llama_3_1_8b,32x512,512,131072,1000,20971520,20971520,20971520,655360,655360,0.5,169959364231168.0,1937327543025664.0,2.498557508714496e+16,2.5187507269533696e+16,5.017308235667866e+16,5.228036926393549e+16,30743845011456.0,30743375904768.0,30743845011456.0,0.0,98625460343808.0,68693364151296.0,5.52824034104506,63.01513497429364,1631.9716137647322,1700.5149890800708
proj/ffn,llama_3_1_8b,32x512,512,131072,1000,23068672,23068672,23068672,720896,720896,0.5,169494166241280.0,1937252614406144.0,2.4466608832774144e+16,2.466854101516288e+16,4.913514984793702e+16,5.124189662858445e+16,30743551819776.0,30743375904768.0,30743551819776.0,0.0,96598248412672.0,66666445411840.0,5.513161499194498,63.013298715862526,1598.2261950725713,1666.7526552876284
proj/ffn,llama_3_1_8b,32x512,512,131072,1000,25165824,25165824,25165824,786432,786432,0.5,169409608417280.0,1937192636121088.0,2.394764257840333e+16,2.4149574760792064e+16,4.809721733919539e+16,5.020381958373376e+16,30743610458112.0,30743375904768.0,30743610458112.0,0.0,94571036481536.0,64639174842368.0,5.510400564309116,63.01122760973381,1564.4622288175158,1632.983856991559
proj/ffn,llama_3_1_8b,32x512,512,131072,1000,27262976,27262976,27262976,851968,851968,0.5,168995145121792.0,1937147519696896.0,2.342867632403251e+16,2.363060850642125e+16,4.705928483045376e+16,4.916542749527245e+16,30744020926464.0,30743375904768.0,30744020926464.0,0.0,92543824550400.0,62611552442880.0,5.496845891629077,63.008918850605774,1530.680874275161,1599.1866390173957
proj/ffn,llama_3_1_8b,32x512,512,131072,1000,29360128,29360128,29360128,917504,917504,0.5,168927498862592.0,1937102580219904.0,2.2909710069661696e+16,2.311164225205043e+16,4.602135232171213e+16,4.812738240079462e+16,30744079564800.0,30743375904768.0,30744079564800.0,0.0,90516612619264.0,60584281873408.0,5.4946351054855835,63.007336945541944,1496.9175520350796,1565.4195240861072
proj/ffn,llama_3_1_8b,32x512,512,131072,1000,31457280,31457280,31457280,983040,983040,0.5,168859852603392.0,1937072384638976.0,2.239074381529088e+16,2.2592675997679616e+16,4.49834198129705e+16,4.708935205021286e+16,30744138203136.0,30743375904768.0,30744138203136.0,0.0,88489400688128.0,58557011303936.0,5.4924243277753595,63.006234614226024,1463.1543585886575,1531.6530175306589
proj/ffn,llama_3_1_8b,32x512,512,131072,1000,33554432,33554432,33554432,1048576,1048576,0.5,168513035567104.0,1937027769565184.0,2.1871777560920064e+16,2.20737097433088e+16,4.394548730422886e+16,4.605102810936115e+16,30743375904768.0,30743375904768.0,30743375904768.0,0.0,86462188756992.0,56530561671168.0,5.481279482419146,63.00634567802197,1429.4294628005816,1497.9170879610226
proj/ffn,llama_3_1_8b,32x512,512,131072,1000,35651584,35651584,35651584,1114112,1114112,0.5,168462300872704.0,1937012347371520.0,2.135281130654925e+16,2.1554743488937984e+16,4.290755479548723e+16,4.501302944373146e+16,30743493181440.0,30743375904768.0,30743493181440.0,0.0,84434976825856.0,54503232463360.0,5.479608315115132,63.005603687901804,1395.662963289765,1464.1481752927818
proj/ffn,llama_3_1_8b,32x512,512,131072,1000,37748736,37748736,37748736,1179648,1179648,0.5,168411566178304.0,1936982505684992.0,2.083384505217843e+16,2.103577723456717e+16,4.18696222867456e+16,4.39750163586089e+16,30744314118144.0,30743375904768.0,30744314118144.0,0.0,82407764894720.0,52475199595520.0,5.477811784355748,63.00295066728668,1361.8655510039791,1430.3463134556218
proj/ffn,llama_3_1_8b,32x512,512,131072,1000,39845888,39845888,39845888,1245184,1245184,0.5,168360831483904.0,1936952781963264.0,2.0314878797807616e+16,2.051681098019635e+16,4.083168977800397e+16,4.293700339145114e+16,30744314118144.0,30743375904768.0,30744314118144.0,0.0,80380552963584.0,50447987664384.0,5.476161570459122,63.0019838634213,1328.1054058027212,1396.5835512366016
proj/ffn,llama_3_1_8b,32x512,512,131072,1000,41943040,41943040,41943040,1310720,1310720,0.5,168310096789504.0,1936937595699200.0,1.97959125434368e+16,1.9997844725825536e+16,3.979375726926234e+16,4.189900496175104e+16,30743845011456.0,30743375904768.0,30743845011456.0,0.0,78353341032448.0,48421244839936.0,5.474594889701891,63.00245122161668,1294.3650104414098,1362.8420565527285
proj/ffn,llama_3_1_8b,32x512,512,131072,1000,44040192,44040192,44040192,1376256,1376256,0.5,168064749142016.0,1936922468417536.0,1.9276946289065984e+16,1.947887847145472e+16,3.87558247605207e+16,4.086081197808026e+16,30744490033152.0,30743375904768.0,30744490033152.0,0.0,76326129101312.0,46393387887104.0,5.466499817066102,63.00063739320245,1260.5779025357074,1329.0450397459758
proj/ffn,llama_3_1_8b,32x512,512,131072,1000,46137344,46137344,46137344,1441792,1441792,0.5,168030926012416.0,1936907400118272.0,1.875798003469517e+16,1.8959912217083904e+16,3.771789225177907e+16,3.982283057790976e+16,30744196841472.0,30743375904768.0,30744196841472.0,0.0,74298917170176.0,44366469147648.0,5.465451801484461,63.00074807956944,1226.8296500398408,1295.2958499208949
proj/ffn,llama_3_1_8b,32x512,512,131072,1000,48234496,48234496,48234496,1507328,1507328,0.5,167997102882816.0,1936892390801408.0,1.823901378032435e+16,1.844094596271309e+16,3.667995974303744e+16,3.878484923672166e+16,30744490033152.0,30743375904768.0,30744490033152.0,0.0,72271705239040.0,42338964024832.0,5.464299544460276,62.99965908404541,1193.0579984733909,1261.5219571018965
proj/ffn,llama_3_1_8b,32x512,512,131072,1000,50331648,50331648,50331648,1572864,1572864,0.5,167963279753216.0,1936877440466944.0,1.7720047525953536e+16,1.7921979708342272e+16,3.564202723429581e+16,3.774686795451597e+16,30744314118144.0,30743375904768.0,30744314118144.0,0.0,70244493307904.0,40311928008704.0,5.463230667881159,62.999533280330375,1159.3046797964305,1227.7674437446422
proj/ffn,llama_3_1_8b,32x512,512,131072,1000,52428800,52428800,52428800,1638400,1638400,0.5,167929456623616.0,1936862549114880.0,1.720108127158272e+16,1.7403013453971456e+16,3.4604094725554176e+16,3.670888673129267e+16,30743845011456.0,30743375904768.0,30743845011456.0,0.0,68217281376768.0,39614846661120.0,5.462213869509194,63.00001019368761,1125.561708779749,1194.023932842946
proj/ffn,llama_3_1_8b,32x512,512,131072,1000,54525952,54525952,54525952,1703936,1703936,0.5,167895633494016.0,1936847716745216.0,1.6682115017211904e+16,1.688404719960064e+16,3.3566162216812544e+16,3.5670905567051776e+16,30744783224832.0,30743375904768.0,30744783224832.0,0.0,66190069445632.0,39068560897024.0,5.460947057789295,62.99760523862986,1091.7677308487823,1160.2262831452017
proj/ffn,llama_3_1_8b,32x512,512,131072,1000,56623104,56623104,56623104,1769472,1769472,0.5,167861810364416.0,1936832943357952.0,1.6163148762841088e+16,1.6365080945229824e+16,3.252822970807091e+16,3.463292446179328e+16,30744314118144.0,30743375904768.0,30744314118144.0,0.0,64162857514496.0,38523682452992.0,5.459930240087907,62.998085952254655,1058.0242441926562,1126.4822603849984
proj/ffn,llama_3_1_8b,32x512,512,131072,1000,58720256,58720256,58720256,1835008,1835008,0.5,167827987234816.0,1936832412516352.0,1.5644182508470272e+16,1.5846114690859008e+16,3.149029719932928e+16,3.359495759908045e+16,30744079564800.0,30743375904768.0,30744079564800.0,0.0,62135645583360.0,37978569455616.0,5.458871744105434,62.99854931204059,1024.2719133274575,1092.7293343836036
proj/ffn,llama_3_1_8b,32x512,512,131072,1000,60817408,60817408,60817408,1900544,1900544,0.5,167794164105216.0,1936817727602688.0,1.5125216254099456e+16,1.5327148436488192e+16,3.045236469058765e+16,3.255697658229555e+16,30744255479808.0,30743375904768.0,30744255479808.0,0.0,60108433652224.0,37433045989888.0,5.457740364388355,62.99771119436403,990.505842972452,1058.9612945312044
proj/ffn,llama_3_1_8b,32x512,512,131072,1000,62914560,62914560,62914560,1966080,1966080,0.5,167760340975616.0,1936817226252288.0,1.460624999972864e+16,1.4808182182117376e+16,2.9414432181846016e+16,3.151900974907392e+16,30745017778176.0,30743375904768.0,30745017778176.0,0.0,58081221721088.0,36886936140800.0,5.456504926619322,62.996132909284434,956.7219116303623,1025.174549466266
proj/ffn,llama_3_1_8b,32x512,512,131072,1000,65011712,65011712,65011712,2031616,2031616,0.5,167726517846016.0,1936802629812224.0,1.4087283745357824e+16,1.428921592774656e+16,2.8376499673104384e+16,3.0481028820762624e+16,30744724586496.0,30743375904768.0,30744724586496.0,0.0,57345620540928.0,36341881781760.0,5.45545683371275,62.99625889844288,922.9713407668055,991.4230564989612
proj/ffn,llama_3_1_8b,32x512,512,131072,1000,67108864,67108864,67108864,2097152,2097152,0.5,167684108976128.0,1936788092354560.0,1.3568317490987008e+16,1.3770249673375744e+16,2.733856716436275e+16,2.944303936569344e+16,30743375904768.0,30743375904768.0,30743375904768.0,0.0,56800272990208.0,35797882912768.0,5.454316711852123,62.99854961777906,889.2506551345523,957.7035214641835
proj/ffn,llama_3_1_8b,32x512,512,131072,1000,69206016,69206016,69206016,2162688,2162688,0.5,167684108845056.0,1936787649986560.0,1.3428708518002688e+16,1.3630640700391424e+16,2.705934921839411e+16,2.916382097722573e+16,30744841863168.0,30743375904768.0,30744841863168.0,0.0,56254925439488.0,35251069403648.0,5.454056637901911,62.995531367712495,880.1264725583426,948.576060563957
proj/ffn,llama_3_1_8b,32x512,512,131072,1000,71303168,71303168,71303168,2228224,2228224,0.5,167684108713984.0,1936787207618560.0,1.3289099545018368e+16,1.3491031727407104e+16,2.678013127242547e+16,2.8884602588758016e+16,30743493181440.0,30743375904768.0,30743493181440.0,0.0,55709577888768.0,34707070534656.0,5.454295896837635,62.99828052030887,871.0829024657735,939.53547888292
proj/ffn,llama_3_1_8b,32x512,512,131072,1000,73400320,73400320,73400320,2293760,2293760,0.5,167684108582912.0,1936772788125696.0,1.3149490572034048e+16,1.3351422754422784e+16,2.650091332645683e+16,2.860537022316544e+16,30745310969856.0,30743375904768.0,30745310969856.0,0.0,55164230338048.0,34159905195520.0,5.4539734123137205,62.994086806426836,861.9497572309302,930.3978174496707
proj/ffn,llama_3_1_8b,32x512,512,131072,1000,75497472,75497472,75497472,2359296,2359296,0.5,167684108451840.0,1936772375248896.0,1.3009881599049728e+16,1.3211813781438464e+16,2.622169538048819e+16,2.832615186418893e+16,30744314118144.0,30743375904768.0,30744314118144.0,0.0,54618882787328.0,33615554496512.0,5.454150247342154,62.99611589337407,852.8957673189154,921.3460334596316
proj/ffn,llama_3_1_8b,32x512,512,131072,1000,77594624,77594624,77594624,2424832,2424832,0.5,167684108320768.0,1936758044229632.0,1.2870272626065408e+16,1.3072204808454144e+16,2.594247743451955e+16,2.804691958706995e+16,30744665948160.0,30743375904768.0,30744665948160.0,0.0,54073535236608.0,33069855115776.0,5.454087827901851,62.99492886002694,843.804173324321,912.2531900122499
proj/ffn,llama_3_1_8b,32x512,512,131072,1000,79691776,79691776,79691776,2490368,2490368,0.5,167684108189696.0,1936757660844032.0,1.2730663653081088e+16,1.2932595835469824e+16,2.566325948855091e+16,2.776770125758464e+16,30744314118144.0,30743375904768.0,30744314118144.0,0.0,53528187685888.0,32524859395072.0,5.45415023881557,62.9956372876453,834.7318918851904,903.1816794116513
proj/ffn,llama_3_1_8b,32x512,512,131072,1000,81788928,81788928,81788928,2555904,2555904,0.5,167684108058624.0,1936757277458432.0,1.2591054680096768e+16,1.2792986862485504e+16,2.538404154258227e+16,2.748848292809933e+16,30745545523200.0,30743375904768.0,30745545523200.0,0.0,52982840135168.0,31978280439296.0,5.453931787682635,62.99310174857662,825.6168856534994,894.0639191897585
proj/ffn,llama_3_1_8b,32x512,512,131072,1000,83886080,83886080,83886080,2621440,2621440,0.5,167684107927552.0,1936743064403968.0,1.2451445707112448e+16,1.2653377889501184e+16,2.510482359661363e+16,2.720925076894515e+16,30743845011456.0,30743375904768.0,30743845011456.0,0.0,52437492584448.0,31434633400320.0,5.4542334527469905,62.99612373410952,816.5804761004645,885.030833287321
